dimension0,dimension1,dimension2,dimension3,dimension4,dimension5,dimension6,dimension7,dimension8,dimension9,dimension10,dimension11
7.4,0.7,0,1.9,0.076,11,34,0.9978,3.51,0.56,9.4,5,0
7.8,0.88,0,2.6,0.098,25,67,0.9968,3.2,0.68,9.8,5,0
7.8,0.76,0.04,2.3,0.092,15,54,0.997,3.26,0.65,9.8,5,0
11.2,0.28,0.56,1.9,0.075,17,60,0.998,3.16,0.58,9.8,6,0
7.4,0.7,0,1.9,0.076,11,34,0.9978,3.51,0.56,9.4,5,0
7.4,0.66,0,1.8,0.075,13,40,0.9978,3.51,0.56,9.4,5,0
7.9,0.6,0.06,1.6,0.069,15,59,0.9964,3.3,0.46,9.4,5,0
7.3,0.65,0,1.2,0.065,15,21,0.9946,3.39,0.47,10,7,2
7.8,0.58,0.02,2,0.073,9,18,0.9968,3.36,0.57,9.5,7,2
7.5,0.5,0.36,6.1,0.071,17,102,0.9978,3.35,0.8,10.5,5,1
6.7,0.58,0.08,1.8,0.097,15,65,0.9959,3.28,0.54,9.2,5,0
7.5,0.5,0.36,6.1,0.071,17,102,0.9978,3.35,0.8,10.5,5,1
5.6,0.615,0,1.6,0.089,16,59,0.9943,3.58,0.52,9.9,5,0
7.8,0.61,0.29,1.6,0.114,9,29,0.9974,3.26,1.56,9.1,5,2
8.9,0.62,0.18,3.8,0.176,52,145,0.9986,3.16,0.88,9.2,5,3
8.9,0.62,0.19,3.9,0.17,51,148,0.9986,3.17,0.93,9.2,5,3
8.5,0.28,0.56,1.8,0.092,35,103,0.9969,3.3,0.75,10.5,7,1
8.1,0.56,0.28,1.7,0.368,16,56,0.9968,3.11,1.28,9.3,5,0
7.4,0.59,0.08,4.4,0.086,6,29,0.9974,3.38,0.5,9,4,2
7.9,0.32,0.51,1.8,0.341,17,56,0.9969,3.04,1.08,9.2,6,0
8.9,0.22,0.48,1.8,0.077,29,60,0.9968,3.39,0.53,9.4,6,0
7.6,0.39,0.31,2.3,0.082,23,71,0.9982,3.52,0.65,9.7,5,0
7.9,0.43,0.21,1.6,0.106,10,37,0.9966,3.17,0.91,9.5,5,0
8.5,0.49,0.11,2.3,0.084,9,67,0.9968,3.17,0.53,9.4,5,0
6.9,0.4,0.14,2.4,0.085,21,40,0.9968,3.43,0.63,9.7,6,0
6.3,0.39,0.16,1.4,0.08,11,23,0.9955,3.34,0.56,9.3,5,2
7.6,0.41,0.24,1.8,0.08,4,11,0.9962,3.28,0.59,9.5,5,4
7.9,0.43,0.21,1.6,0.106,10,37,0.9966,3.17,0.91,9.5,5,0
7.1,0.71,0,1.9,0.08,14,35,0.9972,3.47,0.55,9.4,5,0
7.8,0.645,0,2,0.082,8,16,0.9964,3.38,0.59,9.8,6,2
6.7,0.675,0.07,2.4,0.089,17,82,0.9958,3.35,0.54,10.1,5,1
6.9,0.685,0,2.5,0.105,22,37,0.9966,3.46,0.57,10.6,6,0
8.3,0.655,0.12,2.3,0.083,15,113,0.9966,3.17,0.66,9.8,5,1
6.9,0.605,0.12,10.7,0.073,40,83,0.9993,3.45,0.52,9.4,6,1
5.2,0.32,0.25,1.8,0.103,13,50,0.9957,3.38,0.55,9.2,5,0
7.8,0.645,0,5.5,0.086,5,18,0.9986,3.4,0.55,9.6,6,2
7.8,0.6,0.14,2.4,0.086,3,15,0.9975,3.42,0.6,10.8,6,4
8.1,0.38,0.28,2.1,0.066,13,30,0.9968,3.23,0.73,9.7,7,2
5.7,1.13,0.09,1.5,0.172,7,19,0.994,3.5,0.48,9.8,4,2
7.3,0.45,0.36,5.9,0.074,12,87,0.9978,3.33,0.83,10.5,5,1
7.3,0.45,0.36,5.9,0.074,12,87,0.9978,3.33,0.83,10.5,5,1
8.8,0.61,0.3,2.8,0.088,17,46,0.9976,3.26,0.51,9.3,4,0
7.5,0.49,0.2,2.6,0.332,8,14,0.9968,3.21,0.9,10.5,6,4
8.1,0.66,0.22,2.2,0.069,9,23,0.9968,3.3,1.2,10.3,5,2
6.8,0.67,0.02,1.8,0.05,5,11,0.9962,3.48,0.52,9.5,5,4
4.6,0.52,0.15,2.1,0.054,8,65,0.9934,3.9,0.56,13.1,4,0
7.7,0.935,0.43,2.2,0.114,22,114,0.997,3.25,0.73,9.2,5,1
8.7,0.29,0.52,1.6,0.113,12,37,0.9969,3.25,0.58,9.5,5,0
6.4,0.4,0.23,1.6,0.066,5,12,0.9958,3.34,0.56,9.2,5,4
5.6,0.31,0.37,1.4,0.074,12,96,0.9954,3.32,0.58,9.2,5,1
8.8,0.66,0.26,1.7,0.074,4,23,0.9971,3.15,0.74,9.2,5,2
6.6,0.52,0.04,2.2,0.069,8,15,0.9956,3.4,0.63,9.4,6,4
6.6,0.5,0.04,2.1,0.068,6,14,0.9955,3.39,0.64,9.4,6,4
8.6,0.38,0.36,3,0.081,30,119,0.997,3.2,0.56,9.4,5,1
7.6,0.51,0.15,2.8,0.11,33,73,0.9955,3.17,0.63,10.2,6,0
7.7,0.62,0.04,3.8,0.084,25,45,0.9978,3.34,0.53,9.5,5,0
10.2,0.42,0.57,3.4,0.07,4,10,0.9971,3.04,0.63,9.6,5,4
7.5,0.63,0.12,5.1,0.111,50,110,0.9983,3.26,0.77,9.4,5,1
7.8,0.59,0.18,2.3,0.076,17,54,0.9975,3.43,0.59,10,5,0
7.3,0.39,0.31,2.4,0.074,9,46,0.9962,3.41,0.54,9.4,6,0
8.8,0.4,0.4,2.2,0.079,19,52,0.998,3.44,0.64,9.2,5,0
7.7,0.69,0.49,1.8,0.115,20,112,0.9968,3.21,0.71,9.3,5,1
7.5,0.52,0.16,1.9,0.085,12,35,0.9968,3.38,0.62,9.5,7,0
7,0.735,0.05,2,0.081,13,54,0.9966,3.39,0.57,9.8,5,0
7.2,0.725,0.05,4.65,0.086,4,11,0.9962,3.41,0.39,10.9,5,4
7.2,0.725,0.05,4.65,0.086,4,11,0.9962,3.41,0.39,10.9,5,4
7.5,0.52,0.11,1.5,0.079,11,39,0.9968,3.42,0.58,9.6,5,0
6.6,0.705,0.07,1.6,0.076,6,15,0.9962,3.44,0.58,10.7,5,4
9.3,0.32,0.57,2,0.074,27,65,0.9969,3.28,0.79,10.7,5,0
8,0.705,0.05,1.9,0.074,8,19,0.9962,3.34,0.95,10.5,6,2
7.7,0.63,0.08,1.9,0.076,15,27,0.9967,3.32,0.54,9.5,6,2
7.7,0.67,0.23,2.1,0.088,17,96,0.9962,3.32,0.48,9.5,5,1
7.7,0.69,0.22,1.9,0.084,18,94,0.9961,3.31,0.48,9.5,5,1
8.3,0.675,0.26,2.1,0.084,11,43,0.9976,3.31,0.53,9.2,4,0
7.99512,0.562545,0.284544,3.17238,0.0880744,25.8939,103.695,0.996913,3.28871,0.655824,10.0905,5.41094,1
8.8,0.41,0.64,2.2,0.093,9,42,0.9986,3.54,0.66,10.5,5,0
8.8,0.41,0.64,2.2,0.093,9,42,0.9986,3.54,0.66,10.5,5,0
6.8,0.785,0,2.4,0.104,14,30,0.9966,3.52,0.55,10.7,6,2
6.7,0.75,0.12,2,0.086,12,80,0.9958,3.38,0.52,10.1,5,1
8.3,0.625,0.2,1.5,0.08,27,119,0.9972,3.16,1.12,9.1,4,1
6.2,0.45,0.2,1.6,0.069,3,15,0.9958,3.41,0.56,9.2,5,4
7.8,0.43,0.7,1.9,0.464,22,67,0.9974,3.13,1.28,9.4,5,0
7.4,0.5,0.47,2,0.086,21,73,0.997,3.36,0.57,9.1,5,0
7.3,0.67,0.26,1.8,0.401,16,51,0.9969,3.16,1.14,9.4,5,0
6.3,0.3,0.48,1.8,0.069,18,61,0.9959,3.44,0.78,10.3,6,0
6.9,0.55,0.15,2.2,0.076,19,40,0.9961,3.41,0.59,10.1,5,0
8.6,0.49,0.28,1.9,0.11,20,136,0.9972,2.93,1.95,9.9,6,3
7.7,0.49,0.26,1.9,0.062,9,31,0.9966,3.39,0.64,9.6,5,2
9.3,0.39,0.44,2.1,0.107,34,125,0.9978,3.14,1.22,9.5,5,3
7,0.62,0.08,1.8,0.076,8,24,0.9978,3.48,0.53,9,5,2
7.9,0.52,0.26,1.9,0.079,42,140,0.9964,3.23,0.54,9.5,5,3
8.6,0.49,0.28,1.9,0.11,20,136,0.9972,2.93,1.95,9.9,6,3
8.6,0.49,0.29,2,0.11,19,133,0.9972,2.93,1.98,9.8,5,3
7.7,0.49,0.26,1.9,0.062,9,31,0.9966,3.39,0.64,9.6,5,2
5,1.02,0.04,1.4,0.045,41,85,0.9938,3.75,0.48,10.5,4,1
4.7,0.6,0.17,2.3,0.058,17,106,0.9932,3.85,0.6,12.9,6,1
6.8,0.775,0,3,0.102,8,23,0.9965,3.45,0.56,10.7,5,2
7,0.5,0.25,2,0.07,3,22,0.9963,3.25,0.63,9.2,5,2
7.6,0.9,0.06,2.5,0.079,5,10,0.9967,3.39,0.56,9.8,5,4
8.1,0.545,0.18,1.9,0.08,13,35,0.9972,3.3,0.59,9,6,0
8.3,0.61,0.3,2.1,0.084,11,50,0.9972,3.4,0.61,10.2,6,0
7.8,0.5,0.3,1.9,0.075,8,22,0.9959,3.31,0.56,10.4,6,2
8.1,0.545,0.18,1.9,0.08,13,35,0.9972,3.3,0.59,9,6,0
8.1,0.575,0.22,2.1,0.077,12,65,0.9967,3.29,0.51,9.2,5,0
7.2,0.49,0.24,2.2,0.07,5,36,0.996,3.33,0.48,9.4,5,0
8.1,0.575,0.22,2.1,0.077,12,65,0.9967,3.29,0.51,9.2,5,0
7.8,0.41,0.68,1.7,0.467,18,69,0.9973,3.08,1.31,9.3,5,0
6.2,0.63,0.31,1.7,0.088,15,64,0.9969,3.46,0.79,9.3,5,0
8,0.33,0.53,2.5,0.091,18,80,0.9976,3.37,0.8,9.6,6,1
8.1,0.785,0.52,2,0.122,37,153,0.9969,3.21,0.69,9.3,5,3
7.8,0.56,0.19,1.8,0.104,12,47,0.9964,3.19,0.93,9.5,5,0
8.4,0.62,0.09,2.2,0.084,11,108,0.9964,3.15,0.66,9.8,5,1
8.4,0.6,0.1,2.2,0.085,14,111,0.9964,3.15,0.66,9.8,5,1
10.1,0.31,0.44,2.3,0.08,22,46,0.9988,3.32,0.67,9.7,6,0
7.8,0.56,0.19,1.8,0.104,12,47,0.9964,3.19,0.93,9.5,5,0
9.4,0.4,0.31,2.2,0.09,13,62,0.9966,3.07,0.63,10.5,6,0
8.3,0.54,0.28,1.9,0.077,11,40,0.9978,3.39,0.61,10,6,0
7.8,0.56,0.12,2,0.082,7,28,0.997,3.37,0.5,9.4,6,2
8.8,0.55,0.04,2.2,0.119,14,56,0.9962,3.21,0.6,10.9,6,0
7,0.69,0.08,1.8,0.097,22,89,0.9959,3.34,0.54,9.2,6,1
7.3,1.07,0.09,1.7,0.178,10,89,0.9962,3.3,0.57,9,5,1
8.8,0.55,0.04,2.2,0.119,14,56,0.9962,3.21,0.6,10.9,6,0
7.3,0.695,0,2.5,0.075,3,13,0.998,3.49,0.52,9.2,5,4
8,0.71,0,2.6,0.08,11,34,0.9976,3.44,0.53,9.5,5,0
7.8,0.5,0.17,1.6,0.082,21,102,0.996,3.39,0.48,9.5,5,1
9,0.62,0.04,1.9,0.146,27,90,0.9984,3.16,0.7,9.4,5,1
8.2,1.33,0,1.7,0.081,3,12,0.9964,3.53,0.49,10.9,5,4
8.1,1.33,0,1.8,0.082,3,12,0.9964,3.54,0.48,10.9,5,4
8,0.59,0.16,1.8,0.065,3,16,0.9962,3.42,0.92,10.5,7,4
6.1,0.38,0.15,1.8,0.072,6,19,0.9955,3.42,0.57,9.4,5,2
8,0.745,0.56,2,0.118,30,134,0.9968,3.24,0.66,9.4,5,3
5.6,0.5,0.09,2.3,0.049,17,99,0.9937,3.63,0.63,13,5,1
5.6,0.5,0.09,2.3,0.049,17,99,0.9937,3.63,0.63,13,5,1
6.6,0.5,0.01,1.5,0.06,17,26,0.9952,3.4,0.58,9.8,6,2
7.9,1.04,0.05,2.2,0.084,13,29,0.9959,3.22,0.55,9.9,6,2
8.4,0.745,0.11,1.9,0.09,16,63,0.9965,3.19,0.82,9.6,5,0
8.3,0.715,0.15,1.8,0.089,10,52,0.9968,3.23,0.77,9.5,5,0
7.2,0.415,0.36,2,0.081,13,45,0.9972,3.48,0.64,9.2,5,0
7.8,0.56,0.19,2.1,0.081,15,105,0.9962,3.33,0.54,9.5,5,1
7.8,0.56,0.19,2,0.081,17,108,0.9962,3.32,0.54,9.5,5,1
8.4,0.745,0.11,1.9,0.09,16,63,0.9965,3.19,0.82,9.6,5,0
8.3,0.715,0.15,1.8,0.089,10,52,0.9968,3.23,0.77,9.5,5,0
5.2,0.34,0,1.8,0.05,27,63,0.9916,3.68,0.79,14,6,0
6.3,0.39,0.08,1.7,0.066,3,20,0.9954,3.34,0.58,9.4,5,2
5.2,0.34,0,1.8,0.05,27,63,0.9916,3.68,0.79,14,6,0
8.1,0.67,0.55,1.8,0.117,32,141,0.9968,3.17,0.62,9.4,5,3
5.8,0.68,0.02,1.8,0.087,21,94,0.9944,3.54,0.52,10,5,1
7.6,0.49,0.26,1.6,0.236,10,88,0.9968,3.11,0.8,9.3,5,1
6.9,0.49,0.1,2.3,0.074,12,30,0.9959,3.42,0.58,10.2,6,2
8.2,0.4,0.44,2.8,0.089,11,43,0.9975,3.53,0.61,10.5,6,0
7.3,0.33,0.47,2.1,0.077,5,11,0.9958,3.33,0.53,10.3,6,4
9.2,0.52,1,3.4,0.61,32,69,0.9996,2.74,2,9.4,4,0
7.5,0.6,0.03,1.8,0.095,25,99,0.995,3.35,0.54,10.1,5,1
7.5,0.6,0.03,1.8,0.095,25,99,0.995,3.35,0.54,10.1,5,1
7.1,0.43,0.42,5.5,0.07,29,129,0.9973,3.42,0.72,10.5,5,3
7.1,0.43,0.42,5.5,0.071,28,128,0.9973,3.42,0.71,10.5,5,3
7.1,0.43,0.42,5.5,0.07,29,129,0.9973,3.42,0.72,10.5,5,3
7.1,0.43,0.42,5.5,0.071,28,128,0.9973,3.42,0.71,10.5,5,3
7.1,0.68,0,2.2,0.073,12,22,0.9969,3.48,0.5,9.3,5,2
6.8,0.6,0.18,1.9,0.079,18,86,0.9968,3.59,0.57,9.3,6,1
7.6,0.95,0.03,2,0.09,7,20,0.9959,3.2,0.56,9.6,5,2
7.6,0.68,0.02,1.3,0.072,9,20,0.9965,3.17,1.08,9.2,4,2
7.8,0.53,0.04,1.7,0.076,17,31,0.9964,3.33,0.56,10,6,2
7.4,0.6,0.26,7.3,0.07,36,121,0.9982,3.37,0.49,9.4,5,1
7.3,0.59,0.26,7.2,0.07,35,121,0.9981,3.37,0.49,9.4,5,1
7.8,0.63,0.48,1.7,0.1,14,96,0.9961,3.19,0.62,9.5,5,1
6.8,0.64,0.1,2.1,0.085,18,101,0.9956,3.34,0.52,10.2,5,1
7.3,0.55,0.03,1.6,0.072,17,42,0.9956,3.37,0.48,9,4,0
6.8,0.63,0.07,2.1,0.089,11,44,0.9953,3.47,0.55,10.4,6,0
7.5,0.705,0.24,1.8,0.36,15,63,0.9964,3,1.59,9.5,5,0
7.9,0.885,0.03,1.8,0.058,4,8,0.9972,3.36,0.33,9.1,4,4
8,0.42,0.17,2,0.073,6,18,0.9972,3.29,0.61,9.2,6,2
8,0.42,0.17,2,0.073,6,18,0.9972,3.29,0.61,9.2,6,2
7.4,0.62,0.05,1.9,0.068,24,42,0.9961,3.42,0.57,11.5,6,0
7.3,0.38,0.21,2,0.08,7,35,0.9961,3.33,0.47,9.5,5,2
6.9,0.5,0.04,1.5,0.085,19,49,0.9958,3.35,0.78,9.5,5,0
7.3,0.38,0.21,2,0.08,7,35,0.9961,3.33,0.47,9.5,5,2
7.5,0.52,0.42,2.3,0.087,8,38,0.9972,3.58,0.61,10.5,6,0
7,0.805,0,2.5,0.068,7,20,0.9969,3.48,0.56,9.6,5,2
8.8,0.61,0.14,2.4,0.067,10,42,0.9969,3.19,0.59,9.5,5,0
8.8,0.61,0.14,2.4,0.067,10,42,0.9969,3.19,0.59,9.5,5,0
8.9,0.61,0.49,2,0.27,23,110,0.9972,3.12,1.02,9.3,5,1
7.2,0.73,0.02,2.5,0.076,16,42,0.9972,3.44,0.52,9.3,5,0
6.8,0.61,0.2,1.8,0.077,11,65,0.9971,3.54,0.58,9.3,5,0
6.7,0.62,0.21,1.9,0.079,8,62,0.997,3.52,0.58,9.3,6,0
8.9,0.31,0.57,2,0.111,26,85,0.9971,3.26,0.53,9.7,5,1
7.4,0.39,0.48,2,0.082,14,67,0.9972,3.34,0.55,9.2,5,0
7.7,0.705,0.1,2.6,0.084,9,26,0.9976,3.39,0.49,9.7,5,2
7.9,0.5,0.33,2,0.084,15,143,0.9968,3.2,0.55,9.5,5,3
7.9,0.49,0.32,1.9,0.082,17,144,0.9968,3.2,0.55,9.5,5,3
8.2,0.5,0.35,2.9,0.077,21,127,0.9976,3.23,0.62,9.4,5,3
6.4,0.37,0.25,1.9,0.074,21,49,0.9974,3.57,0.62,9.8,6,0
6.8,0.63,0.12,3.8,0.099,16,126,0.9969,3.28,0.61,9.5,5,3
7.6,0.55,0.21,2.2,0.071,7,28,0.9964,3.28,0.55,9.7,5,2
7.6,0.55,0.21,2.2,0.071,7,28,0.9964,3.28,0.55,9.7,5,2
7.8,0.59,0.33,2,0.074,24,120,0.9968,3.25,0.54,9.4,5,1
7.3,0.58,0.3,2.4,0.074,15,55,0.9968,3.46,0.59,10.2,5,0
11.5,0.3,0.6,2,0.067,12,27,0.9981,3.11,0.97,10.1,6,2
5.4,0.835,0.08,1.2,0.046,13,93,0.9924,3.57,0.85,13,7,1
6.9,1.09,0.06,2.1,0.061,12,31,0.9948,3.51,0.43,11.4,4,2
9.6,0.32,0.47,1.4,0.056,9,24,0.99695,3.22,0.82,10.3,7,2
8.8,0.37,0.48,2.1,0.097,39,145,0.9975,3.04,1.03,9.3,5,3
6.8,0.5,0.11,1.5,0.075,16,49,0.99545,3.36,0.79,9.5,5,0
7,0.42,0.35,1.6,0.088,16,39,0.9961,3.34,0.55,9.2,5,0
7,0.43,0.36,1.6,0.089,14,37,0.99615,3.34,0.56,9.2,6,0
12.8,0.3,0.74,2.6,0.095,9,28,0.9994,3.2,0.77,10.8,7,2
12.8,0.3,0.74,2.6,0.095,9,28,0.9994,3.2,0.77,10.8,7,2
7.8,0.57,0.31,1.8,0.069,26,120,0.99625,3.29,0.53,9.3,5,1
7.8,0.44,0.28,2.7,0.1,18,95,0.9966,3.22,0.67,9.4,5,1
11,0.3,0.58,2.1,0.054,7,19,0.998,3.31,0.88,10.5,7,2
9.7,0.53,0.6,2,0.039,5,19,0.99585,3.3,0.86,12.4,6,2
8,0.725,0.24,2.8,0.083,10,62,0.99685,3.35,0.56,10,6,0
11.6,0.44,0.64,2.1,0.059,5,15,0.998,3.21,0.67,10.2,6,4
8.2,0.57,0.26,2.2,0.06,28,65,0.9959,3.3,0.43,10.1,5,0
7.8,0.735,0.08,2.4,0.092,10,41,0.9974,3.24,0.71,9.8,6,0
7,0.49,0.49,5.6,0.06,26,121,0.9974,3.34,0.76,10.5,5,1
8.7,0.625,0.16,2,0.101,13,49,0.9962,3.14,0.57,11,5,0
8.1,0.725,0.22,2.2,0.072,11,41,0.9967,3.36,0.55,9.1,5,0
7.5,0.49,0.19,1.9,0.076,10,44,0.9957,3.39,0.54,9.7,5,0
7.8,0.53,0.33,2.4,0.08,24,144,0.99655,3.3,0.6,9.5,5,3
7.8,0.34,0.37,2,0.082,24,58,0.9964,3.34,0.59,9.4,6,0
7.4,0.53,0.26,2,0.101,16,72,0.9957,3.15,0.57,9.4,5,0
6.8,0.61,0.04,1.5,0.057,5,10,0.99525,3.42,0.6,9.5,5,4
8.6,0.645,0.25,2,0.083,8,28,0.99815,3.28,0.6,10,6,2
8.4,0.635,0.36,2,0.089,15,55,0.99745,3.31,0.57,10.4,4,0
7.7,0.43,0.25,2.6,0.073,29,63,0.99615,3.37,0.58,10.5,6,0
8.9,0.59,0.5,2,0.337,27,81,0.9964,3.04,1.61,9.5,6,1
9,0.82,0.14,2.6,0.089,9,23,0.9984,3.39,0.63,9.8,5,2
7.7,0.43,0.25,2.6,0.073,29,63,0.99615,3.37,0.58,10.5,6,0
6.9,0.52,0.25,2.6,0.081,10,37,0.99685,3.46,0.5,11,5,0
5.2,0.48,0.04,1.6,0.054,19,106,0.9927,3.54,0.62,12.2,7,1
8,0.38,0.06,1.8,0.078,12,49,0.99625,3.37,0.52,9.9,6,0
8.5,0.37,0.2,2.8,0.09,18,58,0.998,3.34,0.7,9.6,6,0
6.9,0.52,0.25,2.6,0.081,10,37,0.99685,3.46,0.5,11,5,0
8.2,1,0.09,2.3,0.065,7,37,0.99685,3.32,0.55,9,6,0
7.2,0.63,0,1.9,0.097,14,38,0.99675,3.37,0.58,9,6,0
7.2,0.63,0,1.9,0.097,14,38,0.99675,3.37,0.58,9,6,0
7.2,0.645,0,1.9,0.097,15,39,0.99675,3.37,0.58,9.2,6,0
7.2,0.63,0,1.9,0.097,14,38,0.99675,3.37,0.58,9,6,0
8.2,1,0.09,2.3,0.065,7,37,0.99685,3.32,0.55,9,6,0
8.9,0.635,0.37,1.7,0.263,5,62,0.9971,3,1.09,9.3,5,0
12,0.38,0.56,2.1,0.093,6,24,0.99925,3.14,0.71,10.9,6,2
7.7,0.58,0.1,1.8,0.102,28,109,0.99565,3.08,0.49,9.8,6,1
15,0.21,0.44,2.2,0.075,10,24,1.00005,3.07,0.84,9.2,7,2
15,0.21,0.44,2.2,0.075,10,24,1.00005,3.07,0.84,9.2,7,2
7.3,0.66,0,2,0.084,6,23,0.9983,3.61,0.96,9.9,6,2
7.1,0.68,0.07,1.9,0.075,16,51,0.99685,3.38,0.52,9.5,5,0
8.2,0.6,0.17,2.3,0.072,11,73,0.9963,3.2,0.45,9.3,5,0
7.7,0.53,0.06,1.7,0.074,9,39,0.99615,3.35,0.48,9.8,6,0
7.3,0.66,0,2,0.084,6,23,0.9983,3.61,0.96,9.9,6,2
10.8,0.32,0.44,1.6,0.063,16,37,0.9985,3.22,0.78,10,6,0
7.1,0.6,0,1.8,0.074,16,34,0.9972,3.47,0.7,9.9,6,0
11.1,0.35,0.48,3.1,0.09,5,21,0.9986,3.17,0.53,10.5,5,2
7.7,0.775,0.42,1.9,0.092,8,86,0.9959,3.23,0.59,9.5,5,1
7.1,0.6,0,1.8,0.074,16,34,0.9972,3.47,0.7,9.9,6,0
8,0.57,0.23,3.2,0.073,17,119,0.99675,3.26,0.57,9.3,5,1
9.4,0.34,0.37,2.2,0.075,5,13,0.998,3.22,0.62,9.2,5,4
6.6,0.695,0,2.1,0.075,12,56,0.9968,3.49,0.67,9.2,5,0
7.7,0.41,0.76,1.8,0.611,8,45,0.9968,3.06,1.26,9.4,5,0
10,0.31,0.47,2.6,0.085,14,33,0.99965,3.36,0.8,10.5,7,2
7.9,0.33,0.23,1.7,0.077,18,45,0.99625,3.29,0.65,9.3,5,0
7,0.975,0.04,2,0.087,12,67,0.99565,3.35,0.6,9.4,4,0
8,0.52,0.03,1.7,0.07,10,35,0.99575,3.34,0.57,10,5,0
7.9,0.37,0.23,1.8,0.077,23,49,0.9963,3.28,0.67,9.3,5,0
12.5,0.56,0.49,2.4,0.064,5,27,0.9999,3.08,0.87,10.9,5,2
11.8,0.26,0.52,1.8,0.071,6,10,0.9968,3.2,0.72,10.2,7,4
8.1,0.87,0,3.3,0.096,26,61,1.00025,3.6,0.72,9.8,4,0
7.9,0.35,0.46,3.6,0.078,15,37,0.9973,3.35,0.86,12.8,8,0
6.9,0.54,0.04,3,0.077,7,27,0.9987,3.69,0.91,9.4,6,2
11.5,0.18,0.51,4,0.104,4,23,0.9996,3.28,0.97,10.1,6,2
7.9,0.545,0.06,4,0.087,27,61,0.9965,3.36,0.67,10.7,6,0
11.5,0.18,0.51,4,0.104,4,23,0.9996,3.28,0.97,10.1,6,2
10.9,0.37,0.58,4,0.071,17,65,0.99935,3.22,0.78,10.1,5,0
8.4,0.715,0.2,2.4,0.076,10,38,0.99735,3.31,0.64,9.4,5,0
7.5,0.65,0.18,7,0.088,27,94,0.99915,3.38,0.77,9.4,5,1
7.9,0.545,0.06,4,0.087,27,61,0.9965,3.36,0.67,10.7,6,0
6.9,0.54,0.04,3,0.077,7,27,0.9987,3.69,0.91,9.4,6,2
11.5,0.18,0.51,4,0.104,4,23,0.9996,3.28,0.97,10.1,6,2
10.3,0.32,0.45,6.4,0.073,5,13,0.9976,3.23,0.82,12.6,8,4
8.9,0.4,0.32,5.6,0.087,10,47,0.9991,3.38,0.77,10.5,7,0
11.4,0.26,0.44,3.6,0.071,6,19,0.9986,3.12,0.82,9.3,6,2
7.7,0.27,0.68,3.5,0.358,5,10,0.9972,3.25,1.08,9.9,7,4
7.6,0.52,0.12,3,0.067,12,53,0.9971,3.36,0.57,9.1,5,0
8.9,0.4,0.32,5.6,0.087,10,47,0.9991,3.38,0.77,10.5,7,0
9.9,0.59,0.07,3.4,0.102,32,71,1.00015,3.31,0.71,9.8,5,0
9.9,0.59,0.07,3.4,0.102,32,71,1.00015,3.31,0.71,9.8,5,0
12,0.45,0.55,2,0.073,25,49,0.9997,3.1,0.76,10.3,6,0
7.5,0.4,0.12,3,0.092,29,53,0.9967,3.37,0.7,10.3,6,0
8.7,0.52,0.09,2.5,0.091,20,49,0.9976,3.34,0.86,10.6,7,0
11.6,0.42,0.53,3.3,0.105,33,98,1.001,3.2,0.95,9.2,5,1
8.7,0.52,0.09,2.5,0.091,20,49,0.9976,3.34,0.86,10.6,7,0
11,0.2,0.48,2,0.343,6,18,0.9979,3.3,0.71,10.5,5,2
10.4,0.55,0.23,2.7,0.091,18,48,0.9994,3.22,0.64,10.3,6,0
6.9,0.36,0.25,2.4,0.098,5,16,0.9964,3.41,0.6,10.1,6,4
13.3,0.34,0.52,3.2,0.094,17,53,1.0014,3.05,0.81,9.5,6,0
10.8,0.5,0.46,2.5,0.073,5,27,1.0001,3.05,0.64,9.5,5,2
10.6,0.83,0.37,2.6,0.086,26,70,0.9981,3.16,0.52,9.9,5,0
7.1,0.63,0.06,2,0.083,8,29,0.99855,3.67,0.73,9.6,5,2
7.2,0.65,0.02,2.3,0.094,5,31,0.9993,3.67,0.8,9.7,5,2
6.9,0.67,0.06,2.1,0.08,8,33,0.99845,3.68,0.71,9.6,5,2
7.5,0.53,0.06,2.6,0.086,20,44,0.9965,3.38,0.59,10.7,6,0
11.1,0.18,0.48,1.5,0.068,7,15,0.9973,3.22,0.64,10.1,6,4
8.3,0.705,0.12,2.6,0.092,12,28,0.9994,3.51,0.72,10,5,2
7.4,0.67,0.12,1.6,0.186,5,21,0.996,3.39,0.54,9.5,5,2
8.4,0.65,0.6,2.1,0.112,12,90,0.9973,3.2,0.52,9.2,5,1
10.3,0.53,0.48,2.5,0.063,6,25,0.9998,3.12,0.59,9.3,6,2
7.6,0.62,0.32,2.2,0.082,7,54,0.9966,3.36,0.52,9.4,5,0
10.3,0.41,0.42,2.4,0.213,6,14,0.9994,3.19,0.62,9.5,6,4
10.3,0.43,0.44,2.4,0.214,5,12,0.9994,3.19,0.63,9.5,6,4
7.4,0.29,0.38,1.7,0.062,9,30,0.9968,3.41,0.53,9.5,6,2
10.3,0.53,0.48,2.5,0.063,6,25,0.9998,3.12,0.59,9.3,6,2
7.9,0.53,0.24,2,0.072,15,105,0.996,3.27,0.54,9.4,6,1
9,0.46,0.31,2.8,0.093,19,98,0.99815,3.32,0.63,9.5,6,1
8.6,0.47,0.3,3,0.076,30,135,0.9976,3.3,0.53,9.4,5,3
7.4,0.36,0.29,2.6,0.087,26,72,0.99645,3.39,0.68,11,5,0
7.1,0.35,0.29,2.5,0.096,20,53,0.9962,3.42,0.65,11,6,0
9.6,0.56,0.23,3.4,0.102,37,92,0.9996,3.3,0.65,10.1,5,1
9.6,0.77,0.12,2.9,0.082,30,74,0.99865,3.3,0.64,10.4,6,1
9.8,0.66,0.39,3.2,0.083,21,59,0.9989,3.37,0.71,11.5,7,0
9.6,0.77,0.12,2.9,0.082,30,74,0.99865,3.3,0.64,10.4,6,1
9.8,0.66,0.39,3.2,0.083,21,59,0.9989,3.37,0.71,11.5,7,0
9.3,0.61,0.26,3.4,0.09,25,87,0.99975,3.24,0.62,9.7,5,1
7.8,0.62,0.05,2.3,0.079,6,18,0.99735,3.29,0.63,9.3,5,2
10.3,0.59,0.42,2.8,0.09,35,73,0.999,3.28,0.7,9.5,6,1
8.32846,0.527001,0.271212,2.54772,0.0875433,16.0525,46.9112,0.996746,3.31129,0.657202,10.4217,5.6376,0
10,0.49,0.2,11,0.071,13,50,1.0015,3.16,0.69,9.2,6,0
11.6,0.53,0.66,3.65,0.121,6,14,0.9978,3.05,0.74,11.5,7,4
10.3,0.44,0.5,4.5,0.107,5,13,0.998,3.28,0.83,11.5,5,4
13.4,0.27,0.62,2.6,0.082,6,21,1.0002,3.16,0.67,9.7,6,2
10.7,0.46,0.39,2,0.061,7,15,0.9981,3.18,0.62,9.5,5,4
10.2,0.36,0.64,2.9,0.122,10,41,0.998,3.23,0.66,12.5,6,0
10.2,0.36,0.64,2.9,0.122,10,41,0.998,3.23,0.66,12.5,6,0
8,0.58,0.28,3.2,0.066,21,114,0.9973,3.22,0.54,9.4,6,1
8.4,0.56,0.08,2.1,0.105,16,44,0.9958,3.13,0.52,11,5,0
7.9,0.65,0.01,2.5,0.078,17,38,0.9963,3.34,0.74,11.7,7,0
11.9,0.695,0.53,3.4,0.128,7,21,0.9992,3.17,0.84,12.2,7,2
8.9,0.43,0.45,1.9,0.052,6,16,0.9948,3.35,0.7,12.5,6,4
7.8,0.43,0.32,2.8,0.08,29,58,0.9974,3.31,0.64,10.3,5,0
12.4,0.49,0.58,3,0.103,28,99,1.0008,3.16,1,11.5,6,1
12.5,0.28,0.54,2.3,0.082,12,29,0.9997,3.11,1.36,9.8,7,2
12.2,0.34,0.5,2.4,0.066,10,21,1,3.12,1.18,9.2,6,2
10.6,0.42,0.48,2.7,0.065,5,18,0.9972,3.21,0.87,11.3,6,2
10.9,0.39,0.47,1.8,0.118,6,14,0.9982,3.3,0.75,9.8,6,4
10.9,0.39,0.47,1.8,0.118,6,14,0.9982,3.3,0.75,9.8,6,4
11.9,0.57,0.5,2.6,0.082,6,32,1.0006,3.12,0.78,10.7,6,2
7,0.685,0,1.9,0.067,40,63,0.9979,3.6,0.81,9.9,5,0
6.6,0.815,0.02,2.7,0.072,17,34,0.9955,3.58,0.89,12.3,7,0
13.8,0.49,0.67,3,0.093,6,15,0.9986,3.02,0.93,12,6,4
9.6,0.56,0.31,2.8,0.089,15,46,0.9979,3.11,0.92,10,6,0
9.1,0.785,0,2.6,0.093,11,28,0.9994,3.36,0.86,9.4,6,2
10.7,0.67,0.22,2.7,0.107,17,34,1.0004,3.28,0.98,9.9,6,0
9.1,0.795,0,2.6,0.096,11,26,0.9994,3.35,0.83,9.4,6,2
7.7,0.665,0,2.4,0.09,8,19,0.9974,3.27,0.73,9.3,5,2
13.5,0.53,0.79,4.8,0.12,23,77,1.0018,3.18,0.77,13,5,1
6.1,0.21,0.4,1.4,0.066,40.5,165,0.9912,3.25,0.59,11.9,6,3
6.7,0.75,0.01,2.4,0.078,17,32,0.9955,3.55,0.61,12.8,6,2
11.5,0.41,0.52,3,0.08,29,55,1.0001,3.26,0.88,11,5,0
10.5,0.42,0.66,2.95,0.116,12,29,0.997,3.24,0.75,11.7,7,2
11.9,0.43,0.66,3.1,0.109,10,23,1,3.15,0.85,10.4,7,2
12.6,0.38,0.66,2.6,0.088,10,41,1.001,3.17,0.68,9.8,6,0
8.2,0.7,0.23,2,0.099,14,81,0.9973,3.19,0.7,9.4,5,1
8.6,0.45,0.31,2.6,0.086,21,50,0.9982,3.37,0.91,9.9,6,0
11.9,0.58,0.66,2.5,0.072,6,37,0.9992,3.05,0.56,10,5,0
12.5,0.46,0.63,2,0.071,6,15,0.9988,2.99,0.87,10.2,5,4
12.8,0.615,0.66,5.8,0.083,7,42,1.0022,3.07,0.73,10,7,0
10,0.42,0.5,3.4,0.107,7,21,0.9979,3.26,0.93,11.8,6,2
12.8,0.615,0.66,5.8,0.083,7,42,1.0022,3.07,0.73,10,7,0
10.4,0.575,0.61,2.6,0.076,11,24,1,3.16,0.69,9,5,2
10.3,0.34,0.52,2.8,0.159,15,75,0.9998,3.18,0.64,9.4,5,0
9.4,0.27,0.53,2.4,0.074,6,18,0.9962,3.2,1.13,12,7,2
6.9,0.765,0.02,2.3,0.063,35,63,0.9975,3.57,0.78,9.9,5,0
7.9,0.24,0.4,1.6,0.056,11,25,0.9967,3.32,0.87,8.7,6,2
9.1,0.28,0.48,1.8,0.067,26,46,0.9967,3.32,1.04,10.6,6,0
7.4,0.55,0.22,2.2,0.106,12,72,0.9959,3.05,0.63,9.2,5,0
14,0.41,0.63,3.8,0.089,6,47,1.0014,3.01,0.81,10.8,6,0
11.5,0.54,0.71,4.4,0.124,6,15,0.9984,3.01,0.83,11.8,7,4
11.5,0.45,0.5,3,0.078,19,47,1.0003,3.26,1.11,11,6,0
9.4,0.27,0.53,2.4,0.074,6,18,0.9962,3.2,1.13,12,7,2
11.4,0.625,0.66,6.2,0.088,6,24,0.9988,3.11,0.99,13.3,6,2
8.3,0.42,0.38,2.5,0.094,24,60,0.9979,3.31,0.7,10.8,6,0
8.3,0.26,0.42,2,0.08,11,27,0.9974,3.21,0.8,9.4,6,2
13.7,0.415,0.68,2.9,0.085,17,43,1.0014,3.06,0.8,10,6,0
8.3,0.26,0.42,2,0.08,11,27,0.9974,3.21,0.8,9.4,6,2
8.3,0.26,0.42,2,0.08,11,27,0.9974,3.21,0.8,9.4,6,2
7.7,0.51,0.28,2.1,0.087,23,54,0.998,3.42,0.74,9.2,5,0
7.4,0.63,0.07,2.4,0.09,11,37,0.9979,3.43,0.76,9.7,6,0
7.8,0.54,0.26,2,0.088,23,48,0.9981,3.41,0.74,9.2,6,0
8.3,0.66,0.15,1.9,0.079,17,42,0.9972,3.31,0.54,9.6,6,0
7.8,0.46,0.26,1.9,0.088,23,53,0.9981,3.43,0.74,9.2,6,0
9.6,0.38,0.31,2.5,0.096,16,49,0.9982,3.19,0.7,10,7,0
5.6,0.85,0.05,1.4,0.045,12,88,0.9924,3.56,0.82,12.9,8,1
13.7,0.415,0.68,2.9,0.085,17,43,1.0014,3.06,0.8,10,6,0
9.5,0.37,0.52,2,0.082,6,26,0.998,3.18,0.51,9.5,5,2
8.4,0.665,0.61,2,0.112,13,95,0.997,3.16,0.54,9.1,5,1
12.7,0.6,0.65,2.3,0.063,6,25,0.9997,3.03,0.57,9.9,5,2
12,0.37,0.76,4.2,0.066,7,38,1.0004,3.22,0.6,13,7,0
6.6,0.735,0.02,7.9,0.122,68,124,0.9994,3.47,0.53,9.9,5,3
11.5,0.59,0.59,2.6,0.087,13,49,0.9988,3.18,0.65,11,6,0
11.5,0.59,0.59,2.6,0.087,13,49,0.9988,3.18,0.65,11,6,0
8.7,0.765,0.22,2.3,0.064,9,42,0.9963,3.1,0.55,9.4,5,0
6.6,0.735,0.02,7.9,0.122,68,124,0.9994,3.47,0.53,9.9,5,3
7.7,0.26,0.3,1.7,0.059,20,38,0.9949,3.29,0.47,10.8,6,0
12.2,0.48,0.54,2.6,0.085,19,64,1,3.1,0.61,10.5,6,0
11.4,0.6,0.49,2.7,0.085,10,41,0.9994,3.15,0.63,10.5,6,0
7.7,0.69,0.05,2.7,0.075,15,27,0.9974,3.26,0.61,9.1,5,2
8.7,0.31,0.46,1.4,0.059,11,25,0.9966,3.36,0.76,10.1,6,2
9.8,0.44,0.47,2.5,0.063,9,28,0.9981,3.24,0.65,10.8,6,2
12,0.39,0.66,3,0.093,12,30,0.9996,3.18,0.63,10.8,7,2
10.4,0.34,0.58,3.7,0.174,6,16,0.997,3.19,0.7,11.3,6,4
12.5,0.46,0.49,4.5,0.07,26,49,0.9981,3.05,0.57,9.6,4,0
9,0.43,0.34,2.5,0.08,26,86,0.9987,3.38,0.62,9.5,6,1
9.1,0.45,0.35,2.4,0.08,23,78,0.9987,3.38,0.62,9.5,5,1
7.1,0.735,0.16,1.9,0.1,15,77,0.9966,3.27,0.64,9.3,5,1
9.9,0.4,0.53,6.7,0.097,6,19,0.9986,3.27,0.82,11.7,7,2
8.8,0.52,0.34,2.7,0.087,24,122,0.9982,3.26,0.61,9.5,5,1
8.6,0.725,0.24,6.6,0.117,31,134,1.0014,3.32,1.07,9.3,5,3
10.6,0.48,0.64,2.2,0.111,6,20,0.997,3.26,0.66,11.7,6,2
7,0.58,0.12,1.9,0.091,34,124,0.9956,3.44,0.48,10.5,5,3
11.9,0.38,0.51,2,0.121,7,20,0.9996,3.24,0.76,10.4,6,2
6.8,0.77,0,1.8,0.066,34,52,0.9976,3.62,0.68,9.9,5,0
9.5,0.56,0.33,2.4,0.089,35,67,0.9972,3.28,0.73,11.8,7,0
6.6,0.84,0.03,2.3,0.059,32,48,0.9952,3.52,0.56,12.3,7,0
7.7,0.96,0.2,2,0.047,15,60,0.9955,3.36,0.44,10.9,5,0
10.5,0.24,0.47,2.1,0.066,6,24,0.9978,3.15,0.9,11,7,2
7.7,0.96,0.2,2,0.047,15,60,0.9955,3.36,0.44,10.9,5,0
6.6,0.84,0.03,2.3,0.059,32,48,0.9952,3.52,0.56,12.3,7,0
6.4,0.67,0.08,2.1,0.045,19,48,0.9949,3.49,0.49,11.4,6,0
9.5,0.78,0.22,1.9,0.077,6,32,0.9988,3.26,0.56,10.6,6,2
9.1,0.52,0.33,1.3,0.07,9,30,0.9978,3.24,0.6,9.3,5,2
12.8,0.84,0.63,2.4,0.088,13,35,0.9997,3.1,0.6,10.4,6,0
10.5,0.24,0.47,2.1,0.066,6,24,0.9978,3.15,0.9,11,7,2
7.8,0.55,0.35,2.2,0.074,21,66,0.9974,3.25,0.56,9.2,5,0
11.9,0.37,0.69,2.3,0.078,12,24,0.9958,3,0.65,12.8,6,2
12.3,0.39,0.63,2.3,0.091,6,18,1.0004,3.16,0.49,9.5,5,2
10.4,0.41,0.55,3.2,0.076,22,54,0.9996,3.15,0.89,9.9,6,0
12.3,0.39,0.63,2.3,0.091,6,18,1.0004,3.16,0.49,9.5,5,2
8,0.67,0.3,2,0.06,38,62,0.9958,3.26,0.56,10.2,6,0
11.1,0.45,0.73,3.2,0.066,6,22,0.9986,3.17,0.66,11.2,6,2
10.4,0.41,0.55,3.2,0.076,22,54,0.9996,3.15,0.89,9.9,6,0
7,0.62,0.18,1.5,0.062,7,50,0.9951,3.08,0.6,9.3,5,0
12.6,0.31,0.72,2.2,0.072,6,29,0.9987,2.88,0.82,9.8,8,2
11.9,0.4,0.65,2.15,0.068,7,27,0.9988,3.06,0.68,11.3,6,2
15.6,0.685,0.76,3.7,0.1,6,43,1.0032,2.95,0.68,11.2,7,0
10,0.44,0.49,2.7,0.077,11,19,0.9963,3.23,0.63,11.6,7,2
5.3,0.57,0.01,1.7,0.054,5,27,0.9934,3.57,0.84,12.5,7,2
9.5,0.735,0.1,2.1,0.079,6,31,0.9986,3.23,0.56,10.1,6,2
12.5,0.38,0.6,2.6,0.081,31,72,0.9996,3.1,0.73,10.5,5,0
9.3,0.48,0.29,2.1,0.127,6,16,0.9968,3.22,0.72,11.2,5,4
8.6,0.53,0.22,2,0.1,7,27,0.9967,3.2,0.56,10.2,6,2
11.9,0.39,0.69,2.8,0.095,17,35,0.9994,3.1,0.61,10.8,6,0
11.9,0.39,0.69,2.8,0.095,17,35,0.9994,3.1,0.61,10.8,6,0
8.4,0.37,0.53,1.8,0.413,9,26,0.9979,3.06,1.06,9.1,6,2
6.8,0.56,0.03,1.7,0.084,18,35,0.9968,3.44,0.63,10,6,0
10.4,0.33,0.63,2.8,0.084,5,22,0.9998,3.26,0.74,11.2,7,2
7,0.23,0.4,1.6,0.063,21,67,0.9952,3.5,0.63,11.1,5,0
11.3,0.62,0.67,5.2,0.086,6,19,0.9988,3.22,0.69,13.4,8,2
8.9,0.59,0.39,2.3,0.095,5,22,0.9986,3.37,0.58,10.3,5,2
9.2,0.63,0.21,2.7,0.097,29,65,0.9988,3.28,0.58,9.6,5,0
10.4,0.33,0.63,2.8,0.084,5,22,0.9998,3.26,0.74,11.2,7,2
11.6,0.58,0.66,2.2,0.074,10,47,1.0008,3.25,0.57,9,3,0
9.2,0.43,0.52,2.3,0.083,14,23,0.9976,3.35,0.61,11.3,6,2
8.3,0.615,0.22,2.6,0.087,6,19,0.9982,3.26,0.61,9.3,5,2
11,0.26,0.68,2.55,0.085,10,25,0.997,3.18,0.61,11.8,5,2
8.1,0.66,0.7,2.2,0.098,25,129,0.9972,3.08,0.53,9,5,3
11.5,0.315,0.54,2.1,0.084,5,15,0.9987,2.98,0.7,9.2,6,4
10,0.29,0.4,2.9,0.098,10,26,1.0006,3.48,0.91,9.7,5,2
10.3,0.5,0.42,2,0.069,21,51,0.9982,3.16,0.72,11.5,6,0
8.8,0.46,0.45,2.6,0.065,7,18,0.9947,3.32,0.79,14,6,2
11.4,0.36,0.69,2.1,0.09,6,21,1,3.17,0.62,9.2,6,2
8.7,0.82,0.02,1.2,0.07,36,48,0.9952,3.2,0.58,9.8,5,0
13,0.32,0.65,2.6,0.093,15,47,0.9996,3.05,0.61,10.6,5,0
9.6,0.54,0.42,2.4,0.081,25,52,0.997,3.2,0.71,11.4,6,0
12.5,0.37,0.55,2.6,0.083,25,68,0.9995,3.15,0.82,10.4,6,0
9.9,0.35,0.55,2.1,0.062,5,14,0.9971,3.26,0.79,10.6,5,4
10.5,0.28,0.51,1.7,0.08,10,24,0.9982,3.2,0.89,9.4,6,2
9.6,0.68,0.24,2.2,0.087,5,28,0.9988,3.14,0.6,10.2,5,2
9.3,0.27,0.41,2,0.091,6,16,0.998,3.28,0.7,9.7,5,4
10.4,0.24,0.49,1.8,0.075,6,20,0.9977,3.18,1.06,11,6,2
9.6,0.68,0.24,2.2,0.087,5,28,0.9988,3.14,0.6,10.2,5,2
9.4,0.685,0.11,2.7,0.077,6,31,0.9984,3.19,0.7,10.1,6,2
10.6,0.28,0.39,15.5,0.069,6,23,1.0026,3.12,0.66,9.2,5,2
9.4,0.3,0.56,2.8,0.08,6,17,0.9964,3.15,0.92,11.7,8,2
10.6,0.36,0.59,2.2,0.152,6,18,0.9986,3.04,1.05,9.4,5,2
10.6,0.36,0.6,2.2,0.152,7,18,0.9986,3.04,1.06,9.4,5,2
10.6,0.44,0.68,4.1,0.114,6,24,0.997,3.06,0.66,13.4,6,2
10.2,0.67,0.39,1.9,0.054,6,17,0.9976,3.17,0.47,10,5,2
10.2,0.67,0.39,1.9,0.054,6,17,0.9976,3.17,0.47,10,5,2
10.2,0.645,0.36,1.8,0.053,5,14,0.9982,3.17,0.42,10,6,4
11.6,0.32,0.55,2.8,0.081,35,67,1.0002,3.32,0.92,10.8,7,0
9.3,0.39,0.4,2.6,0.073,10,26,0.9984,3.34,0.75,10.2,6,2
9.3,0.775,0.27,2.8,0.078,24,56,0.9984,3.31,0.67,10.6,6,0
9.2,0.41,0.5,2.5,0.055,12,25,0.9952,3.34,0.79,13.3,7,2
8.9,0.4,0.51,2.6,0.052,13,27,0.995,3.32,0.9,13.4,7,2
8.7,0.69,0.31,3,0.086,23,81,1.0002,3.48,0.74,11.6,6,1
6.5,0.39,0.23,8.3,0.051,28,91,0.9952,3.44,0.55,12.1,6,1
10.7,0.35,0.53,2.6,0.07,5,16,0.9972,3.15,0.65,11,8,4
7.8,0.52,0.25,1.9,0.081,14,38,0.9984,3.43,0.65,9,6,0
7.2,0.34,0.32,2.5,0.09,43,113,0.9966,3.32,0.79,11.1,5,1
10.7,0.35,0.53,2.6,0.07,5,16,0.9972,3.15,0.65,11,8,4
8.7,0.69,0.31,3,0.086,23,81,1.0002,3.48,0.74,11.6,6,1
7.8,0.52,0.25,1.9,0.081,14,38,0.9984,3.43,0.65,9,6,0
10.4,0.44,0.73,6.55,0.074,38,76,0.999,3.17,0.85,12,7,1
10.4,0.44,0.73,6.55,0.074,38,76,0.999,3.17,0.85,12,7,1
10.5,0.26,0.47,1.9,0.078,6,24,0.9976,3.18,1.04,10.9,7,2
10.5,0.24,0.42,1.8,0.077,6,22,0.9976,3.21,1.05,10.8,7,2
10.2,0.49,0.63,2.9,0.072,10,26,0.9968,3.16,0.78,12.5,7,2
10.4,0.24,0.46,1.8,0.075,6,21,0.9976,3.25,1.02,10.8,7,2
11.2,0.67,0.55,2.3,0.084,6,13,1,3.17,0.71,9.5,6,4
10,0.59,0.31,2.2,0.09,26,62,0.9994,3.18,0.63,10.2,6,0
13.3,0.29,0.75,2.8,0.084,23,43,0.9986,3.04,0.68,11.4,7,0
12.4,0.42,0.49,4.6,0.073,19,43,0.9978,3.02,0.61,9.5,5,0
10,0.59,0.31,2.2,0.09,26,62,0.9994,3.18,0.63,10.2,6,0
10.7,0.4,0.48,2.1,0.125,15,49,0.998,3.03,0.81,9.7,6,0
10.5,0.51,0.64,2.4,0.107,6,15,0.9973,3.09,0.66,11.8,7,4
10.5,0.51,0.64,2.4,0.107,6,15,0.9973,3.09,0.66,11.8,7,4
8.5,0.655,0.49,6.1,0.122,34,151,1.001,3.31,1.14,9.3,5,3
12.5,0.6,0.49,4.3,0.1,5,14,1.001,3.25,0.74,11.9,6,4
10.4,0.61,0.49,2.1,0.2,5,16,0.9994,3.16,0.63,8.4,3,4
10.9,0.21,0.49,2.8,0.088,11,32,0.9972,3.22,0.68,11.7,6,2
7.3,0.365,0.49,2.5,0.088,39,106,0.9966,3.36,0.78,11,5,1
9.8,0.25,0.49,2.7,0.088,15,33,0.9982,3.42,0.9,10,6,0
7.6,0.41,0.49,2,0.088,16,43,0.998,3.48,0.64,9.1,5,0
8.2,0.39,0.49,2.3,0.099,47,133,0.9979,3.38,0.99,9.8,5,3
9.3,0.4,0.49,2.5,0.085,38,142,0.9978,3.22,0.55,9.4,5,3
9.2,0.43,0.49,2.4,0.086,23,116,0.9976,3.23,0.64,9.5,5,1
10.4,0.64,0.24,2.8,0.105,29,53,0.9998,3.24,0.67,9.9,5,0
7.3,0.365,0.49,2.5,0.088,39,106,0.9966,3.36,0.78,11,5,1
7,0.38,0.49,2.5,0.097,33,85,0.9962,3.39,0.77,11.4,6,1
8.2,0.42,0.49,2.6,0.084,32,55,0.9988,3.34,0.75,8.7,6,0
9.9,0.63,0.24,2.4,0.077,6,33,0.9974,3.09,0.57,9.4,5,2
9.1,0.22,0.24,2.1,0.078,1,28,0.999,3.41,0.87,10.3,6,2
11.9,0.38,0.49,2.7,0.098,12,42,1.0004,3.16,0.61,10.3,5,0
11.9,0.38,0.49,2.7,0.098,12,42,1.0004,3.16,0.61,10.3,5,0
10.3,0.27,0.24,2.1,0.072,15,33,0.9956,3.22,0.66,12.8,6,0
10,0.48,0.24,2.7,0.102,13,32,1,3.28,0.56,10,6,2
9.1,0.22,0.24,2.1,0.078,1,28,0.999,3.41,0.87,10.3,6,2
9.9,0.63,0.24,2.4,0.077,6,33,0.9974,3.09,0.57,9.4,5,2
8.1,0.825,0.24,2.1,0.084,5,13,0.9972,3.37,0.77,10.7,6,4
12.9,0.35,0.49,5.8,0.066,5,35,1.0014,3.2,0.66,12,7,2
11.2,0.5,0.74,5.15,0.1,5,17,0.9996,3.22,0.62,11.2,5,4
9.2,0.59,0.24,3.3,0.101,20,47,0.9988,3.26,0.67,9.6,5,0
9.5,0.46,0.49,6.3,0.064,5,17,0.9988,3.21,0.73,11,6,4
9.3,0.715,0.24,2.1,0.07,5,20,0.9966,3.12,0.59,9.9,5,2
11.2,0.66,0.24,2.5,0.085,16,53,0.9993,3.06,0.72,11,6,0
14.3,0.31,0.74,1.8,0.075,6,15,1.0008,2.86,0.79,8.4,6,4
9.1,0.47,0.49,2.6,0.094,38,106,0.9982,3.08,0.59,9.1,5,1
7.5,0.55,0.24,2,0.078,10,28,0.9983,3.45,0.78,9.5,6,2
10.6,0.31,0.49,2.5,0.067,6,21,0.9987,3.26,0.86,10.7,6,2
12.4,0.35,0.49,2.6,0.079,27,69,0.9994,3.12,0.75,10.4,6,0
9,0.53,0.49,1.9,0.171,6,25,0.9975,3.27,0.61,9.4,6,2
6.8,0.51,0.01,2.1,0.074,9,25,0.9958,3.33,0.56,9.5,6,2
9.4,0.43,0.24,2.8,0.092,14,45,0.998,3.19,0.73,10,6,0
9.5,0.46,0.24,2.7,0.092,14,44,0.998,3.12,0.74,10,6,0
5,1.04,0.24,1.6,0.05,32,96,0.9934,3.74,0.62,11.5,5,1
15.5,0.645,0.49,4.2,0.095,10,23,1.00315,2.92,0.74,11.1,5,2
15.5,0.645,0.49,4.2,0.095,10,23,1.00315,2.92,0.74,11.1,5,2
10.9,0.53,0.49,4.6,0.118,10,17,1.0002,3.07,0.56,11.7,6,2
15.6,0.645,0.49,4.2,0.095,10,23,1.00315,2.92,0.74,11.1,5,2
10.9,0.53,0.49,4.6,0.118,10,17,1.0002,3.07,0.56,11.7,6,2
13,0.47,0.49,4.3,0.085,6,47,1.0021,3.3,0.68,12.7,6,0
12.7,0.6,0.49,2.8,0.075,5,19,0.9994,3.14,0.57,11.4,5,2
9,0.44,0.49,2.4,0.078,26,121,0.9978,3.23,0.58,9.2,5,1
9,0.54,0.49,2.9,0.094,41,110,0.9982,3.08,0.61,9.2,5,1
7.6,0.29,0.49,2.7,0.092,25,60,0.9971,3.31,0.61,10.1,6,0
13,0.47,0.49,4.3,0.085,6,47,1.0021,3.3,0.68,12.7,6,0
12.7,0.6,0.49,2.8,0.075,5,19,0.9994,3.14,0.57,11.4,5,2
8.7,0.7,0.24,2.5,0.226,5,15,0.9991,3.32,0.6,9,6,4
8.7,0.7,0.24,2.5,0.226,5,15,0.9991,3.32,0.6,9,6,4
9.8,0.5,0.49,2.6,0.25,5,20,0.999,3.31,0.79,10.7,6,2
6.2,0.36,0.24,2.2,0.095,19,42,0.9946,3.57,0.57,11.7,6,0
11.5,0.35,0.49,3.3,0.07,10,37,1.0003,3.32,0.91,11,6,0
6.2,0.36,0.24,2.2,0.095,19,42,0.9946,3.57,0.57,11.7,6,0
10.2,0.24,0.49,2.4,0.075,10,28,0.9978,3.14,0.61,10.4,5,2
10.5,0.59,0.49,2.1,0.07,14,47,0.9991,3.3,0.56,9.6,4,0
10.6,0.34,0.49,3.2,0.078,20,78,0.9992,3.19,0.7,10,6,1
12.3,0.27,0.49,3.1,0.079,28,46,0.9993,3.2,0.8,10.2,6,0
9.9,0.5,0.24,2.3,0.103,6,14,0.9978,3.34,0.52,10,4,4
8.8,0.44,0.49,2.8,0.083,18,111,0.9982,3.3,0.6,9.5,5,1
8.8,0.47,0.49,2.9,0.085,17,110,0.9982,3.29,0.6,9.8,5,1
10.6,0.31,0.49,2.2,0.063,18,40,0.9976,3.14,0.51,9.8,6,0
12.3,0.5,0.49,2.2,0.089,5,14,1.0002,3.19,0.44,9.6,5,4
12.3,0.5,0.49,2.2,0.089,5,14,1.0002,3.19,0.44,9.6,5,4
11.7,0.49,0.49,2.2,0.083,5,15,1,3.19,0.43,9.2,5,4
12,0.28,0.49,1.9,0.074,10,21,0.9976,2.98,0.66,9.9,7,2
11.8,0.33,0.49,3.4,0.093,54,80,1.0002,3.3,0.76,10.7,7,1
7.6,0.51,0.24,2.4,0.091,8,38,0.998,3.47,0.66,9.6,6,0
11.1,0.31,0.49,2.7,0.094,16,47,0.9986,3.12,1.02,10.6,7,0
7.3,0.73,0.24,1.9,0.108,18,102,0.9967,3.26,0.59,9.3,5,1
5,0.42,0.24,2,0.06,19,50,0.9917,3.72,0.74,14,8,0
10.2,0.29,0.49,2.6,0.059,5,13,0.9976,3.05,0.74,10.5,7,4
9,0.45,0.49,2.6,0.084,21,75,0.9987,3.35,0.57,9.7,5,0
6.6,0.39,0.49,1.7,0.07,23,149,0.9922,3.12,0.5,11.5,6,3
9,0.45,0.49,2.6,0.084,21,75,0.9987,3.35,0.57,9.7,5,0
9.9,0.49,0.58,3.5,0.094,9,43,1.0004,3.29,0.58,9,5,0
7.9,0.72,0.17,2.6,0.096,20,38,0.9978,3.4,0.53,9.5,5,0
8.9,0.595,0.41,7.9,0.086,30,109,0.9998,3.27,0.57,9.3,5,1
12.4,0.4,0.51,2,0.059,6,24,0.9994,3.04,0.6,9.3,6,2
11.9,0.58,0.58,1.9,0.071,5,18,0.998,3.09,0.63,10,6,2
8.5,0.585,0.18,2.1,0.078,5,30,0.9967,3.2,0.48,9.8,6,2
12.7,0.59,0.45,2.3,0.082,11,22,1,3,0.7,9.3,6,2
8.2,0.915,0.27,2.1,0.088,7,23,0.9962,3.26,0.47,10,4,2
13.2,0.46,0.52,2.2,0.071,12,35,1.0006,3.1,0.56,9,6,0
7.7,0.835,0,2.6,0.081,6,14,0.9975,3.3,0.52,9.3,5,4
13.2,0.46,0.52,2.2,0.071,12,35,1.0006,3.1,0.56,9,6,0
8.3,0.58,0.13,2.9,0.096,14,63,0.9984,3.17,0.62,9.1,6,0
8.3,0.6,0.13,2.6,0.085,6,24,0.9984,3.31,0.59,9.2,6,2
9.4,0.41,0.48,4.6,0.072,10,20,0.9973,3.34,0.79,12.2,7,2
8.8,0.48,0.41,3.3,0.092,26,52,0.9982,3.31,0.53,10.5,6,0
10.1,0.65,0.37,5.1,0.11,11,65,1.0026,3.32,0.64,10.4,6,0
6.3,0.36,0.19,3.2,0.075,15,39,0.9956,3.56,0.52,12.7,6,0
8.8,0.24,0.54,2.5,0.083,25,57,0.9983,3.39,0.54,9.2,5,0
13.2,0.38,0.55,2.7,0.081,5,16,1.0006,2.98,0.54,9.4,5,4
7.5,0.64,0,2.4,0.077,18,29,0.9965,3.32,0.6,10,6,2
8.2,0.39,0.38,1.5,0.058,10,29,0.9962,3.26,0.74,9.8,5,2
9.2,0.755,0.18,2.2,0.148,10,103,0.9969,2.87,1.36,10.2,6,1
9.6,0.6,0.5,2.3,0.079,28,71,0.9997,3.5,0.57,9.7,5,0
9.6,0.6,0.5,2.3,0.079,28,71,0.9997,3.5,0.57,9.7,5,0
11.5,0.31,0.51,2.2,0.079,14,28,0.9982,3.03,0.93,9.8,6,2
11.4,0.46,0.5,2.7,0.122,4,17,1.0006,3.13,0.7,10.2,5,4
11.3,0.37,0.41,2.3,0.088,6,16,0.9988,3.09,0.8,9.3,5,4
8.3,0.54,0.24,3.4,0.076,16,112,0.9976,3.27,0.61,9.4,5,1
8.2,0.56,0.23,3.4,0.078,14,104,0.9976,3.28,0.62,9.4,5,1
10,0.58,0.22,1.9,0.08,9,32,0.9974,3.13,0.55,9.5,5,2
7.9,0.51,0.25,2.9,0.077,21,45,0.9974,3.49,0.96,12.1,6,0
6.8,0.69,0,5.6,0.124,21,58,0.9997,3.46,0.72,10.2,5,0
6.8,0.69,0,5.6,0.124,21,58,0.9997,3.46,0.72,10.2,5,0
8.8,0.6,0.29,2.2,0.098,5,15,0.9988,3.36,0.49,9.1,5,4
8.8,0.6,0.29,2.2,0.098,5,15,0.9988,3.36,0.49,9.1,5,4
8.7,0.54,0.26,2.5,0.097,7,31,0.9976,3.27,0.6,9.3,6,2
7.6,0.685,0.23,2.3,0.111,20,84,0.9964,3.21,0.61,9.3,5,1
8.7,0.54,0.26,2.5,0.097,7,31,0.9976,3.27,0.6,9.3,6,2
10.4,0.28,0.54,2.7,0.105,5,19,0.9988,3.25,0.63,9.5,5,2
7.6,0.41,0.14,3,0.087,21,43,0.9964,3.32,0.57,10.5,6,0
10.1,0.935,0.22,3.4,0.105,11,86,1.001,3.43,0.64,11.3,4,1
7.9,0.35,0.21,1.9,0.073,46,102,0.9964,3.27,0.58,9.5,5,1
8.7,0.84,0,1.4,0.065,24,33,0.9954,3.27,0.55,9.7,5,0
9.6,0.88,0.28,2.4,0.086,30,147,0.9979,3.24,0.53,9.4,5,3
9.5,0.885,0.27,2.3,0.084,31,145,0.9978,3.24,0.53,9.4,5,3
7.7,0.915,0.12,2.2,0.143,7,23,0.9964,3.35,0.65,10.2,7,2
8.9,0.29,0.35,1.9,0.067,25,57,0.997,3.18,1.36,10.3,6,0
9.9,0.54,0.45,2.3,0.071,16,40,0.9991,3.39,0.62,9.4,5,0
9.5,0.59,0.44,2.3,0.071,21,68,0.9992,3.46,0.63,9.5,5,0
9.9,0.54,0.45,2.3,0.071,16,40,0.9991,3.39,0.62,9.4,5,0
9.5,0.59,0.44,2.3,0.071,21,68,0.9992,3.46,0.63,9.5,5,0
9.9,0.54,0.45,2.3,0.071,16,40,0.9991,3.39,0.62,9.4,5,0
7.8,0.64,0.1,6,0.115,5,11,0.9984,3.37,0.69,10.1,7,4
7.3,0.67,0.05,3.6,0.107,6,20,0.9972,3.4,0.63,10.1,5,2
8.3,0.845,0.01,2.2,0.07,5,14,0.9967,3.32,0.58,11,4,4
8.7,0.48,0.3,2.8,0.066,10,28,0.9964,3.33,0.67,11.2,7,2
6.7,0.42,0.27,8.6,0.068,24,148,0.9948,3.16,0.57,11.3,6,3
10.7,0.43,0.39,2.2,0.106,8,32,0.9986,2.89,0.5,9.6,5,2
9.8,0.88,0.25,2.5,0.104,35,155,1.001,3.41,0.67,11.2,5,3
15.9,0.36,0.65,7.5,0.096,22,71,0.9976,2.98,0.84,14.9,5,0
9.4,0.33,0.59,2.8,0.079,9,30,0.9976,3.12,0.54,12,6,2
8.6,0.47,0.47,2.4,0.074,7,29,0.9979,3.08,0.46,9.5,5,2
9.7,0.55,0.17,2.9,0.087,20,53,1.0004,3.14,0.61,9.4,5,0
10.7,0.43,0.39,2.2,0.106,8,32,0.9986,2.89,0.5,9.6,5,2
12,0.5,0.59,1.4,0.073,23,42,0.998,2.92,0.68,10.5,7,0
7.2,0.52,0.07,1.4,0.074,5,20,0.9973,3.32,0.81,9.6,6,2
7.1,0.84,0.02,4.4,0.096,5,13,0.997,3.41,0.57,11,4,4
7.2,0.52,0.07,1.4,0.074,5,20,0.9973,3.32,0.81,9.6,6,2
7.5,0.42,0.31,1.6,0.08,15,42,0.9978,3.31,0.64,9,5,0
7.2,0.57,0.06,1.6,0.076,9,27,0.9972,3.36,0.7,9.6,6,2
10.1,0.28,0.46,1.8,0.05,5,13,0.9974,3.04,0.79,10.2,6,4
12.1,0.4,0.52,2,0.092,15,54,1,3.03,0.66,10.2,5,0
9.4,0.59,0.14,2,0.084,25,48,0.9981,3.14,0.56,9.7,5,0
8.3,0.49,0.36,1.8,0.222,6,16,0.998,3.18,0.6,9.5,6,4
11.3,0.34,0.45,2,0.082,6,15,0.9988,2.94,0.66,9.2,6,4
10,0.73,0.43,2.3,0.059,15,31,0.9966,3.15,0.57,11,5,2
11.3,0.34,0.45,2,0.082,6,15,0.9988,2.94,0.66,9.2,6,4
6.9,0.4,0.24,2.5,0.083,30,45,0.9959,3.26,0.58,10,5,0
8.2,0.73,0.21,1.7,0.074,5,13,0.9968,3.2,0.52,9.5,5,4
9.8,1.24,0.34,2,0.079,32,151,0.998,3.15,0.53,9.5,5,3
8.2,0.73,0.21,1.7,0.074,5,13,0.9968,3.2,0.52,9.5,5,4
10.8,0.4,0.41,2.2,0.084,7,17,0.9984,3.08,0.67,9.3,6,2
9.3,0.41,0.39,2.2,0.064,12,31,0.9984,3.26,0.65,10.2,5,2
10.8,0.4,0.41,2.2,0.084,7,17,0.9984,3.08,0.67,9.3,6,2
8.6,0.8,0.11,2.3,0.084,12,31,0.9979,3.4,0.48,9.9,5,2
8.3,0.78,0.1,2.6,0.081,45,87,0.9983,3.48,0.53,10,5,1
10.8,0.26,0.45,3.3,0.06,20,49,0.9972,3.13,0.54,9.6,5,0
13.3,0.43,0.58,1.9,0.07,15,40,1.0004,3.06,0.49,9,5,0
8,0.45,0.23,2.2,0.094,16,29,0.9962,3.21,0.49,10.2,6,2
8.5,0.46,0.31,2.25,0.078,32,58,0.998,3.33,0.54,9.8,5,0
8.1,0.78,0.23,2.6,0.059,5,15,0.997,3.37,0.56,11.3,5,4
9.8,0.98,0.32,2.3,0.078,35,152,0.998,3.25,0.48,9.4,5,3
8.1,0.78,0.23,2.6,0.059,5,15,0.997,3.37,0.56,11.3,5,4
7.1,0.65,0.18,1.8,0.07,13,40,0.997,3.44,0.6,9.1,5,0
9.1,0.64,0.23,3.1,0.095,13,38,0.9998,3.28,0.59,9.7,5,0
7.7,0.66,0.04,1.6,0.039,4,9,0.9962,3.4,0.47,9.4,5,4
8.1,0.38,0.48,1.8,0.157,5,17,0.9976,3.3,1.05,9.4,5,4
7.4,1.185,0,4.25,0.097,5,14,0.9966,3.63,0.54,10.7,3,4
9.2,0.92,0.24,2.6,0.087,12,93,0.9998,3.48,0.54,9.8,5,1
8.6,0.49,0.51,2,0.422,16,62,0.9979,3.03,1.17,9,5,0
9,0.48,0.32,2.8,0.084,21,122,0.9984,3.32,0.62,9.4,5,1
9,0.47,0.31,2.7,0.084,24,125,0.9984,3.31,0.61,9.4,5,3
5.1,0.47,0.02,1.3,0.034,18,44,0.9921,3.9,0.62,12.8,6,0
7,0.65,0.02,2.1,0.066,8,25,0.9972,3.47,0.67,9.5,6,2
7,0.65,0.02,2.1,0.066,8,25,0.9972,3.47,0.67,9.5,6,2
9.4,0.615,0.28,3.2,0.087,18,72,1.0001,3.31,0.53,9.7,5,0
11.8,0.38,0.55,2.1,0.071,5,19,0.9986,3.11,0.62,10.8,6,2
10.6,1.02,0.43,2.9,0.076,26,88,0.9984,3.08,0.57,10.1,6,1
7,0.65,0.02,2.1,0.066,8,25,0.9972,3.47,0.67,9.5,6,2
7,0.64,0.02,2.1,0.067,9,23,0.997,3.47,0.67,9.4,6,2
7.5,0.38,0.48,2.6,0.073,22,84,0.9972,3.32,0.7,9.6,4,1
9.1,0.765,0.04,1.6,0.078,4,14,0.998,3.29,0.54,9.7,4,4
8.4,1.035,0.15,6,0.073,11,54,0.999,3.37,0.49,9.9,5,0
7,0.78,0.08,2,0.093,10,19,0.9956,3.4,0.47,10,5,2
7.4,0.49,0.19,3,0.077,16,37,0.9966,3.37,0.51,10.5,5,0
7.8,0.545,0.12,2.5,0.068,11,35,0.996,3.34,0.61,11.6,6,0
9.7,0.31,0.47,1.6,0.062,13,33,0.9983,3.27,0.66,10,6,2
10.6,1.025,0.43,2.8,0.08,21,84,0.9985,3.06,0.57,10.1,5,1
8.9,0.565,0.34,3,0.093,16,112,0.9998,3.38,0.61,9.5,5,1
8.7,0.69,0,3.2,0.084,13,33,0.9992,3.36,0.45,9.4,5,2
8,0.43,0.36,2.3,0.075,10,48,0.9976,3.34,0.46,9.4,5,0
9.9,0.74,0.28,2.6,0.078,21,77,0.998,3.28,0.51,9.8,5,1
7.2,0.49,0.18,2.7,0.069,13,34,0.9967,3.29,0.48,9.2,6,0
8,0.43,0.36,2.3,0.075,10,48,0.9976,3.34,0.46,9.4,5,0
7.6,0.46,0.11,2.6,0.079,12,49,0.9968,3.21,0.57,10,5,0
8.4,0.56,0.04,2,0.082,10,22,0.9976,3.22,0.44,9.6,5,2
7.1,0.66,0,3.9,0.086,17,45,0.9976,3.46,0.54,9.5,5,0
8.4,0.56,0.04,2,0.082,10,22,0.9976,3.22,0.44,9.6,5,2
8.9,0.48,0.24,2.85,0.094,35,106,0.9982,3.1,0.53,9.2,5,1
7.6,0.42,0.08,2.7,0.084,15,48,0.9968,3.21,0.59,10,5,0
7.1,0.31,0.3,2.2,0.053,36,127,0.9965,2.94,1.62,9.5,5,3
7.5,1.115,0.1,3.1,0.086,5,12,0.9958,3.54,0.6,11.2,4,4
9,0.66,0.17,3,0.077,5,13,0.9976,3.29,0.55,10.4,5,4
8.1,0.72,0.09,2.8,0.084,18,49,0.9994,3.43,0.72,11.1,6,0
6.4,0.57,0.02,1.8,0.067,4,11,0.997,3.46,0.68,9.5,5,4
6.4,0.57,0.02,1.8,0.067,4,11,0.997,3.46,0.68,9.5,5,4
6.4,0.865,0.03,3.2,0.071,27,58,0.995,3.61,0.49,12.7,6,0
9.5,0.55,0.66,2.3,0.387,12,37,0.9982,3.17,0.67,9.6,5,0
8.9,0.875,0.13,3.45,0.088,4,14,0.9994,3.44,0.52,11.5,5,4
7.3,0.835,0.03,2.1,0.092,10,19,0.9966,3.39,0.47,9.6,5,2
7,0.45,0.34,2.7,0.082,16,72,0.998,3.55,0.6,9.5,5,0
7.7,0.56,0.2,2,0.075,9,39,0.9987,3.48,0.62,9.3,5,0
7.7,0.965,0.1,2.1,0.112,11,22,0.9963,3.26,0.5,9.5,5,2
7.7,0.965,0.1,2.1,0.112,11,22,0.9963,3.26,0.5,9.5,5,2
8.2,0.59,0,2.5,0.093,19,58,1.0002,3.5,0.65,9.3,6,0
9,0.46,0.23,2.8,0.092,28,104,0.9983,3.1,0.56,9.2,5,1
9,0.69,0,2.4,0.088,19,38,0.999,3.35,0.6,9.3,5,0
8.3,0.76,0.29,4.2,0.075,12,16,0.9965,3.45,0.68,11.5,6,2
9.2,0.53,0.24,2.6,0.078,28,139,0.99788,3.21,0.57,9.5,5,3
6.5,0.615,0,1.9,0.065,9,18,0.9972,3.46,0.65,9.2,5,2
11.6,0.41,0.58,2.8,0.096,25,101,1.00024,3.13,0.53,10,5,1
11.1,0.39,0.54,2.7,0.095,21,101,1.0001,3.13,0.51,9.5,5,1
7.3,0.51,0.18,2.1,0.07,12,28,0.99768,3.52,0.73,9.5,6,2
8.2,0.34,0.38,2.5,0.08,12,57,0.9978,3.3,0.47,9,6,0
8.6,0.33,0.4,2.6,0.083,16,68,0.99782,3.3,0.48,9.4,5,0
7.2,0.5,0.18,2.1,0.071,12,31,0.99761,3.52,0.72,9.6,6,2
7.3,0.51,0.18,2.1,0.07,12,28,0.99768,3.52,0.73,9.5,6,2
8.3,0.65,0.1,2.9,0.089,17,40,0.99803,3.29,0.55,9.5,5,0
8.3,0.65,0.1,2.9,0.089,17,40,0.99803,3.29,0.55,9.5,5,0
7.6,0.54,0.13,2.5,0.097,24,66,0.99785,3.39,0.61,9.4,5,0
8.3,0.65,0.1,2.9,0.089,17,40,0.99803,3.29,0.55,9.5,5,0
7.8,0.48,0.68,1.7,0.415,14,32,0.99656,3.09,1.06,9.1,6,2
7.8,0.91,0.07,1.9,0.058,22,47,0.99525,3.51,0.43,10.7,6,0
6.3,0.98,0.01,2,0.057,15,33,0.99488,3.6,0.46,11.2,6,0
8.1,0.87,0,2.2,0.084,10,31,0.99656,3.25,0.5,9.8,5,2
8.1,0.87,0,2.2,0.084,10,31,0.99656,3.25,0.5,9.8,5,2
8.8,0.42,0.21,2.5,0.092,33,88,0.99823,3.19,0.52,9.2,5,1
9,0.58,0.25,2.8,0.075,9,104,0.99779,3.23,0.57,9.7,5,1
9.3,0.655,0.26,2,0.096,5,35,0.99738,3.25,0.42,9.6,5,2
8.8,0.7,0,1.7,0.069,8,19,0.99701,3.31,0.53,10,6,2
9.3,0.655,0.26,2,0.096,5,35,0.99738,3.25,0.42,9.6,5,2
9.1,0.68,0.11,2.8,0.093,11,44,0.99888,3.31,0.55,9.5,6,0
9.2,0.67,0.1,3,0.091,12,48,0.99888,3.31,0.54,9.5,6,0
8.8,0.59,0.18,2.9,0.089,12,74,0.99738,3.14,0.54,9.4,5,0
7.5,0.6,0.32,2.7,0.103,13,98,0.99938,3.45,0.62,9.5,5,1
7.1,0.59,0.02,2.3,0.082,24,94,0.99744,3.55,0.53,9.7,6,1
7.9,0.72,0.01,1.9,0.076,7,32,0.99668,3.39,0.54,9.6,5,2
7.1,0.59,0.02,2.3,0.082,24,94,0.99744,3.55,0.53,9.7,6,1
9.4,0.685,0.26,2.4,0.082,23,143,0.9978,3.28,0.55,9.4,5,3
9.5,0.57,0.27,2.3,0.082,23,144,0.99782,3.27,0.55,9.4,5,3
7.9,0.4,0.29,1.8,0.157,1,44,0.9973,3.3,0.92,9.5,6,0
7.9,0.4,0.3,1.8,0.157,2,45,0.99727,3.31,0.91,9.5,6,0
7.2,1,0,3,0.102,7,16,0.99586,3.43,0.46,10,5,4
6.9,0.765,0.18,2.4,0.243,5.5,48,0.99612,3.4,0.6,10.3,6,0
6.9,0.635,0.17,2.4,0.241,6,18,0.9961,3.4,0.59,10.3,6,2
8.3,0.43,0.3,3.4,0.079,7,34,0.99788,3.36,0.61,10.5,5,2
7.1,0.52,0.03,2.6,0.076,21,92,0.99745,3.5,0.6,9.8,5,1
7,0.57,0,2,0.19,12,45,0.99676,3.31,0.6,9.4,6,0
6.5,0.46,0.14,2.4,0.114,9,37,0.99732,3.66,0.65,9.8,5,0
9,0.82,0.05,2.4,0.081,26,96,0.99814,3.36,0.53,10,5,1
6.5,0.46,0.14,2.4,0.114,9,37,0.99732,3.66,0.65,9.8,5,0
7.1,0.59,0.01,2.5,0.077,20,85,0.99746,3.55,0.59,9.8,5,1
9.9,0.35,0.41,2.3,0.083,11,61,0.9982,3.21,0.5,9.5,5,0
9.9,0.35,0.41,2.3,0.083,11,61,0.9982,3.21,0.5,9.5,5,0
10,0.56,0.24,2.2,0.079,19,58,0.9991,3.18,0.56,10.1,6,0
10,0.56,0.24,2.2,0.079,19,58,0.9991,3.18,0.56,10.1,6,0
8.6,0.63,0.17,2.9,0.099,21,119,0.998,3.09,0.52,9.3,5,1
7.4,0.37,0.43,2.6,0.082,18,82,0.99708,3.33,0.68,9.7,6,1
8.8,0.64,0.17,2.9,0.084,25,130,0.99818,3.23,0.54,9.6,5,3
7.1,0.61,0.02,2.5,0.081,17,87,0.99745,3.48,0.6,9.7,6,1
7.7,0.6,0,2.6,0.055,7,13,0.99639,3.38,0.56,10.8,5,4
10.1,0.27,0.54,2.3,0.065,7,26,0.99531,3.17,0.53,12.5,6,2
10.8,0.89,0.3,2.6,0.132,7,60,0.99786,2.99,1.18,10.2,5,0
8.7,0.46,0.31,2.5,0.126,24,64,0.99746,3.1,0.74,9.6,5,0
9.3,0.37,0.44,1.6,0.038,21,42,0.99526,3.24,0.81,10.8,7,0
9.4,0.5,0.34,3.6,0.082,5,14,0.9987,3.29,0.52,10.7,6,4
9.4,0.5,0.34,3.6,0.082,5,14,0.9987,3.29,0.52,10.7,6,4
7.2,0.61,0.08,4,0.082,26,108,0.99641,3.25,0.51,9.4,5,1
8.6,0.55,0.09,3.3,0.068,8,17,0.99735,3.23,0.44,10,5,2
5.1,0.585,0,1.7,0.044,14,86,0.99264,3.56,0.94,12.9,7,1
7.7,0.56,0.08,2.5,0.114,14,46,0.9971,3.24,0.66,9.6,6,0
8.4,0.52,0.22,2.7,0.084,4,18,0.99682,3.26,0.57,9.9,6,2
8.2,0.28,0.4,2.4,0.052,4,10,0.99356,3.33,0.7,12.8,7,4
8.4,0.25,0.39,2,0.041,4,10,0.99386,3.27,0.71,12.5,7,4
8.2,0.28,0.4,2.4,0.052,4,10,0.99356,3.33,0.7,12.8,7,4
7.4,0.53,0.12,1.9,0.165,4,12,0.99702,3.26,0.86,9.2,5,4
7.6,0.48,0.31,2.8,0.07,4,15,0.99693,3.22,0.55,10.3,6,4
7.3,0.49,0.1,2.6,0.068,4,14,0.99562,3.3,0.47,10.5,5,4
12.9,0.5,0.55,2.8,0.072,7,24,1.00012,3.09,0.68,10.9,6,2
10.8,0.45,0.33,2.5,0.099,20,38,0.99818,3.24,0.71,10.8,5,0
6.9,0.39,0.24,2.1,0.102,4,7,0.99462,3.44,0.58,11.4,4,4
12.6,0.41,0.54,2.8,0.103,19,41,0.99939,3.21,0.76,11.3,6,0
10.8,0.45,0.33,2.5,0.099,20,38,0.99818,3.24,0.71,10.8,5,0
9.8,0.51,0.19,3.2,0.081,8,30,0.9984,3.23,0.58,10.5,6,2
10.8,0.29,0.42,1.6,0.084,19,27,0.99545,3.28,0.73,11.9,6,2
7.1,0.715,0,2.35,0.071,21,47,0.99632,3.29,0.45,9.4,5,0
9.1,0.66,0.15,3.2,0.097,9,59,0.99976,3.28,0.54,9.6,5,0
7,0.685,0,1.9,0.099,9,22,0.99606,3.34,0.6,9.7,5,2
4.9,0.42,0,2.1,0.048,16,42,0.99154,3.71,0.74,14,7,0
6.7,0.54,0.13,2,0.076,15,36,0.9973,3.61,0.64,9.8,5,0
6.7,0.54,0.13,2,0.076,15,36,0.9973,3.61,0.64,9.8,5,0
7.1,0.48,0.28,2.8,0.068,6,16,0.99682,3.24,0.53,10.3,5,4
7.1,0.46,0.14,2.8,0.076,15,37,0.99624,3.36,0.49,10.7,5,0
7.5,0.27,0.34,2.3,0.05,4,8,0.9951,3.4,0.64,11,7,4
7.1,0.46,0.14,2.8,0.076,15,37,0.99624,3.36,0.49,10.7,5,0
7.8,0.57,0.09,2.3,0.065,34,45,0.99417,3.46,0.74,12.7,8,0
5.9,0.61,0.08,2.1,0.071,16,24,0.99376,3.56,0.77,11.1,6,2
7.5,0.685,0.07,2.5,0.058,5,9,0.99632,3.38,0.55,10.9,4,4
5.9,0.61,0.08,2.1,0.071,16,24,0.99376,3.56,0.77,11.1,6,2
10.4,0.44,0.42,1.5,0.145,34,48,0.99832,3.38,0.86,9.9,3,0
11.6,0.47,0.44,1.6,0.147,36,51,0.99836,3.38,0.86,9.9,4,0
8.8,0.685,0.26,1.6,0.088,16,23,0.99694,3.32,0.47,9.4,5,2
7.6,0.665,0.1,1.5,0.066,27,55,0.99655,3.39,0.51,9.3,5,0
6.7,0.28,0.28,2.4,0.012,36,100,0.99064,3.26,0.39,11.7,7,1
6.7,0.28,0.28,2.4,0.012,36,100,0.99064,3.26,0.39,11.7,7,1
10.1,0.31,0.35,1.6,0.075,9,28,0.99672,3.24,0.83,11.2,7,2
6,0.5,0.04,2.2,0.092,13,26,0.99647,3.46,0.47,10,5,2
11.1,0.42,0.47,2.65,0.085,9,34,0.99736,3.24,0.77,12.1,7,2
6.6,0.66,0,3,0.115,21,31,0.99629,3.45,0.63,10.3,5,2
10.6,0.5,0.45,2.6,0.119,34,68,0.99708,3.23,0.72,10.9,6,0
7.1,0.685,0.35,2,0.088,9,92,0.9963,3.28,0.62,9.4,5,1
9.9,0.25,0.46,1.7,0.062,26,42,0.9959,3.18,0.83,10.6,6,0
6.4,0.64,0.21,1.8,0.081,14,31,0.99689,3.59,0.66,9.8,5,2
6.4,0.64,0.21,1.8,0.081,14,31,0.99689,3.59,0.66,9.8,5,2
7.4,0.68,0.16,1.8,0.078,12,39,0.9977,3.5,0.7,9.9,6,0
6.4,0.64,0.21,1.8,0.081,14,31,0.99689,3.59,0.66,9.8,5,2
6.4,0.63,0.21,1.6,0.08,12,32,0.99689,3.58,0.66,9.8,5,2
9.3,0.43,0.44,1.9,0.085,9,22,0.99708,3.28,0.55,9.5,5,2
9.3,0.43,0.44,1.9,0.085,9,22,0.99708,3.28,0.55,9.5,5,2
8,0.42,0.32,2.5,0.08,26,122,0.99801,3.22,1.07,9.7,5,1
9.3,0.36,0.39,1.5,0.08,41,55,0.99652,3.47,0.73,10.9,6,0
9.3,0.36,0.39,1.5,0.08,41,55,0.99652,3.47,0.73,10.9,6,0
7.6,0.735,0.02,2.5,0.071,10,14,0.99538,3.51,0.71,11.7,7,4
9.3,0.36,0.39,1.5,0.08,41,55,0.99652,3.47,0.73,10.9,6,0
8.2,0.26,0.34,2.5,0.073,16,47,0.99594,3.4,0.78,11.3,7,0
11.7,0.28,0.47,1.7,0.054,17,32,0.99686,3.15,0.67,10.6,7,2
6.8,0.56,0.22,1.8,0.074,15,24,0.99438,3.4,0.82,11.2,6,2
7.2,0.62,0.06,2.7,0.077,15,85,0.99746,3.51,0.54,9.5,5,1
5.8,1.01,0.66,2,0.039,15,88,0.99357,3.66,0.6,11.5,6,1
7.5,0.42,0.32,2.7,0.067,7,25,0.99628,3.24,0.44,10.4,5,2
7.2,0.62,0.06,2.5,0.078,17,84,0.99746,3.51,0.53,9.7,5,1
7.2,0.62,0.06,2.7,0.077,15,85,0.99746,3.51,0.54,9.5,5,1
7.2,0.635,0.07,2.6,0.077,16,86,0.99748,3.51,0.54,9.7,5,1
6.8,0.49,0.22,2.3,0.071,13,24,0.99438,3.41,0.83,11.3,6,2
6.9,0.51,0.23,2,0.072,13,22,0.99438,3.4,0.84,11.2,6,2
6.8,0.56,0.22,1.8,0.074,15,24,0.99438,3.4,0.82,11.2,6,2
7.6,0.63,0.03,2,0.08,27,43,0.99578,3.44,0.64,10.9,6,0
7.7,0.715,0.01,2.1,0.064,31,43,0.99371,3.41,0.57,11.8,6,0
6.9,0.56,0.03,1.5,0.086,36,46,0.99522,3.53,0.57,10.6,5,0
7.3,0.35,0.24,2,0.067,28,48,0.99576,3.43,0.54,10,4,0
9.1,0.21,0.37,1.6,0.067,6,10,0.99552,3.23,0.58,11.1,7,4
10.4,0.38,0.46,2.1,0.104,6,10,0.99664,3.12,0.65,11.8,7,4
8.8,0.31,0.4,2.8,0.109,7,16,0.99614,3.31,0.79,11.8,7,4
7.1,0.47,0,2.2,0.067,7,14,0.99517,3.4,0.58,10.9,4,4
7.7,0.715,0.01,2.1,0.064,31,43,0.99371,3.41,0.57,11.8,6,0
8.8,0.61,0.19,4,0.094,30,69,0.99787,3.22,0.5,10,6,0
7.2,0.6,0.04,2.5,0.076,18,88,0.99745,3.53,0.55,9.5,5,1
9.2,0.56,0.18,1.6,0.078,10,21,0.99576,3.15,0.49,9.9,5,2
7.6,0.715,0,2.1,0.068,30,35,0.99533,3.48,0.65,11.4,6,0
8.4,0.31,0.29,3.1,0.194,14,26,0.99536,3.22,0.78,12,6,2
7.2,0.6,0.04,2.5,0.076,18,88,0.99745,3.53,0.55,9.5,5,1
8.8,0.61,0.19,4,0.094,30,69,0.99787,3.22,0.5,10,6,0
8.9,0.75,0.14,2.5,0.086,9,30,0.99824,3.34,0.64,10.5,5,2
9,0.8,0.12,2.4,0.083,8,28,0.99836,3.33,0.65,10.4,6,2
10.7,0.52,0.38,2.6,0.066,29,56,0.99577,3.15,0.79,12.1,7,0
6.8,0.57,0,2.5,0.072,32,64,0.99491,3.43,0.56,11.2,6,0
10.7,0.9,0.34,6.6,0.112,23,99,1.00289,3.22,0.68,9.3,5,1
7.2,0.34,0.24,2,0.071,30,52,0.99576,3.44,0.58,10.1,5,0
7.2,0.66,0.03,2.3,0.078,16,86,0.99743,3.53,0.57,9.7,5,1
10.1,0.45,0.23,1.9,0.082,10,18,0.99774,3.22,0.65,9.3,6,2
7.2,0.66,0.03,2.3,0.078,16,86,0.99743,3.53,0.57,9.7,5,1
7.2,0.63,0.03,2.2,0.08,17,88,0.99745,3.53,0.58,9.8,6,1
7.1,0.59,0.01,2.3,0.08,27,43,0.9955,3.42,0.58,10.7,6,0
8.3,0.31,0.39,2.4,0.078,17,43,0.99444,3.31,0.77,12.5,7,0
7.1,0.59,0.01,2.3,0.08,27,43,0.9955,3.42,0.58,10.7,6,0
8.3,0.31,0.39,2.4,0.078,17,43,0.99444,3.31,0.77,12.5,7,0
8.3,1.02,0.02,3.4,0.084,6,11,0.99892,3.48,0.49,11,3,4
8.9,0.31,0.36,2.6,0.056,10,39,0.99562,3.4,0.69,11.8,5,0
7.4,0.635,0.1,2.4,0.08,16,33,0.99736,3.58,0.69,10.8,7,0
7.4,0.635,0.1,2.4,0.08,16,33,0.99736,3.58,0.69,10.8,7,0
6.8,0.59,0.06,6,0.06,11,18,0.9962,3.41,0.59,10.8,7,2
6.8,0.59,0.06,6,0.06,11,18,0.9962,3.41,0.59,10.8,7,2
9.2,0.58,0.2,3,0.081,15,115,0.998,3.23,0.59,9.5,5,1
7.2,0.54,0.27,2.6,0.084,12,78,0.9964,3.39,0.71,11,5,1
6.1,0.56,0,2.2,0.079,6,9,0.9948,3.59,0.54,11.5,6,4
7.4,0.52,0.13,2.4,0.078,34,61,0.99528,3.43,0.59,10.8,6,0
7.3,0.305,0.39,1.2,0.059,7,11,0.99331,3.29,0.52,11.5,6,4
9.3,0.38,0.48,3.8,0.132,3,11,0.99577,3.23,0.57,13.2,6,4
9.1,0.28,0.46,9,0.114,3,9,0.99901,3.18,0.6,10.9,6,4
10,0.46,0.44,2.9,0.065,4,8,0.99674,3.33,0.62,12.2,6,4
9.4,0.395,0.46,4.6,0.094,3,10,0.99639,3.27,0.64,12.2,7,4
7.3,0.305,0.39,1.2,0.059,7,11,0.99331,3.29,0.52,11.5,6,4
8.6,0.315,0.4,2.2,0.079,3,6,0.99512,3.27,0.67,11.9,6,4
5.3,0.715,0.19,1.5,0.161,7,62,0.99395,3.62,0.61,11,5,0
6.8,0.41,0.31,8.8,0.084,26,45,0.99824,3.38,0.64,10.1,6,0
8.4,0.36,0.32,2.2,0.081,32,79,0.9964,3.3,0.72,11,6,1
8.4,0.62,0.12,1.8,0.072,38,46,0.99504,3.38,0.89,11.8,6,0
9.6,0.41,0.37,2.3,0.091,10,23,0.99786,3.24,0.56,10.5,5,2
8.4,0.36,0.32,2.2,0.081,32,79,0.9964,3.3,0.72,11,6,1
8.4,0.62,0.12,1.8,0.072,38,46,0.99504,3.38,0.89,11.8,6,0
6.8,0.41,0.31,8.8,0.084,26,45,0.99824,3.38,0.64,10.1,6,0
8.6,0.47,0.27,2.3,0.055,14,28,0.99516,3.18,0.8,11.2,5,2
8.6,0.22,0.36,1.9,0.064,53,77,0.99604,3.47,0.87,11,7,1
9.4,0.24,0.33,2.3,0.061,52,73,0.99786,3.47,0.9,10.2,6,1
8.4,0.67,0.19,2.2,0.093,11,75,0.99736,3.2,0.59,9.2,4,0
8.6,0.47,0.27,2.3,0.055,14,28,0.99516,3.18,0.8,11.2,5,2
8.7,0.33,0.38,3.3,0.063,10,19,0.99468,3.3,0.73,12,7,2
6.6,0.61,0.01,1.9,0.08,8,25,0.99746,3.69,0.73,10.5,5,2
7.4,0.61,0.01,2,0.074,13,38,0.99748,3.48,0.65,9.8,5,0
7.6,0.4,0.29,1.9,0.078,29,66,0.9971,3.45,0.59,9.5,6,0
7.4,0.61,0.01,2,0.074,13,38,0.99748,3.48,0.65,9.8,5,0
6.6,0.61,0.01,1.9,0.08,8,25,0.99746,3.69,0.73,10.5,5,2
8.8,0.3,0.38,2.3,0.06,19,72,0.99543,3.39,0.72,11.8,6,0
8.8,0.3,0.38,2.3,0.06,19,72,0.99543,3.39,0.72,11.8,6,0
12,0.63,0.5,1.4,0.071,6,26,0.99791,3.07,0.6,10.4,4,2
7.2,0.38,0.38,2.8,0.068,23,42,0.99356,3.34,0.72,12.9,7,0
6.2,0.46,0.17,1.6,0.073,7,11,0.99425,3.61,0.54,11.4,5,4
9.6,0.33,0.52,2.2,0.074,13,25,0.99509,3.36,0.76,12.4,7,2
9.9,0.27,0.49,5,0.082,9,17,0.99484,3.19,0.52,12.5,7,2
10.1,0.43,0.4,2.6,0.092,13,52,0.99834,3.22,0.64,10,7,0
9.8,0.5,0.34,2.3,0.094,10,45,0.99864,3.24,0.6,9.7,7,0
8.3,0.3,0.49,3.8,0.09,11,24,0.99498,3.27,0.64,12.1,7,2
10.2,0.44,0.42,2,0.071,7,20,0.99566,3.14,0.79,11.1,7,2
10.2,0.44,0.58,4.1,0.092,11,24,0.99745,3.29,0.99,12,7,2
8.3,0.28,0.48,2.1,0.093,6,12,0.99408,3.26,0.62,12.4,7,4
8.9,0.12,0.45,1.8,0.075,10,21,0.99552,3.41,0.76,11.9,7,2
8.9,0.12,0.45,1.8,0.075,10,21,0.99552,3.41,0.76,11.9,7,2
8.9,0.12,0.45,1.8,0.075,10,21,0.99552,3.41,0.76,11.9,7,2
8.3,0.28,0.48,2.1,0.093,6,12,0.99408,3.26,0.62,12.4,7,4
8.2,0.31,0.4,2.2,0.058,6,10,0.99536,3.31,0.68,11.2,7,4
10.2,0.34,0.48,2.1,0.052,5,9,0.99458,3.2,0.69,12.1,7,4
7.6,0.43,0.4,2.7,0.082,6,11,0.99538,3.44,0.54,12.2,6,4
8.5,0.21,0.52,1.9,0.09,9,23,0.99648,3.36,0.67,10.4,5,2
9,0.36,0.52,2.1,0.111,5,10,0.99568,3.31,0.62,11.3,6,4
9.5,0.37,0.52,2,0.088,12,51,0.99613,3.29,0.58,11.1,6,0
6.4,0.57,0.12,2.3,0.12,25,36,0.99519,3.47,0.71,11.3,7,0
8,0.59,0.05,2,0.089,12,32,0.99735,3.36,0.61,10,5,2
8.5,0.47,0.27,1.9,0.058,18,38,0.99518,3.16,0.85,11.1,6,0
7.1,0.56,0.14,1.6,0.078,7,18,0.99592,3.27,0.62,9.3,5,2
6.6,0.57,0.02,2.1,0.115,6,16,0.99654,3.38,0.69,9.5,5,4
8.8,0.27,0.39,2,0.1,20,27,0.99546,3.15,0.69,11.2,6,2
8.5,0.47,0.27,1.9,0.058,18,38,0.99518,3.16,0.85,11.1,6,0
8.3,0.34,0.4,2.4,0.065,24,48,0.99554,3.34,0.86,11,6,0
9,0.38,0.41,2.4,0.103,6,10,0.99604,3.13,0.58,11.9,7,4
8.5,0.66,0.2,2.1,0.097,23,113,0.99733,3.13,0.48,9.2,5,1
9,0.4,0.43,2.4,0.068,29,46,0.9943,3.2,0.6,12.2,6,0
6.7,0.56,0.09,2.9,0.079,7,22,0.99669,3.46,0.61,10.2,5,2
10.4,0.26,0.48,1.9,0.066,6,10,0.99724,3.33,0.87,10.9,6,4
10.4,0.26,0.48,1.9,0.066,6,10,0.99724,3.33,0.87,10.9,6,4
10.1,0.38,0.5,2.4,0.104,6,13,0.99643,3.22,0.65,11.6,7,4
8.5,0.34,0.44,1.7,0.079,6,12,0.99605,3.52,0.63,10.7,5,4
8.8,0.33,0.41,5.9,0.073,7,13,0.99658,3.3,0.62,12.1,7,4
7.2,0.41,0.3,2.1,0.083,35,72,0.997,3.44,0.52,9.4,5,0
7.2,0.41,0.3,2.1,0.083,35,72,0.997,3.44,0.52,9.4,5,0
8.4,0.59,0.29,2.6,0.109,31,119,0.99801,3.15,0.5,9.1,5,1
7,0.4,0.32,3.6,0.061,9,29,0.99416,3.28,0.49,11.3,7,2
12.2,0.45,0.49,1.4,0.075,3,6,0.9969,3.13,0.63,10.4,5,4
9.1,0.5,0.3,1.9,0.065,8,17,0.99774,3.32,0.71,10.5,6,2
9.5,0.86,0.26,1.9,0.079,13,28,0.99712,3.25,0.62,10,5,2
7.3,0.52,0.32,2.1,0.07,51,70,0.99418,3.34,0.82,12.9,6,0
9.1,0.5,0.3,1.9,0.065,8,17,0.99774,3.32,0.71,10.5,6,2
12.2,0.45,0.49,1.4,0.075,3,6,0.9969,3.13,0.63,10.4,5,4
7.4,0.58,0,2,0.064,7,11,0.99562,3.45,0.58,11.3,6,4
9.8,0.34,0.39,1.4,0.066,3,7,0.9947,3.19,0.55,11.4,7,4
7.1,0.36,0.3,1.6,0.08,35,70,0.99693,3.44,0.5,9.4,5,0
7.7,0.39,0.12,1.7,0.097,19,27,0.99596,3.16,0.49,9.4,5,2
9.7,0.295,0.4,1.5,0.073,14,21,0.99556,3.14,0.51,10.9,6,2
7.7,0.39,0.12,1.7,0.097,19,27,0.99596,3.16,0.49,9.4,5,2
7.1,0.34,0.28,2,0.082,31,68,0.99694,3.45,0.48,9.4,5,0
6.5,0.4,0.1,2,0.076,30,47,0.99554,3.36,0.48,9.4,6,0
7.1,0.34,0.28,2,0.082,31,68,0.99694,3.45,0.48,9.4,5,0
10,0.35,0.45,2.5,0.092,20,88,0.99918,3.15,0.43,9.4,5,1
7.7,0.6,0.06,2,0.079,19,41,0.99697,3.39,0.62,10.1,6,0
5.6,0.66,0,2.2,0.087,3,11,0.99378,3.71,0.63,12.8,7,4
5.6,0.66,0,2.2,0.087,3,11,0.99378,3.71,0.63,12.8,7,4
8.9,0.84,0.34,1.4,0.05,4,10,0.99554,3.12,0.48,9.1,6,4
6.4,0.69,0,1.65,0.055,7,12,0.99162,3.47,0.53,12.9,6,4
7.5,0.43,0.3,2.2,0.062,6,12,0.99495,3.44,0.72,11.5,7,4
9.9,0.35,0.38,1.5,0.058,31,47,0.99676,3.26,0.82,10.6,7,0
9.1,0.29,0.33,2.05,0.063,13,27,0.99516,3.26,0.84,11.7,7,2
6.8,0.36,0.32,1.8,0.067,4,8,0.9928,3.36,0.55,12.8,7,4
8.2,0.43,0.29,1.6,0.081,27,45,0.99603,3.25,0.54,10.3,5,0
6.8,0.36,0.32,1.8,0.067,4,8,0.9928,3.36,0.55,12.8,7,4
9.1,0.29,0.33,2.05,0.063,13,27,0.99516,3.26,0.84,11.7,7,2
9.1,0.3,0.34,2,0.064,12,25,0.99516,3.26,0.84,11.7,7,2
8.9,0.35,0.4,3.6,0.11,12,24,0.99549,3.23,0.7,12,7,2
9.6,0.5,0.36,2.8,0.116,26,55,0.99722,3.18,0.68,10.9,5,0
8.9,0.28,0.45,1.7,0.067,7,12,0.99354,3.25,0.55,12.3,7,4
8.9,0.32,0.31,2,0.088,12,19,0.9957,3.17,0.55,10.4,6,2
7.7,1.005,0.15,2.1,0.102,11,32,0.99604,3.23,0.48,10,5,2
7.5,0.71,0,1.6,0.092,22,31,0.99635,3.38,0.58,10,6,0
8,0.58,0.16,2,0.12,3,7,0.99454,3.22,0.58,11.2,6,4
10.5,0.39,0.46,2.2,0.075,14,27,0.99598,3.06,0.84,11.4,6,2
8.9,0.38,0.4,2.2,0.068,12,28,0.99486,3.27,0.75,12.6,7,2
8,0.18,0.37,0.9,0.049,36,109,0.99007,2.89,0.44,12.7,6,1
8,0.18,0.37,0.9,0.049,36,109,0.99007,2.89,0.44,12.7,6,1
7,0.5,0.14,1.8,0.078,10,23,0.99636,3.53,0.61,10.4,5,2
11.3,0.36,0.66,2.4,0.123,3,8,0.99642,3.2,0.53,11.9,6,4
11.3,0.36,0.66,2.4,0.123,3,8,0.99642,3.2,0.53,11.9,6,4
7,0.51,0.09,2.1,0.062,4,9,0.99584,3.35,0.54,10.5,5,4
8.2,0.32,0.42,2.3,0.098,3,9,0.99506,3.27,0.55,12.3,6,4
7.7,0.58,0.01,1.8,0.088,12,18,0.99568,3.32,0.56,10.5,7,2
8.6,0.83,0,2.8,0.095,17,43,0.99822,3.33,0.6,10.4,6,0
7.9,0.31,0.32,1.9,0.066,14,36,0.99364,3.41,0.56,12.6,6,0
6.4,0.795,0,2.2,0.065,28,52,0.99378,3.49,0.52,11.6,5,0
7.2,0.34,0.21,2.5,0.075,41,68,0.99586,3.37,0.54,10.1,6,0
7.7,0.58,0.01,1.8,0.088,12,18,0.99568,3.32,0.56,10.5,7,2
7.1,0.59,0,2.1,0.091,9,14,0.99488,3.42,0.55,11.5,7,4
7.3,0.55,0.01,1.8,0.093,9,15,0.99514,3.35,0.58,11,7,4
8.1,0.82,0,4.1,0.095,5,14,0.99854,3.36,0.53,9.6,5,4
7.5,0.57,0.08,2.6,0.089,14,27,0.99592,3.3,0.59,10.4,6,2
8.9,0.745,0.18,2.5,0.077,15,48,0.99739,3.2,0.47,9.7,6,0
10.1,0.37,0.34,2.4,0.085,5,17,0.99683,3.17,0.65,10.6,7,4
7.6,0.31,0.34,2.5,0.082,26,35,0.99356,3.22,0.59,12.5,7,0
7.3,0.91,0.1,1.8,0.074,20,56,0.99672,3.35,0.56,9.2,5,0
8.7,0.41,0.41,6.2,0.078,25,42,0.9953,3.24,0.77,12.6,7,0
8.9,0.5,0.21,2.2,0.088,21,39,0.99692,3.33,0.83,11.1,6,0
7.4,0.965,0,2.2,0.088,16,32,0.99756,3.58,0.67,10.2,5,2
6.9,0.49,0.19,1.7,0.079,13,26,0.99547,3.38,0.64,9.8,6,2
8.9,0.5,0.21,2.2,0.088,21,39,0.99692,3.33,0.83,11.1,6,0
9.5,0.39,0.41,8.9,0.069,18,39,0.99859,3.29,0.81,10.9,7,0
6.4,0.39,0.33,3.3,0.046,12,53,0.99294,3.36,0.62,12.2,6,0
6.9,0.44,0,1.4,0.07,32,38,0.99438,3.32,0.58,11.4,6,0
7.6,0.78,0,1.7,0.076,33,45,0.99612,3.31,0.62,10.7,6,0
7.1,0.43,0.17,1.8,0.082,27,51,0.99634,3.49,0.64,10.4,5,0
9.3,0.49,0.36,1.7,0.081,3,14,0.99702,3.27,0.78,10.9,6,4
9.3,0.5,0.36,1.8,0.084,6,17,0.99704,3.27,0.77,10.8,6,2
7.1,0.43,0.17,1.8,0.082,27,51,0.99634,3.49,0.64,10.4,5,0
8.5,0.46,0.59,1.4,0.414,16,45,0.99702,3.03,1.34,9.2,5,0
5.6,0.605,0.05,2.4,0.073,19,25,0.99258,3.56,0.55,12.9,5,2
8.3,0.33,0.42,2.3,0.07,9,20,0.99426,3.38,0.77,12.7,7,2
8.2,0.64,0.27,2,0.095,5,77,0.99747,3.13,0.62,9.1,6,0
8.2,0.64,0.27,2,0.095,5,77,0.99747,3.13,0.62,9.1,6,0
8.9,0.48,0.53,4,0.101,3,10,0.99586,3.21,0.59,12.1,7,4
7.6,0.42,0.25,3.9,0.104,28,90,0.99784,3.15,0.57,9.1,5,1
9.9,0.53,0.57,2.4,0.093,30,52,0.9971,3.19,0.76,11.6,7,0
8.9,0.48,0.53,4,0.101,3,10,0.99586,3.21,0.59,12.1,7,4
11.6,0.23,0.57,1.8,0.074,3,8,0.9981,3.14,0.7,9.9,6,4
9.1,0.4,0.5,1.8,0.071,7,16,0.99462,3.21,0.69,12.5,8,4
8,0.38,0.44,1.9,0.098,6,15,0.9956,3.3,0.64,11.4,6,4
10.2,0.29,0.65,2.4,0.075,6,17,0.99565,3.22,0.63,11.8,6,2
8.2,0.74,0.09,2,0.067,5,10,0.99418,3.28,0.57,11.8,6,4
7.7,0.61,0.18,2.4,0.083,6,20,0.9963,3.29,0.6,10.2,6,2
6.6,0.52,0.08,2.4,0.07,13,26,0.99358,3.4,0.72,12.5,7,2
11.1,0.31,0.53,2.2,0.06,3,10,0.99572,3.02,0.83,10.9,7,4
11.1,0.31,0.53,2.2,0.06,3,10,0.99572,3.02,0.83,10.9,7,4
8,0.62,0.35,2.8,0.086,28,52,0.997,3.31,0.62,10.8,5,0
9.3,0.33,0.45,1.5,0.057,19,37,0.99498,3.18,0.89,11.1,7,0
7.5,0.77,0.2,8.1,0.098,30,92,0.99892,3.2,0.58,9.2,5,1
7.2,0.35,0.26,1.8,0.083,33,75,0.9968,3.4,0.58,9.5,6,1
8,0.62,0.33,2.7,0.088,16,37,0.9972,3.31,0.58,10.7,6,0
7.5,0.77,0.2,8.1,0.098,30,92,0.99892,3.2,0.58,9.2,5,1
9.1,0.25,0.34,2,0.071,45,67,0.99769,3.44,0.86,10.2,7,0
9.9,0.32,0.56,2,0.073,3,8,0.99534,3.15,0.73,11.4,6,4
8.6,0.37,0.65,6.4,0.08,3,8,0.99817,3.27,0.58,11,5,4
8.6,0.37,0.65,6.4,0.08,3,8,0.99817,3.27,0.58,11,5,4
7.9,0.3,0.68,8.3,0.05,37.5,278,0.99316,3.01,0.51,12.3,7,3
10.3,0.27,0.56,1.4,0.047,3,8,0.99471,3.16,0.51,11.8,6,4
7.9,0.3,0.68,8.3,0.05,37.5,289,0.99316,3.01,0.51,12.3,7,3
7.2,0.38,0.3,1.8,0.073,31,70,0.99685,3.42,0.59,9.5,6,0
8.7,0.42,0.45,2.4,0.072,32,59,0.99617,3.33,0.77,12,6,0
7.2,0.38,0.3,1.8,0.073,31,70,0.99685,3.42,0.59,9.5,6,0
6.8,0.48,0.08,1.8,0.074,40,64,0.99529,3.12,0.49,9.6,5,0
8.5,0.34,0.4,4.7,0.055,3,9,0.99738,3.38,0.66,11.6,7,4
7.9,0.19,0.42,1.6,0.057,18,30,0.994,3.29,0.69,11.2,6,2
11.6,0.41,0.54,1.5,0.095,22,41,0.99735,3.02,0.76,9.9,7,0
11.6,0.41,0.54,1.5,0.095,22,41,0.99735,3.02,0.76,9.9,7,0
10,0.26,0.54,1.9,0.083,42,74,0.99451,2.98,0.63,11.8,8,1
7.9,0.34,0.42,2,0.086,8,19,0.99546,3.35,0.6,11.4,6,2
7,0.54,0.09,2,0.081,10,16,0.99479,3.43,0.59,11.5,6,2
9.2,0.31,0.36,2.2,0.079,11,31,0.99615,3.33,0.86,12,7,2
6.6,0.725,0.09,5.5,0.117,9,17,0.99655,3.35,0.49,10.8,6,2
9.4,0.4,0.47,2.5,0.087,6,20,0.99772,3.15,0.5,10.5,5,2
6.6,0.725,0.09,5.5,0.117,9,17,0.99655,3.35,0.49,10.8,6,2
8.6,0.52,0.38,1.5,0.096,5,18,0.99666,3.2,0.52,9.4,5,2
8,0.31,0.45,2.1,0.216,5,16,0.99358,3.15,0.81,12.5,7,4
8.6,0.52,0.38,1.5,0.096,5,18,0.99666,3.2,0.52,9.4,5,2
8.4,0.34,0.42,2.1,0.072,23,36,0.99392,3.11,0.78,12.4,6,0
7.4,0.49,0.27,2.1,0.071,14,25,0.99388,3.35,0.63,12,6,2
6.1,0.48,0.09,1.7,0.078,18,30,0.99402,3.45,0.54,11.2,6,2
7.4,0.49,0.27,2.1,0.071,14,25,0.99388,3.35,0.63,12,6,2
8,0.48,0.34,2.2,0.073,16,25,0.9936,3.28,0.66,12.4,6,2
6.3,0.57,0.28,2.1,0.048,13,49,0.99374,3.41,0.6,12.8,5,0
8.2,0.23,0.42,1.9,0.069,9,17,0.99376,3.21,0.54,12.3,6,2
9.1,0.3,0.41,2,0.068,10,24,0.99523,3.27,0.85,11.7,7,2
8.1,0.78,0.1,3.3,0.09,4,13,0.99855,3.36,0.49,9.5,5,4
10.8,0.47,0.43,2.1,0.171,27,66,0.9982,3.17,0.76,10.8,6,0
8.3,0.53,0,1.4,0.07,6,14,0.99593,3.25,0.64,10,6,4
5.4,0.42,0.27,2,0.092,23,55,0.99471,3.78,0.64,12.3,7,0
7.9,0.33,0.41,1.5,0.056,6,35,0.99396,3.29,0.71,11,6,2
8.9,0.24,0.39,1.6,0.074,3,10,0.99698,3.12,0.59,9.5,6,4
5,0.4,0.5,4.3,0.046,29,80,0.9902,3.49,0.66,13.6,6,1
7,0.69,0.07,2.5,0.091,15,21,0.99572,3.38,0.6,11.3,6,2
7,0.69,0.07,2.5,0.091,15,21,0.99572,3.38,0.6,11.3,6,2
7,0.69,0.07,2.5,0.091,15,21,0.99572,3.38,0.6,11.3,6,2
7.1,0.39,0.12,2.1,0.065,14,24,0.99252,3.3,0.53,13.3,6,2
5.6,0.66,0,2.5,0.066,7,15,0.99256,3.52,0.58,12.9,5,4
7.9,0.54,0.34,2.5,0.076,8,17,0.99235,3.2,0.72,13.1,8,2
6.6,0.5,0,1.8,0.062,21,28,0.99352,3.44,0.55,12.3,6,2
6.3,0.47,0,1.4,0.055,27,33,0.9922,3.45,0.48,12.3,6,0
10.7,0.4,0.37,1.9,0.081,17,29,0.99674,3.12,0.65,11.2,6,2
6.5,0.58,0,2.2,0.096,3,13,0.99557,3.62,0.62,11.5,4,4
8.8,0.24,0.35,1.7,0.055,13,27,0.99394,3.14,0.59,11.3,7,2
5.8,0.29,0.26,1.7,0.063,3,11,0.9915,3.39,0.54,13.5,6,4
6.3,0.76,0,2.9,0.072,26,52,0.99379,3.51,0.6,11.5,6,0
10,0.43,0.33,2.7,0.095,28,89,0.9984,3.22,0.68,10,5,1
10.5,0.43,0.35,3.3,0.092,24,70,0.99798,3.21,0.69,10.5,6,0
9.1,0.6,0,1.9,0.058,5,10,0.9977,3.18,0.63,10.4,6,4
5.9,0.19,0.21,1.7,0.045,57,135,0.99341,3.32,0.44,9.5,5,3
7.4,0.36,0.34,1.8,0.075,18,38,0.9933,3.38,0.88,13.6,7,0
7.2,0.48,0.07,5.5,0.089,10,18,0.99684,3.37,0.68,11.2,7,2
8.5,0.28,0.35,1.7,0.061,6,15,0.99524,3.3,0.74,11.8,7,4
8,0.25,0.43,1.7,0.067,22,50,0.9946,3.38,0.6,11.9,6,0
10.4,0.52,0.45,2,0.08,6,13,0.99774,3.22,0.76,11.4,6,4
10.4,0.52,0.45,2,0.08,6,13,0.99774,3.22,0.76,11.4,6,4
7.5,0.41,0.15,3.7,0.104,29,94,0.99786,3.14,0.58,9.1,5,1
8.2,0.51,0.24,2,0.079,16,86,0.99764,3.34,0.64,9.5,6,1
7.3,0.4,0.3,1.7,0.08,33,79,0.9969,3.41,0.65,9.5,6,1
8.2,0.38,0.32,2.5,0.08,24,71,0.99624,3.27,0.85,11,6,0
6.9,0.45,0.11,2.4,0.043,6,12,0.99354,3.3,0.65,11.4,6,4
7,0.22,0.3,1.8,0.065,16,20,0.99672,3.61,0.82,10,6,2
7.3,0.32,0.23,2.3,0.066,35,70,0.99588,3.43,0.62,10.1,5,0
8.2,0.2,0.43,2.5,0.076,31,51,0.99672,3.53,0.81,10.4,6,0
7.8,0.5,0.12,1.8,0.178,6,21,0.996,3.28,0.87,9.8,6,2
10,0.41,0.45,6.2,0.071,6,14,0.99702,3.21,0.49,11.8,7,4
7.8,0.39,0.42,2,0.086,9,21,0.99526,3.39,0.66,11.6,6,2
10,0.35,0.47,2,0.061,6,11,0.99585,3.23,0.52,12,6,4
8.2,0.33,0.32,2.8,0.067,4,12,0.99473,3.3,0.76,12.8,7,4
6.1,0.58,0.23,2.5,0.044,16,70,0.99352,3.46,0.65,12.5,6,0
8.3,0.6,0.25,2.2,0.118,9,38,0.99616,3.15,0.53,9.8,5,0
9.6,0.42,0.35,2.1,0.083,17,38,0.99622,3.23,0.66,11.1,6,0
6.6,0.58,0,2.2,0.1,50,63,0.99544,3.59,0.68,11.4,6,0
8.3,0.6,0.25,2.2,0.118,9,38,0.99616,3.15,0.53,9.8,5,0
8.5,0.18,0.51,1.75,0.071,45,88,0.99524,3.33,0.76,11.8,7,1
5.1,0.51,0.18,2.1,0.042,16,101,0.9924,3.46,0.87,12.9,7,1
6.7,0.41,0.43,2.8,0.076,22,54,0.99572,3.42,1.16,10.6,6,0
10.2,0.41,0.43,2.2,0.11,11,37,0.99728,3.16,0.67,10.8,5,0
10.6,0.36,0.57,2.3,0.087,6,20,0.99676,3.14,0.72,11.1,7,2
8.8,0.45,0.43,1.4,0.076,12,21,0.99551,3.21,0.75,10.2,6,2
8.5,0.32,0.42,2.3,0.075,12,19,0.99434,3.14,0.71,11.8,7,2
9,0.785,0.24,1.7,0.078,10,21,0.99692,3.29,0.67,10,5,2
9,0.785,0.24,1.7,0.078,10,21,0.99692,3.29,0.67,10,5,2
8.5,0.44,0.5,1.9,0.369,15,38,0.99634,3.01,1.1,9.4,5,0
9.9,0.54,0.26,2,0.111,7,60,0.99709,2.94,0.98,10.2,5,0
8.2,0.33,0.39,2.5,0.074,29,48,0.99528,3.32,0.88,12.4,7,0
6.5,0.34,0.27,2.8,0.067,8,44,0.99384,3.21,0.56,12,6,0
7.6,0.5,0.29,2.3,0.086,5,14,0.99502,3.32,0.62,11.5,6,4
9.2,0.36,0.34,1.6,0.062,5,12,0.99667,3.2,0.67,10.5,6,4
7.1,0.59,0,2.2,0.078,26,44,0.99522,3.42,0.68,10.8,6,0
9.7,0.42,0.46,2.1,0.074,5,16,0.99649,3.27,0.74,12.3,6,4
7.6,0.36,0.31,1.7,0.079,26,65,0.99716,3.46,0.62,9.5,6,0
7.6,0.36,0.31,1.7,0.079,26,65,0.99716,3.46,0.62,9.5,6,0
6.5,0.61,0,2.2,0.095,48,59,0.99541,3.61,0.7,11.5,6,0
6.5,0.88,0.03,5.6,0.079,23,47,0.99572,3.58,0.5,11.2,4,0
7.1,0.66,0,2.4,0.052,6,11,0.99318,3.35,0.66,12.7,7,4
5.6,0.915,0,2.1,0.041,17,78,0.99346,3.68,0.73,11.4,5,1
8.2,0.35,0.33,2.4,0.076,11,47,0.99599,3.27,0.81,11,6,0
8.2,0.35,0.33,2.4,0.076,11,47,0.99599,3.27,0.81,11,6,0
9.8,0.39,0.43,1.65,0.068,5,11,0.99478,3.19,0.46,11.4,5,4
10.2,0.4,0.4,2.5,0.068,41,54,0.99754,3.38,0.86,10.5,6,0
6.8,0.66,0.07,1.6,0.07,16,61,0.99572,3.29,0.6,9.3,5,0
6.7,0.64,0.23,2.1,0.08,11,119,0.99538,3.36,0.7,10.9,5,1
7,0.43,0.3,2,0.085,6,39,0.99346,3.33,0.46,11.9,6,0
6.6,0.8,0.03,7.8,0.079,6,12,0.9963,3.52,0.5,12.2,5,4
7,0.43,0.3,2,0.085,6,39,0.99346,3.33,0.46,11.9,6,0
6.7,0.64,0.23,2.1,0.08,11,119,0.99538,3.36,0.7,10.9,5,1
8.8,0.955,0.05,1.8,0.075,5,19,0.99616,3.3,0.44,9.6,4,2
9.1,0.4,0.57,4.6,0.08,6,20,0.99652,3.28,0.57,12.5,6,2
6.5,0.885,0,2.3,0.166,6,12,0.99551,3.56,0.51,10.8,5,4
7.2,0.25,0.37,2.5,0.063,11,41,0.99439,3.52,0.8,12.4,7,0
6.4,0.885,0,2.3,0.166,6,12,0.99551,3.56,0.51,10.8,5,4
7,0.745,0.12,1.8,0.114,15,64,0.99588,3.22,0.59,9.5,6,0
6.2,0.43,0.22,1.8,0.078,21,56,0.99633,3.52,0.6,9.5,6,0
7.9,0.58,0.23,2.3,0.076,23,94,0.99686,3.21,0.58,9.5,6,1
7.7,0.57,0.21,1.5,0.069,4,9,0.99458,3.16,0.54,9.8,6,4
7.7,0.26,0.26,2,0.052,19,77,0.9951,3.15,0.79,10.9,6,1
7.9,0.58,0.23,2.3,0.076,23,94,0.99686,3.21,0.58,9.5,6,1
7.7,0.57,0.21,1.5,0.069,4,9,0.99458,3.16,0.54,9.8,6,4
7.9,0.34,0.36,1.9,0.065,5,10,0.99419,3.27,0.54,11.2,7,4
8.6,0.42,0.39,1.8,0.068,6,12,0.99516,3.35,0.69,11.7,8,4
9.9,0.74,0.19,5.8,0.111,33,76,0.99878,3.14,0.55,9.4,5,1
7.2,0.36,0.46,2.1,0.074,24,44,0.99534,3.4,0.85,11,7,0
7.2,0.36,0.46,2.1,0.074,24,44,0.99534,3.4,0.85,11,7,0
7.2,0.36,0.46,2.1,0.074,24,44,0.99534,3.4,0.85,11,7,0
9.9,0.72,0.55,1.7,0.136,24,52,0.99752,3.35,0.94,10,5,0
7.2,0.36,0.46,2.1,0.074,24,44,0.99534,3.4,0.85,11,7,0
6.2,0.39,0.43,2,0.071,14,24,0.99428,3.45,0.87,11.2,7,2
6.8,0.65,0.02,2.1,0.078,8,15,0.99498,3.35,0.62,10.4,6,4
6.6,0.44,0.15,2.1,0.076,22,53,0.9957,3.32,0.62,9.3,5,0
6.8,0.65,0.02,2.1,0.078,8,15,0.99498,3.35,0.62,10.4,6,4
9.6,0.38,0.42,1.9,0.071,5,13,0.99659,3.15,0.75,10.5,6,4
10.2,0.33,0.46,1.9,0.081,6,9,0.99628,3.1,0.48,10.4,6,4
8.8,0.27,0.46,2.1,0.095,20,29,0.99488,3.26,0.56,11.3,6,2
7.9,0.57,0.31,2,0.079,10,79,0.99677,3.29,0.69,9.5,6,1
8.2,0.34,0.37,1.9,0.057,43,74,0.99408,3.23,0.81,12,6,1
8.2,0.4,0.31,1.9,0.082,8,24,0.996,3.24,0.69,10.6,6,2
9,0.39,0.4,1.3,0.044,25,50,0.99478,3.2,0.83,10.9,6,0
10.9,0.32,0.52,1.8,0.132,17,44,0.99734,3.28,0.77,11.5,6,0
10.9,0.32,0.52,1.8,0.132,17,44,0.99734,3.28,0.77,11.5,6,0
8.1,0.53,0.22,2.2,0.078,33,89,0.99678,3.26,0.46,9.6,6,1
10.5,0.36,0.47,2.2,0.074,9,23,0.99638,3.23,0.76,12,6,2
12.6,0.39,0.49,2.5,0.08,8,20,0.9992,3.07,0.82,10.3,6,2
9.2,0.46,0.23,2.6,0.091,18,77,0.99922,3.15,0.51,9.4,5,1
7.5,0.58,0.03,4.1,0.08,27,46,0.99592,3.02,0.47,9.2,5,0
9,0.58,0.25,2,0.104,8,21,0.99769,3.27,0.72,9.6,5,2
5.1,0.42,0,1.8,0.044,18,88,0.99157,3.68,0.73,13.6,7,1
7.6,0.43,0.29,2.1,0.075,19,66,0.99718,3.4,0.64,9.5,5,0
7.7,0.18,0.34,2.7,0.066,15,58,0.9947,3.37,0.78,11.8,6,0
7.8,0.815,0.01,2.6,0.074,48,90,0.99621,3.38,0.62,10.8,5,1
7.6,0.43,0.29,2.1,0.075,19,66,0.99718,3.4,0.64,9.5,5,0
10.2,0.23,0.37,2.2,0.057,14,36,0.99614,3.23,0.49,9.3,4,0
7.1,0.75,0.01,2.2,0.059,11,18,0.99242,3.39,0.4,12.8,6,2
6,0.33,0.32,12.9,0.054,6,113,0.99572,3.3,0.56,11.5,4,1
7.8,0.55,0,1.7,0.07,7,17,0.99659,3.26,0.64,9.4,6,2
7.1,0.75,0.01,2.2,0.059,11,18,0.99242,3.39,0.4,12.8,6,2
8.1,0.73,0,2.5,0.081,12,24,0.99798,3.38,0.46,9.6,4,2
6.5,0.67,0,4.3,0.057,11,20,0.99488,3.45,0.56,11.8,4,2
7.5,0.61,0.2,1.7,0.076,36,60,0.99494,3.1,0.4,9.3,5,0
9.8,0.37,0.39,2.5,0.079,28,65,0.99729,3.16,0.59,9.8,5,0
9,0.4,0.41,2,0.058,15,40,0.99414,3.22,0.6,12.2,6,0
8.3,0.56,0.22,2.4,0.082,10,86,0.9983,3.37,0.62,9.5,5,1
5.9,0.29,0.25,13.4,0.067,72,160,0.99721,3.33,0.54,10.3,6,3
7.4,0.55,0.19,1.8,0.082,15,34,0.99655,3.49,0.68,10.5,5,0
7.4,0.74,0.07,1.7,0.086,15,48,0.99502,3.12,0.48,10,5,0
7.4,0.55,0.19,1.8,0.082,15,34,0.99655,3.49,0.68,10.5,5,0
6.9,0.41,0.33,2.2,0.081,22,36,0.9949,3.41,0.75,11.1,6,0
7.1,0.6,0.01,2.3,0.079,24,37,0.99514,3.4,0.61,10.9,6,0
7.1,0.6,0.01,2.3,0.079,24,37,0.99514,3.4,0.61,10.9,6,0
7.5,0.58,0.14,2.2,0.077,27,60,0.9963,3.28,0.59,9.8,5,0
7.1,0.72,0,1.8,0.123,6,14,0.99627,3.45,0.58,9.8,5,4
7.9,0.66,0,1.4,0.096,6,13,0.99569,3.43,0.58,9.5,5,4
7.8,0.7,0.06,1.9,0.079,20,35,0.99628,3.4,0.69,10.9,5,0
6.1,0.64,0.02,2.4,0.069,26,46,0.99358,3.47,0.45,11,5,0
7.5,0.59,0.22,1.8,0.082,43,60,0.99499,3.1,0.42,9.2,5,0
7,0.58,0.28,4.8,0.085,12,69,0.99633,3.32,0.7,11,6,0
6.8,0.64,0,2.7,0.123,15,33,0.99538,3.44,0.63,11.3,6,0
6.8,0.64,0,2.7,0.123,15,33,0.99538,3.44,0.63,11.3,6,0
8.6,0.635,0.68,1.8,0.403,19,56,0.99632,3.02,1.15,9.3,5,0
6.3,1.02,0,2,0.083,17,24,0.99437,3.59,0.55,11.2,4,2
9.8,0.45,0.38,2.5,0.081,34,66,0.99726,3.15,0.58,9.8,5,0
8.2,0.78,0,2.2,0.089,13,26,0.9978,3.37,0.46,9.6,4,2
8.5,0.37,0.32,1.8,0.066,26,51,0.99456,3.38,0.72,11.8,6,0
7.2,0.57,0.05,2.3,0.081,16,36,0.99564,3.38,0.6,10.3,6,0
7.2,0.57,0.05,2.3,0.081,16,36,0.99564,3.38,0.6,10.3,6,0
10.4,0.43,0.5,2.3,0.068,13,19,0.996,3.1,0.87,11.4,6,2
6.9,0.41,0.31,2,0.079,21,51,0.99668,3.47,0.55,9.5,6,0
5.5,0.49,0.03,1.8,0.044,28,87,0.9908,3.5,0.82,14,8,1
5,0.38,0.01,1.6,0.048,26,60,0.99084,3.7,0.75,14,6,0
7.3,0.44,0.2,1.6,0.049,24,64,0.9935,3.38,0.57,11.7,6,0
5.9,0.46,0,1.9,0.077,25,44,0.99385,3.5,0.53,11.2,5,0
7.5,0.58,0.2,2,0.073,34,44,0.99494,3.1,0.43,9.3,5,0
7.8,0.58,0.13,2.1,0.102,17,36,0.9944,3.24,0.53,11.2,6,0
8,0.715,0.22,2.3,0.075,13,81,0.99688,3.24,0.54,9.5,6,1
8.5,0.4,0.4,6.3,0.05,3,10,0.99566,3.28,0.56,12,4,4
7,0.69,0,1.9,0.114,3,10,0.99636,3.35,0.6,9.7,6,4
8,0.715,0.22,2.3,0.075,13,81,0.99688,3.24,0.54,9.5,6,1
9.8,0.3,0.39,1.7,0.062,3,9,0.9948,3.14,0.57,11.5,7,4
7.1,0.46,0.2,1.9,0.077,28,54,0.9956,3.37,0.64,10.4,6,0
7.1,0.46,0.2,1.9,0.077,28,54,0.9956,3.37,0.64,10.4,6,0
7.9,0.765,0,2,0.084,9,22,0.99619,3.33,0.68,10.9,6,2
8.7,0.63,0.28,2.7,0.096,17,69,0.99734,3.26,0.63,10.2,6,0
7,0.42,0.19,2.3,0.071,18,36,0.99476,3.39,0.56,10.9,5,0
11.3,0.37,0.5,1.8,0.09,20,47,0.99734,3.15,0.57,10.5,5,0
7.1,0.16,0.44,2.5,0.068,17,31,0.99328,3.35,0.54,12.4,6,2
8,0.6,0.08,2.6,0.056,3,7,0.99286,3.22,0.37,13,5,4
7,0.6,0.3,4.5,0.068,20,110,0.99914,3.3,1.17,10.2,5,1
7,0.6,0.3,4.5,0.068,20,110,0.99914,3.3,1.17,10.2,5,1
7.6,0.74,0,1.9,0.1,6,12,0.99521,3.36,0.59,11,5,4
8.2,0.635,0.1,2.1,0.073,25,60,0.99638,3.29,0.75,10.9,6,0
5.9,0.395,0.13,2.4,0.056,14,28,0.99362,3.62,0.67,12.4,6,2
7.5,0.755,0,1.9,0.084,6,12,0.99672,3.34,0.49,9.7,4,4
8.2,0.635,0.1,2.1,0.073,25,60,0.99638,3.29,0.75,10.9,6,0
6.6,0.63,0,4.3,0.093,51,77.5,0.99558,3.2,0.45,9.5,5,1
6.6,0.63,0,4.3,0.093,51,77.5,0.99558,3.2,0.45,9.5,5,1
7.2,0.53,0.14,2.1,0.064,15,29,0.99323,3.35,0.61,12.1,6,2
5.7,0.6,0,1.4,0.063,11,18,0.99191,3.45,0.56,12.2,6,2
7.6,1.58,0,2.1,0.137,5,9,0.99476,3.5,0.4,10.9,3,4
5.2,0.645,0,2.15,0.08,15,28,0.99444,3.78,0.61,12.5,6,2
6.7,0.86,0.07,2,0.1,20,57,0.99598,3.6,0.74,11.7,6,0
9.1,0.37,0.32,2.1,0.064,4,15,0.99576,3.3,0.8,11.2,6,4
8,0.28,0.44,1.8,0.081,28,68,0.99501,3.36,0.66,11.2,5,0
7.6,0.79,0.21,2.3,0.087,21,68,0.9955,3.12,0.44,9.2,5,0
7.5,0.61,0.26,1.9,0.073,24,88,0.99612,3.3,0.53,9.8,5,1
9.7,0.69,0.32,2.5,0.088,22,91,0.9979,3.29,0.62,10.1,5,1
6.8,0.68,0.09,3.9,0.068,15,29,0.99524,3.41,0.52,11.1,4,2
9.7,0.69,0.32,2.5,0.088,22,91,0.9979,3.29,0.62,10.1,5,1
7,0.62,0.1,1.4,0.071,27,63,0.996,3.28,0.61,9.2,5,0
7.5,0.61,0.26,1.9,0.073,24,88,0.99612,3.3,0.53,9.8,5,1
6.5,0.51,0.15,3,0.064,12,27,0.9929,3.33,0.59,12.8,6,2
8,1.18,0.21,1.9,0.083,14,41,0.99532,3.34,0.47,10.5,5,0
7,0.36,0.21,2.3,0.086,20,65,0.99558,3.4,0.54,10.1,6,0
7,0.36,0.21,2.4,0.086,24,69,0.99556,3.4,0.53,10.1,6,0
7.5,0.63,0.27,2,0.083,17,91,0.99616,3.26,0.58,9.8,6,1
5.4,0.74,0,1.2,0.041,16,46,0.99258,4.01,0.59,12.5,6,0
9.9,0.44,0.46,2.2,0.091,10,41,0.99638,3.18,0.69,11.9,6,0
7.5,0.63,0.27,2,0.083,17,91,0.99616,3.26,0.58,9.8,6,1
9.1,0.76,0.68,1.7,0.414,18,64,0.99652,2.9,1.33,9.1,6,0
9.7,0.66,0.34,2.6,0.094,12,88,0.99796,3.26,0.66,10.1,5,1
5,0.74,0,1.2,0.041,16,46,0.99258,4.01,0.59,12.5,6,0
9.1,0.34,0.42,1.8,0.058,9,18,0.99392,3.18,0.55,11.4,5,2
9.1,0.36,0.39,1.8,0.06,21,55,0.99495,3.18,0.82,11,7,0
6.7,0.46,0.24,1.7,0.077,18,34,0.9948,3.39,0.6,10.6,6,0
6.7,0.46,0.24,1.7,0.077,18,34,0.9948,3.39,0.6,10.6,6,0
6.7,0.46,0.24,1.7,0.077,18,34,0.9948,3.39,0.6,10.6,6,0
6.7,0.46,0.24,1.7,0.077,18,34,0.9948,3.39,0.6,10.6,6,0
6.5,0.52,0.11,1.8,0.073,13,38,0.9955,3.34,0.52,9.3,5,0
7.4,0.6,0.26,2.1,0.083,17,91,0.99616,3.29,0.56,9.8,6,1
7.4,0.6,0.26,2.1,0.083,17,91,0.99616,3.29,0.56,9.8,6,1
7.8,0.87,0.26,3.8,0.107,31,67,0.99668,3.26,0.46,9.2,5,0
8.4,0.39,0.1,1.7,0.075,6,25,0.99581,3.09,0.43,9.7,6,2
9.1,0.775,0.22,2.2,0.079,12,48,0.9976,3.18,0.51,9.6,5,0
7.2,0.835,0,2,0.166,4,11,0.99608,3.39,0.52,10,5,4
6.6,0.58,0.02,2.4,0.069,19,40,0.99387,3.38,0.66,12.6,6,0
6,0.5,0,1.4,0.057,15,26,0.99448,3.36,0.45,9.5,5,2
6,0.5,0,1.4,0.057,15,26,0.99448,3.36,0.45,9.5,5,2
6,0.5,0,1.4,0.057,15,26,0.99448,3.36,0.45,9.5,5,2
7.5,0.51,0.02,1.7,0.084,13,31,0.99538,3.36,0.54,10.5,6,2
7.5,0.51,0.02,1.7,0.084,13,31,0.99538,3.36,0.54,10.5,6,2
7.5,0.51,0.02,1.7,0.084,13,31,0.99538,3.36,0.54,10.5,6,2
7.6,0.54,0.02,1.7,0.085,17,31,0.99589,3.37,0.51,10.4,6,2
7.5,0.51,0.02,1.7,0.084,13,31,0.99538,3.36,0.54,10.5,6,2
11.5,0.42,0.48,2.6,0.077,8,20,0.99852,3.09,0.53,11,5,2
8.2,0.44,0.24,2.3,0.063,10,28,0.99613,3.25,0.53,10.2,6,2
6.1,0.59,0.01,2.1,0.056,5,13,0.99472,3.52,0.56,11.4,5,4
7.2,0.655,0.03,1.8,0.078,7,12,0.99587,3.34,0.39,9.5,5,4
7.2,0.655,0.03,1.8,0.078,7,12,0.99587,3.34,0.39,9.5,5,4
6.9,0.57,0,2.8,0.081,21,41,0.99518,3.41,0.52,10.8,5,0
9,0.6,0.29,2,0.069,32,73,0.99654,3.34,0.57,10,5,0
7.2,0.62,0.01,2.3,0.065,8,46,0.99332,3.32,0.51,11.8,6,0
7.6,0.645,0.03,1.9,0.086,14,57,0.9969,3.37,0.46,10.3,5,0
7.6,0.645,0.03,1.9,0.086,14,57,0.9969,3.37,0.46,10.3,5,0
7.2,0.58,0.03,2.3,0.077,7,28,0.99568,3.35,0.52,10,5,2
6.1,0.32,0.25,1.8,0.086,5,32,0.99464,3.36,0.44,10.1,5,2
6.1,0.34,0.25,1.8,0.084,4,28,0.99464,3.36,0.44,10.1,5,2
7.3,0.43,0.24,2.5,0.078,27,67,0.99648,3.6,0.59,11.1,6,0
7.4,0.64,0.17,5.4,0.168,52,98,0.99736,3.28,0.5,9.5,5,1
11.6,0.475,0.4,1.4,0.091,6,28,0.99704,3.07,0.65,10.0333,6,2
9.2,0.54,0.31,2.3,0.112,11,38,0.99699,3.24,0.56,10.9,5,0
8.3,0.85,0.14,2.5,0.093,13,54,0.99724,3.36,0.54,10.1,5,0
11.6,0.475,0.4,1.4,0.091,6,28,0.99704,3.07,0.65,10.0333,6,2
8,0.83,0.27,2,0.08,11,63,0.99652,3.29,0.48,9.8,4,0
7.2,0.605,0.02,1.9,0.096,10,31,0.995,3.46,0.53,11.8,6,2
7.8,0.5,0.09,2.2,0.115,10,42,0.9971,3.18,0.62,9.5,5,0
7.3,0.74,0.08,1.7,0.094,10,45,0.99576,3.24,0.5,9.8,5,0
6.9,0.54,0.3,2.2,0.088,9,105,0.99725,3.25,1.18,10.5,6,1
8,0.77,0.32,2.1,0.079,16,74,0.99656,3.27,0.5,9.8,6,0
6.6,0.61,0,1.6,0.069,4,8,0.99396,3.33,0.37,10.4,4,4
8.7,0.78,0.51,1.7,0.415,12,66,0.99623,3,1.17,9.2,5,0
7.5,0.58,0.56,3.1,0.153,5,14,0.99476,3.21,1.03,11.6,6,4
8.7,0.78,0.51,1.7,0.415,12,66,0.99623,3,1.17,9.2,5,0
7.7,0.75,0.27,3.8,0.11,34,89,0.99664,3.24,0.45,9.3,5,1
6.8,0.815,0,1.2,0.267,16,29,0.99471,3.32,0.51,9.8,3,2
7.2,0.56,0.26,2,0.083,13,100,0.99586,3.26,0.52,9.9,5,1
8.2,0.885,0.2,1.4,0.086,7,31,0.9946,3.11,0.46,10,5,2
5.2,0.49,0.26,2.3,0.09,23,74,0.9953,3.71,0.62,12.2,6,0
7.2,0.45,0.15,2,0.078,10,28,0.99609,3.29,0.51,9.9,6,2
7.5,0.57,0.02,2.6,0.077,11,35,0.99557,3.36,0.62,10.8,6,0
7.5,0.57,0.02,2.6,0.077,11,35,0.99557,3.36,0.62,10.8,6,0
6.8,0.83,0.09,1.8,0.074,4,25,0.99534,3.38,0.45,9.6,5,2
8,0.6,0.22,2.1,0.08,25,105,0.99613,3.3,0.49,9.9,5,1
8,0.6,0.22,2.1,0.08,25,105,0.99613,3.3,0.49,9.9,5,1
7.1,0.755,0.15,1.8,0.107,20,84,0.99593,3.19,0.5,9.5,5,1
8,0.81,0.25,3.4,0.076,34,85,0.99668,3.19,0.42,9.2,5,1
7.4,0.64,0.07,1.8,0.1,8,23,0.9961,3.3,0.58,9.6,5,2
7.4,0.64,0.07,1.8,0.1,8,23,0.9961,3.3,0.58,9.6,5,2
6.6,0.64,0.31,6.1,0.083,7,49,0.99718,3.35,0.68,10.3,5,0
6.7,0.48,0.02,2.2,0.08,36,111,0.99524,3.1,0.53,9.7,5,1
6,0.49,0,2.3,0.068,15,33,0.99292,3.58,0.59,12.5,6,0
8,0.64,0.22,2.4,0.094,5,33,0.99612,3.37,0.58,11,5,2
7.1,0.62,0.06,1.3,0.07,5,12,0.9942,3.17,0.48,9.8,5,4
8,0.52,0.25,2,0.078,19,59,0.99612,3.3,0.48,10.2,5,0
6.4,0.57,0.14,3.9,0.07,27,73,0.99669,3.32,0.48,9.2,5,0
8.6,0.685,0.1,1.6,0.092,3,12,0.99745,3.31,0.65,9.55,6,4
8.7,0.675,0.1,1.6,0.09,4,11,0.99745,3.31,0.65,9.55,5,4
7.3,0.59,0.26,2,0.08,17,104,0.99584,3.28,0.52,9.9,5,1
7,0.6,0.12,2.2,0.083,13,28,0.9966,3.52,0.62,10.2,7,2
7.2,0.67,0,2.2,0.068,10,24,0.9956,3.42,0.72,11.1,6,2
7.9,0.69,0.21,2.1,0.08,33,141,0.9962,3.25,0.51,9.9,5,3
7.9,0.69,0.21,2.1,0.08,33,141,0.9962,3.25,0.51,9.9,5,3
7.6,0.3,0.42,2,0.052,6,24,0.9963,3.44,0.82,11.9,6,2
7.2,0.33,0.33,1.7,0.061,3,13,0.996,3.23,1.1,10,8,4
8,0.5,0.39,2.6,0.082,12,46,0.9985,3.43,0.62,10.7,6,0
7.7,0.28,0.3,2,0.062,18,34,0.9952,3.28,0.9,11.3,7,0
8.2,0.24,0.34,5.1,0.062,8,22,0.9974,3.22,0.94,10.9,6,2
6,0.51,0,2.1,0.064,40,54,0.995,3.54,0.93,10.7,6,0
8.1,0.29,0.36,2.2,0.048,35,53,0.995,3.27,1.01,12.4,7,0
6,0.51,0,2.1,0.064,40,54,0.995,3.54,0.93,10.7,6,0
6.6,0.96,0,1.8,0.082,5,16,0.9936,3.5,0.44,11.9,6,4
6.4,0.47,0.4,2.4,0.071,8,19,0.9963,3.56,0.73,10.6,6,2
8.2,0.24,0.34,5.1,0.062,8,22,0.9974,3.22,0.94,10.9,6,2
9.9,0.57,0.25,2,0.104,12,89,0.9963,3.04,0.9,10.1,5,1
10,0.32,0.59,2.2,0.077,3,15,0.9994,3.2,0.78,9.6,5,4
6.2,0.58,0,1.6,0.065,8,18,0.9966,3.56,0.84,9.4,5,2
10,0.32,0.59,2.2,0.077,3,15,0.9994,3.2,0.78,9.6,5,4
7.3,0.34,0.33,2.5,0.064,21,37,0.9952,3.35,0.77,12.1,7,0
7.8,0.53,0.01,1.6,0.077,3,19,0.995,3.16,0.46,9.8,5,2
7.7,0.64,0.21,2.2,0.077,32,133,0.9956,3.27,0.45,9.9,5,3
7.8,0.53,0.01,1.6,0.077,3,19,0.995,3.16,0.46,9.8,5,2
7.5,0.4,0.18,1.6,0.079,24,58,0.9965,3.34,0.58,9.4,5,0
7,0.54,0,2.1,0.079,39,55,0.9956,3.39,0.84,11.4,6,0
6.4,0.53,0.09,3.9,0.123,14,31,0.9968,3.5,0.67,11,4,2
8.3,0.26,0.37,1.4,0.076,8,23,0.9974,3.26,0.7,9.6,6,2
8.3,0.26,0.37,1.4,0.076,8,23,0.9974,3.26,0.7,9.6,6,2
7.7,0.23,0.37,1.8,0.046,23,60,0.9971,3.41,0.71,12.1,6,0
7.6,0.41,0.33,2.5,0.078,6,23,0.9957,3.3,0.58,11.2,5,2
7.8,0.64,0,1.9,0.072,27,55,0.9962,3.31,0.63,11,5,0
7.9,0.18,0.4,2.2,0.049,38,67,0.996,3.33,0.93,11.3,5,0
7.4,0.41,0.24,1.8,0.066,18,47,0.9956,3.37,0.62,10.4,5,0
7.6,0.43,0.31,2.1,0.069,13,74,0.9958,3.26,0.54,9.9,6,0
5.9,0.44,0,1.6,0.042,3,11,0.9944,3.48,0.85,11.7,6,4
6.1,0.4,0.16,1.8,0.069,11,25,0.9955,3.42,0.74,10.1,7,2
10.2,0.54,0.37,15.4,0.214,55,95,1.00369,3.18,0.77,9,6,1
10.2,0.54,0.37,15.4,0.214,55,95,1.00369,3.18,0.77,9,6,1
10,0.38,0.38,1.6,0.169,27,90,0.99914,3.15,0.65,8.5,5,1
6.8,0.915,0.29,4.8,0.07,15,39,0.99577,3.53,0.54,11.1,5,0
7,0.59,0,1.7,0.052,3,8,0.996,3.41,0.47,10.3,5,4
7.3,0.67,0.02,2.2,0.072,31,92,0.99566,3.32,0.68,11.0667,6,1
7.2,0.37,0.32,2,0.062,15,28,0.9947,3.23,0.73,11.3,7,2
7.4,0.785,0.19,5.2,0.094,19,98,0.99713,3.16,0.52,9.56667,6,1
6.9,0.63,0.02,1.9,0.078,18,30,0.99712,3.4,0.75,9.8,5,2
6.9,0.58,0.2,1.75,0.058,8,22,0.99322,3.38,0.49,11.7,5,2
7.3,0.67,0.02,2.2,0.072,31,92,0.99566,3.32,0.68,11.1,6,1
7.4,0.785,0.19,5.2,0.094,19,98,0.99713,3.16,0.52,9.6,6,1
6.9,0.63,0.02,1.9,0.078,18,30,0.99712,3.4,0.75,9.8,5,2
6.8,0.67,0,1.9,0.08,22,39,0.99701,3.4,0.74,9.7,5,0
6.9,0.58,0.01,1.9,0.08,40,54,0.99683,3.4,0.73,9.7,5,0
7.2,0.38,0.31,2,0.056,15,29,0.99472,3.23,0.76,11.3,8,2
7.2,0.37,0.32,2,0.062,15,28,0.9947,3.23,0.73,11.3,7,2
7.8,0.32,0.44,2.7,0.104,8,17,0.99732,3.33,0.78,11,7,2
6.6,0.58,0.02,2,0.062,37,53,0.99374,3.35,0.76,11.6,7,0
7.6,0.49,0.33,1.9,0.074,27,85,0.99706,3.41,0.58,9,5,1
11.7,0.45,0.63,2.2,0.073,7,23,0.99974,3.21,0.69,10.9,6,2
6.5,0.9,0,1.6,0.052,9,17,0.99467,3.5,0.63,10.9,6,2
6,0.54,0.06,1.8,0.05,38,89,0.99236,3.3,0.5,10.55,6,1
7.6,0.49,0.33,1.9,0.074,27,85,0.99706,3.41,0.58,9,5,1
8.4,0.29,0.4,1.7,0.067,8,20,0.99603,3.39,0.6,10.5,5,2
7.9,0.2,0.35,1.7,0.054,7,15,0.99458,3.32,0.8,11.9,7,4
6.4,0.42,0.09,2.3,0.054,34,64,0.99724,3.41,0.68,10.4,6,0
6.2,0.785,0,2.1,0.06,6,13,0.99664,3.59,0.61,10,4,4
6.8,0.64,0.03,2.3,0.075,14,31,0.99545,3.36,0.58,10.4,6,2
6.9,0.63,0.01,2.4,0.076,14,39,0.99522,3.34,0.53,10.8,6,0
6.8,0.59,0.1,1.7,0.063,34,53,0.9958,3.41,0.67,9.7,5,0
6.8,0.59,0.1,1.7,0.063,34,53,0.9958,3.41,0.67,9.7,5,0
7.3,0.48,0.32,2.1,0.062,31,54,0.99728,3.3,0.65,10,7,0
6.7,1.04,0.08,2.3,0.067,19,32,0.99648,3.52,0.57,11,4,0
7.3,0.48,0.32,2.1,0.062,31,54,0.99728,3.3,0.65,10,7,0
7.3,0.98,0.05,2.1,0.061,20,49,0.99705,3.31,0.55,9.7,3,0
10,0.69,0.11,1.4,0.084,8,24,0.99578,2.88,0.47,9.7,5,2
6.7,0.7,0.08,3.75,0.067,8,16,0.99334,3.43,0.52,12.6,5,2
7.6,0.35,0.6,2.6,0.073,23,44,0.99656,3.38,0.79,11.1,6,0
6.1,0.6,0.08,1.8,0.071,14,45,0.99336,3.38,0.54,11,5,0
9.9,0.5,0.5,13.8,0.205,48,82,1.00242,3.16,0.75,8.8,5,1
5.3,0.47,0.11,2.2,0.048,16,89,0.99182,3.54,0.88,13.5667,7,1
9.9,0.5,0.5,13.8,0.205,48,82,1.00242,3.16,0.75,8.8,5,1
5.3,0.47,0.11,2.2,0.048,16,89,0.99182,3.54,0.88,13.6,7,1
7.1,0.875,0.05,5.7,0.082,3,14,0.99808,3.4,0.52,10.2,3,4
8.2,0.28,0.6,3,0.104,10,22,0.99828,3.39,0.68,10.6,5,2
5.6,0.62,0.03,1.5,0.08,6,13,0.99498,3.66,0.62,10.1,4,4
8.2,0.28,0.6,3,0.104,10,22,0.99828,3.39,0.68,10.6,5,2
7.2,0.58,0.54,2.1,0.114,3,9,0.99719,3.33,0.57,10.3,4,4
8.1,0.33,0.44,1.5,0.042,6,12,0.99542,3.35,0.61,10.7,5,4
6.8,0.91,0.06,2,0.06,4,11,0.99592,3.53,0.64,10.9,4,4
7,0.655,0.16,2.1,0.074,8,25,0.99606,3.37,0.55,9.7,5,2
6.8,0.68,0.21,2.1,0.07,9,23,0.99546,3.38,0.6,10.3,5,2
6,0.64,0.05,1.9,0.066,9,17,0.99496,3.52,0.78,10.6,5,2
5.6,0.54,0.04,1.7,0.049,5,13,0.9942,3.72,0.58,11.4,5,4
6.2,0.57,0.1,2.1,0.048,4,11,0.99448,3.44,0.76,10.8,6,4
7.1,0.22,0.49,1.8,0.039,8,18,0.99344,3.39,0.56,12.4,6,2
5.6,0.54,0.04,1.7,0.049,5,13,0.9942,3.72,0.58,11.4,5,4
6.2,0.65,0.06,1.6,0.05,6,18,0.99348,3.57,0.54,11.95,5,2
7.7,0.54,0.26,1.9,0.089,23,147,0.99636,3.26,0.59,9.7,5,3
6.4,0.31,0.09,1.4,0.066,15,28,0.99459,3.42,0.7,10,7,2
7,0.43,0.02,1.9,0.08,15,28,0.99492,3.35,0.81,10.6,6,2
7.7,0.54,0.26,1.9,0.089,23,147,0.99636,3.26,0.59,9.7,5,3
6.9,0.74,0.03,2.3,0.054,7,16,0.99508,3.45,0.63,11.5,6,4
6.6,0.895,0.04,2.3,0.068,7,13,0.99582,3.53,0.58,10.8,6,4
6.9,0.74,0.03,2.3,0.054,7,16,0.99508,3.45,0.63,11.5,6,4
7.5,0.725,0.04,1.5,0.076,8,15,0.99508,3.26,0.53,9.6,5,4
7.8,0.82,0.29,4.3,0.083,21,64,0.99642,3.16,0.53,9.4,5,0
7.3,0.585,0.18,2.4,0.078,15,60,0.99638,3.31,0.54,9.8,5,0
6.2,0.44,0.39,2.5,0.077,6,14,0.99555,3.51,0.69,11,6,4
7.5,0.38,0.57,2.3,0.106,5,12,0.99605,3.36,0.55,11.4,6,4
6.7,0.76,0.02,1.8,0.078,6,12,0.996,3.55,0.63,9.95,3,4
6.8,0.81,0.05,2,0.07,6,14,0.99562,3.51,0.66,10.8,6,4
7.5,0.38,0.57,2.3,0.106,5,12,0.99605,3.36,0.55,11.4,6,4
7.1,0.27,0.6,2.1,0.074,17,25,0.99814,3.38,0.72,10.6,6,2
7.9,0.18,0.4,1.8,0.062,7,20,0.9941,3.28,0.7,11.1,5,2
6.4,0.36,0.21,2.2,0.047,26,48,0.99661,3.47,0.77,9.7,6,0
7.1,0.69,0.04,2.1,0.068,19,27,0.99712,3.44,0.67,9.8,5,2
6.4,0.79,0.04,2.2,0.061,11,17,0.99588,3.53,0.65,10.4,6,2
6.4,0.56,0.15,1.8,0.078,17,65,0.99294,3.33,0.6,10.5,6,0
6.9,0.84,0.21,4.1,0.074,16,65,0.99842,3.53,0.72,9.23333,6,0
6.9,0.84,0.21,4.1,0.074,16,65,0.99842,3.53,0.72,9.25,6,0
6.1,0.32,0.25,2.3,0.071,23,58,0.99633,3.42,0.97,10.6,5,0
6.5,0.53,0.06,2,0.063,29,44,0.99489,3.38,0.83,10.3,6,0
7.4,0.47,0.46,2.2,0.114,7,20,0.99647,3.32,0.63,10.5,5,2
6.6,0.7,0.08,2.6,0.106,14,27,0.99665,3.44,0.58,10.2,5,2
6.5,0.53,0.06,2,0.063,29,44,0.99489,3.38,0.83,10.3,6,0
6.9,0.48,0.2,1.9,0.082,9,23,0.99585,3.39,0.43,9.05,4,2
6.1,0.32,0.25,2.3,0.071,23,58,0.99633,3.42,0.97,10.6,5,0
6.8,0.48,0.25,2,0.076,29,61,0.9953,3.34,0.6,10.4,5,0
6,0.42,0.19,2,0.075,22,47,0.99522,3.39,0.78,10,6,0
6.7,0.48,0.08,2.1,0.064,18,34,0.99552,3.33,0.64,9.7,5,0
6.8,0.47,0.08,2.2,0.064,18,38,0.99553,3.3,0.65,9.6,6,0
7.1,0.53,0.07,1.7,0.071,15,24,0.9951,3.29,0.66,10.8,6,2
7.9,0.29,0.49,2.2,0.096,21,59,0.99714,3.31,0.67,10.1,6,0
7.1,0.69,0.08,2.1,0.063,42,52,0.99608,3.42,0.6,10.2,6,0
6.6,0.44,0.09,2.2,0.063,9,18,0.99444,3.42,0.69,11.3,6,2
6.1,0.705,0.1,2.8,0.081,13,28,0.99631,3.6,0.66,10.2,5,2
7.2,0.53,0.13,2,0.058,18,22,0.99573,3.21,0.68,9.9,6,2
8,0.39,0.3,1.9,0.074,32,84,0.99717,3.39,0.61,9,5,1
6.6,0.56,0.14,2.4,0.064,13,29,0.99397,3.42,0.62,11.7,7,2
7,0.55,0.13,2.2,0.075,15,35,0.9959,3.36,0.59,9.7,6,0
6.1,0.53,0.08,1.9,0.077,24,45,0.99528,3.6,0.68,10.3,6,0
5.4,0.58,0.08,1.9,0.059,20,31,0.99484,3.5,0.64,10.2,6,2
6.2,0.64,0.09,2.5,0.081,15,26,0.99538,3.57,0.63,12,5,2
7.2,0.39,0.32,1.8,0.065,34,60,0.99714,3.46,0.78,9.9,5,0
6.2,0.52,0.08,4.4,0.071,11,32,0.99646,3.56,0.63,11.6,6,2
7.4,0.25,0.29,2.2,0.054,19,49,0.99666,3.4,0.76,10.9,7,0
6.7,0.855,0.02,1.9,0.064,29,38,0.99472,3.3,0.56,10.75,6,0
11.1,0.44,0.42,2.2,0.064,14,19,0.99758,3.25,0.57,10.4,6,2
8.4,0.37,0.43,2.3,0.063,12,19,0.9955,3.17,0.81,11.2,7,2
6.5,0.63,0.33,1.8,0.059,16,28,0.99531,3.36,0.64,10.1,6,2
7,0.57,0.02,2,0.072,17,26,0.99575,3.36,0.61,10.2,5,2
6.3,0.6,0.1,1.6,0.048,12,26,0.99306,3.55,0.51,12.1,5,2
11.2,0.4,0.5,2,0.099,19,50,0.99783,3.1,0.58,10.4,5,0
7.4,0.36,0.3,1.8,0.074,17,24,0.99419,3.24,0.7,11.4,8,2
7.1,0.68,0,2.3,0.087,17,26,0.99783,3.45,0.53,9.5,5,2
7.1,0.67,0,2.3,0.083,18,27,0.99768,3.44,0.54,9.4,5,2
6.3,0.68,0.01,3.7,0.103,32,54,0.99586,3.51,0.66,11.3,6,0
7.3,0.735,0,2.2,0.08,18,28,0.99765,3.41,0.6,9.4,5,2
6.6,0.855,0.02,2.4,0.062,15,23,0.99627,3.54,0.6,11,6,2
7,0.56,0.17,1.7,0.065,15,24,0.99514,3.44,0.68,10.55,7,2
6.6,0.88,0.04,2.2,0.066,12,20,0.99636,3.53,0.56,9.9,5,2
6.6,0.855,0.02,2.4,0.062,15,23,0.99627,3.54,0.6,11,6,2
6.9,0.63,0.33,6.7,0.235,66,115,0.99787,3.22,0.56,9.5,5,1
7.8,0.6,0.26,2,0.08,31,131,0.99622,3.21,0.52,9.9,5,3
7.8,0.6,0.26,2,0.08,31,131,0.99622,3.21,0.52,9.9,5,3
7.8,0.6,0.26,2,0.08,31,131,0.99622,3.21,0.52,9.9,5,3
7.2,0.695,0.13,2,0.076,12,20,0.99546,3.29,0.54,10.1,5,2
7.2,0.695,0.13,2,0.076,12,20,0.99546,3.29,0.54,10.1,5,2
7.2,0.695,0.13,2,0.076,12,20,0.99546,3.29,0.54,10.1,5,2
6.7,0.67,0.02,1.9,0.061,26,42,0.99489,3.39,0.82,10.9,6,0
6.7,0.16,0.64,2.1,0.059,24,52,0.99494,3.34,0.71,11.2,6,0
7.2,0.695,0.13,2,0.076,12,20,0.99546,3.29,0.54,10.1,5,2
7,0.56,0.13,1.6,0.077,25,42,0.99629,3.34,0.59,9.2,5,0
6.2,0.51,0.14,1.9,0.056,15,34,0.99396,3.48,0.57,11.5,6,0
6.4,0.36,0.53,2.2,0.23,19,35,0.9934,3.37,0.93,12.4,6,0
6.4,0.38,0.14,2.2,0.038,15,25,0.99514,3.44,0.65,11.1,6,2
7.3,0.69,0.32,2.2,0.069,35,104,0.99632,3.33,0.51,9.5,5,1
6,0.58,0.2,2.4,0.075,15,50,0.99467,3.58,0.67,12.5,6,0
5.6,0.31,0.78,13.9,0.074,23,92,0.99677,3.39,0.48,10.5,6,1
7.5,0.52,0.4,2.2,0.06,12,20,0.99474,3.26,0.64,11.8,6,2
8,0.3,0.63,1.6,0.081,16,29,0.99588,3.3,0.78,10.8,6,2
6.2,0.7,0.15,5.1,0.076,13,27,0.99622,3.54,0.6,11.9,6,2
6.8,0.67,0.15,1.8,0.118,13,20,0.9954,3.42,0.67,11.3,6,2
6.2,0.56,0.09,1.7,0.053,24,32,0.99402,3.54,0.6,11.3,5,0
7.4,0.35,0.33,2.4,0.068,9,26,0.9947,3.36,0.6,11.9,6,2
6.2,0.56,0.09,1.7,0.053,24,32,0.99402,3.54,0.6,11.3,5,0
6.1,0.715,0.1,2.6,0.053,13,27,0.99362,3.57,0.5,11.9,5,2
6.2,0.46,0.29,2.1,0.074,32,98,0.99578,3.33,0.62,9.8,5,1
6.7,0.32,0.44,2.4,0.061,24,34,0.99484,3.29,0.8,11.6,7,0
7.2,0.39,0.44,2.6,0.066,22,48,0.99494,3.3,0.84,11.5,6,0
7.5,0.31,0.41,2.4,0.065,34,60,0.99492,3.34,0.85,11.4,6,0
5.8,0.61,0.11,1.8,0.066,18,28,0.99483,3.55,0.66,10.9,6,2
7.2,0.66,0.33,2.5,0.068,34,102,0.99414,3.27,0.78,12.8,6,1
6.6,0.725,0.2,7.8,0.073,29,79,0.9977,3.29,0.54,9.2,5,1
6.3,0.55,0.15,1.8,0.077,26,35,0.99314,3.32,0.82,11.6,6,0
5.4,0.74,0.09,1.7,0.089,16,26,0.99402,3.67,0.56,11.6,6,2
6.3,0.51,0.13,2.3,0.076,29,40,0.99574,3.42,0.75,11,6,0
6.8,0.62,0.08,1.9,0.068,28,38,0.99651,3.42,0.82,9.5,6,0
6.2,0.6,0.08,2,0.09,32,44,0.9949,3.45,0.58,10.5,5,0
5.9,0.55,0.1,2.2,0.062,39,51,0.99512,3.52,0.76,11.2,6,0
6.3,0.51,0.13,2.3,0.076,29,40,0.99574,3.42,0.75,11,6,0
5.9,0.645,0.12,2,0.075,32,44,0.99547,3.57,0.71,10.2,5,0
6,0.31,0.47,3.6,0.067,18,42,0.99549,3.39,0.66,11,6,0
9.18446,0.503063,0.397146,4.68617,0.076446,13.4258,98.4165,0.998195,3.23863,0.750117,9.92913,5.25991,1
8.74092,0.185229,0,1.74602,0.0397973,19.162,16.598,0.994081,3.53739,0.619878,10.4949,4.48544,2
7.37181,0.547682,0.0467608,3.06851,0.0591973,12.8238,26.6745,1.00024,3.30903,0.478859,11.2995,4.65011,2
8.68329,0.176923,0.0122435,2.81637,0.122223,17.6675,42.6635,0.996178,3.08285,0.53613,9.9321,6.48972,0
8.91791,0.212131,0.334108,1.99587,0.055607,22.2732,80.3829,0.998504,3.18155,0.605735,10.776,6.42384,1
7.48535,0.494576,0.0554603,0.9,0.125708,30.0614,44.099,0.998641,3.36694,0.548797,10.8081,6.87809,0
8.25726,0.807985,0,3.69763,0.0915634,12.7473,49.4863,0.992996,3.2772,0.718682,11.9979,5.21748,0
6.91197,0.437976,0.449297,3.00232,0.0625332,21.2438,49.6612,0.998575,3.20273,0.602608,10.0051,4.45413,0
8.83521,0.574565,0.271972,2.20805,0.0208517,11.4749,35.1941,0.995233,3.28621,0.726638,12.433,5.77701,0
8.76806,0.51449,0,2.50142,0.0903013,41.6408,40.14,0.997316,3.30575,0.46005,11.6409,6.24326,0
9.6969,0.364986,0.544242,0.9,0.115087,38.7874,13.8838,0.995678,3.3265,0.572806,8.77049,5.69139,2
6.47006,0.612622,0.0918707,4.7241,0.0506025,12.5061,73.2287,0.994424,3.34623,0.879719,8.70994,5.78513,0
8.77212,0.667813,0.0300162,0.9,0.112032,18.9814,54.7078,0.997401,3.20613,0.697517,10.7353,5.05913,0
11.5681,0.612665,0.0389083,3.4645,0.0415929,24.108,84.5802,0.995198,3.45985,0.728118,11.299,7.16781,1
7.89239,0.392857,0.0976972,1.38857,0.0838377,19.4434,55.5696,0.998308,3.31312,0.904533,10.1409,7.83275,0
9.40898,0.374338,0.0623645,3.21906,0.0769492,23.3435,62.0351,0.996609,3.18038,0.401372,9.94715,6.32762,0
8.6924,0.304759,0.304711,3.08208,0.0458675,17.4829,48.3826,0.99459,3.36635,0.753206,11.5772,6.48704,0
5.92098,0.359894,0.371305,3.26321,0.111707,56.1751,65.2474,0.99889,3.4584,0.768564,10.087,6.24894,0
6.97407,0.485416,0.176426,2.65424,0.196407,1,69.0425,0.993703,3.23825,0.842734,10.4915,4.76567,0
7.07422,0.649509,0.128699,2.844,0.0896114,9.05908,116.994,0.997943,2.99846,0.689754,9.71774,6.32442,1
6.93978,0.507276,0.369348,3.75946,0.0309742,12.376,30.8443,0.995514,3.58368,0.726796,9.0793,6.37726,2
12.0145,0.712693,0,1.85607,0.147094,8.47259,61.0674,0.998209,3.16801,0.648059,8.4,4.80876,0
7.87989,0.304393,0.588971,0.9,0.0667557,17.2425,93.8789,0.994037,3.49069,0.659883,9.37702,6.0092,1
8.66622,0.420346,0.284573,1.99554,0.0928093,22.8009,98.6403,0.994411,3.64042,0.33,10.2612,6.11113,1
8.80887,0.41632,0.230433,1.84371,0.0597279,24.7619,58.2119,0.995439,3.45,0.710238,11.2892,6.14449,0
6.87628,0.427515,0.416549,3.39938,0.0864828,17.1022,88.497,0.99563,3.39558,0.623876,10.191,6.52336,1
9.75677,0.673487,0.525284,2.56842,0.119563,12.6295,57.1314,0.996501,3.32609,0.759032,9.55103,7.32577,0
6.56806,0.310408,0.496577,3.65499,0.116841,22.4475,46.0649,0.995053,3.32282,0.543365,11.4621,5.51726,0
6.88237,0.470273,0.351415,1.74399,0.0487685,18.4239,54.526,0.99579,3.23839,0.697483,8.87981,4.4994,0
7.06876,0.489601,0.331541,4.61895,0.127833,14.2019,45.8422,0.994855,3.30825,0.609219,10.7669,4.96798,0
9.22387,0.802272,0.249789,3.10519,0.119948,11.6781,53.8394,0.99677,3.32619,0.527118,10.4491,6.03819,0
10.8462,0.699587,0.690418,1.4569,0.128523,17.7927,118.502,0.995221,3.18147,0.556548,8.4,5.21144,1
6.99791,0.55475,0.33755,5.18407,0.132199,9.84042,16.9142,0.997675,3.10729,0.968594,11.6799,5.25713,2
5.33691,0.770244,0.248663,4.28404,0.0124243,9.60536,46.6403,0.996835,3.24163,0.763726,9.28525,5.52104,0
8.52908,0.619936,0.409599,0.953141,0.015263,29.2396,57.3994,0.995334,3.55059,0.677756,11.6797,5.69055,0
11.9076,0.842131,0.222477,3.90865,0.117841,30.191,14.7263,0.998042,3.47452,0.36003,9.16202,3.9892,2
7.85057,0.656303,0.563636,2.64327,0.164118,1.43884,6,0.996642,3.37041,0.652607,8.4,5.56405,4
6.04843,0.647732,0.342389,1.21364,0.0632812,4.79538,44.4059,0.998549,3.15893,0.743588,9.8579,4.99572,0
8.13329,0.34245,0.163124,0.9,0.179937,16.2438,23.4501,0.997151,3.29377,0.620693,11.0775,6.24776,2
7.39598,0.424715,0.217395,0.9,0.0161536,30.1726,100.58,0.996277,3.40013,0.710908,13.704,6.54016,1
8.09692,0.356722,0,2.82567,0.0518687,1,25.1986,0.994705,3.57158,0.807593,10.4145,6.83118,2
8.45434,0.373599,0.567682,3.29863,0.0386482,13.8839,17.664,0.994137,3.4541,0.981808,8.93258,6.09066,2
7.18681,0.440596,0.155577,1.32064,0.0897502,7.18305,55.3646,0.996652,3.27422,0.50431,9.80834,6.24605,0
9.19178,0.35278,0.290326,3.59821,0.012,21.5586,24.6706,0.997824,3.19328,0.352209,8.68856,5.67485,2
8.77184,0.365894,0.395374,0.9,0.0843565,3.2075,25.0254,0.996836,3.17828,0.592964,11.4954,5.17014,2
9.77466,0.325536,0.374182,4.57131,0.012,7.53927,65.4508,0.996363,3.36841,0.555769,10.5153,5.5103,0
10.3529,0.573377,0.336741,1.95809,0.0645172,11.3503,59.4434,0.995952,3.35585,1.00994,11.3513,5.37274,0
10.4111,0.454751,0,1.11748,0.012,12.198,47.0737,0.999911,3.36159,0.62101,11.3069,3.85038,0
8.72987,0.665851,0,4.15142,0.103398,11.5309,67.2834,1.00103,3.33919,0.700224,9.93346,4.94971,0
9.76533,0.37453,0.284917,1.86534,0.11001,19.3651,80.598,0.995784,3.26945,0.492242,9.94951,5.94072,1
9.63763,0.362698,0.440376,4.45016,0.106925,35.5065,21.0137,0.994398,3.0365,0.911739,11.1203,5.59113,2
8.80709,0.326291,0.747411,2.721,0.0926152,23.4666,62.2907,0.997169,3.18907,0.738066,12.4286,6.72254,0
11.0935,0.436282,0.0781995,2.36145,0.0900893,27.3203,6,0.999633,3.28672,0.58579,9.34442,4.29961,4
9.75286,0.540949,0.0196898,0.9,0.0716627,33.3331,37.9285,0.99391,3.27317,0.61192,8.4,5.59218,0
7.91756,0.652483,0.631154,4.12718,0.0748112,4.30049,131.119,0.996858,3.31326,0.654059,10.6341,5.51944,3
7.32084,0.4299,0.264595,1.77262,0.0539162,16.9882,38.0802,0.999585,2.90184,0.843167,11.7509,3.96162,0
7.72299,0.46131,0,1.44214,0.035197,34.2039,77.2472,0.999147,3.42253,0.466767,9.86402,6.03123,1
6.19179,0.65549,0.22416,2.01034,0.120928,20.522,34.5937,0.998935,3.14421,0.762554,11.055,5.38604,0
8.88747,0.303796,0.450977,2.27811,0.0628644,26.8477,23.2982,0.994088,3.07079,0.760872,9.05847,7.05314,2
4.6948,0.831587,0.312082,2.40245,0.0618198,20.0499,45.2298,0.998829,3.32875,0.683626,10.0355,5.59003,0
8.85555,0.221598,0.00834756,3.58675,0.0955084,13.9504,47.0742,0.997403,3.22778,0.526221,10.6317,4.84592,0
9.03045,0.222956,0.471456,3.20513,0.0995167,26.154,101.254,0.998661,3.02691,0.441252,9.75713,5.65709,1
9.22093,0.397869,0.307358,1.47377,0.0586853,1.16103,16.0977,0.994196,3.16045,0.836748,9.41124,7.76185,4
9.17855,0.560917,0.103767,3.52619,0.060374,17.1512,130.683,0.996565,3.48855,0.538956,10.3857,7.06607,3
7.22803,0.852357,0.408846,1.74577,0.117231,26.048,66.9224,0.993783,3.19885,0.616193,10.3437,6.13726,0
8.62903,0.288714,0.345039,3.39969,0.113813,27.1801,73.8999,0.997613,3.30028,0.376604,10.8808,5.80374,0
8.79248,0.299206,0.0603846,4.02368,0.0856049,23.0035,47.3993,0.996803,3.45597,0.570676,10.5254,5.2627,0
7.56314,0.47246,0.314248,1.8638,0.146569,6.51719,40.3206,0.995917,3.53451,0.691466,11.5226,4.43633,0
8.7846,0.687118,0.287005,4.04106,0.0631202,30.6169,122.091,0.996062,3.24233,0.904508,12.1063,5.21378,1
7.58805,0.477364,0.00907512,1.24357,0.0402064,7.84364,45.3268,0.997189,3.55049,0.488921,11.4719,5.46321,0
8.23352,0.648654,0.0522681,3.07798,0.0953007,21.026,55.9801,1.00138,3.21265,0.568141,9.75892,5.18744,0
7.20989,0.740725,0.547691,1.73409,0.0482915,20.806,28.3022,0.997941,3.34244,0.40122,12.0721,7.08632,2
7.25271,0.458399,0.326663,3.01037,0.118461,36.902,40.6471,0.99524,3.09817,0.534251,10.3877,7.08525,0
7.41843,0.567892,0.267776,4.21435,0.206397,10.322,30.3675,0.998717,3.41639,0.971179,11.0453,5.34587,2
9.34802,0.726345,0.430806,3.25403,0.13767,28.1059,91.9344,0.997971,3.28531,0.683018,11.7087,4.97629,1
8.96153,0.457389,0.276575,4.34133,0.0964607,16.3607,6,0.998155,3.41077,1.02484,10.095,5.813,4
8.75384,0.810279,0.252412,2.93221,0.116077,17.8269,31.7822,0.997113,3.47687,0.484147,10.5647,5.07063,2
10.4003,0.255079,0.162097,3.07065,0.161148,15.1872,28.2043,1.0003,3.08756,0.33,10.8919,5.23058,2
6.54157,0.654659,0.318468,1.7435,0.0272086,25.001,67.8564,0.99656,3.59621,0.476762,8.79728,5.07726,0
8.24027,0.571393,0.223983,3.03518,0.0285625,30.9769,43.7654,0.998855,3.36403,0.735572,11.0302,5.99758,0
9.43868,0.765818,0.309258,3.53845,0.0832431,30.9388,24.2176,1.00015,3.30491,0.415622,10.5595,5.08603,2
9.78328,0.410962,0.184059,0.9,0.0661786,1,6,0.998182,3.43243,0.730267,9.39251,5.59749,4
8.31336,0.320404,0.563839,3.77582,0.0770668,16.1562,53.3226,0.992893,3.27295,0.542548,9.35559,5.40901,0
11.4496,0.64257,0.159709,3.34611,0.153328,25.5467,48.4294,0.995526,3.41891,0.724847,11.377,6.14897,0
10.147,0.431981,0.527605,2.81741,0.185139,8.66591,103.573,0.99712,3.21054,0.576127,10.0816,5.97857,1
9.22994,0.425094,0.266231,5.55925,0.168774,20.4389,47.7179,0.996973,3.40583,0.484778,10.1487,4.28853,0
9.01472,0.643707,0.17685,4.75801,0.0297755,1,53.8512,0.998723,3.57109,0.580365,11.5725,5.60492,0
8.01908,0.686048,0.398049,0.9,0.15696,30.3109,25.8897,0.997494,3.38738,0.702335,9.83654,5.09364,2
8.27515,0.737809,0.37687,2.01627,0.123787,1,84.2568,0.993463,3.25516,0.468357,9.04328,6.57347,1
7.50532,0.589865,0.261835,3.2114,0.0910822,2.45462,79.2403,0.995815,3.0708,0.58558,12.0223,6.32264,1
7.7126,0.465283,0.208321,5.46687,0.105442,20.3732,80.3593,0.997197,3.27112,0.624866,10.3467,5.60596,1
9.58651,0.537122,0.413695,2.425,0.0911675,1,76.6107,0.997401,3.46519,0.33,12.6485,5.52329,0
10.2491,0.341615,0.390345,1.05357,0.0581087,35.896,40.1952,0.997157,3.44544,0.74217,10.5833,5.93075,0
12.5042,0.517503,0.31015,4.02015,0.139498,28.2914,67.479,0.994589,3.56329,0.463835,10.7455,5.02689,0
8.20797,0.586689,0.333576,3.13368,0.163416,20.619,38.4362,0.998566,3.49475,0.450061,11.0596,6.20227,0
7.80155,0.774154,0.241745,2.71586,0.0793209,16.0379,10.4055,0.994029,3.55728,0.514583,9.36649,3.89701,4
7.20714,0.290908,0.590842,3.96257,0.0550785,39.4358,78.7633,0.996134,2.92524,1.04648,8.94216,4.30725,1
10.1,0.964682,0.540633,3.33388,0.115459,24.8018,71.433,0.997277,3.3272,0.647539,9.61951,5.40936,0
5.37204,0.510212,0.0783969,0.982824,0.0959333,30.4355,76.6761,0.993783,3.15833,0.817616,9.37598,5.45462,1
9.27733,0.354429,0.291503,0.9,0.059163,19.2199,6,0.997578,3.30808,0.7518,10.6616,6.73766,4
7.4,0.7,0,1.9,0.076,11,34,0.9978,3.51,0.56,9.4,5,0
7.8,0.88,0,2.6,0.098,25,67,0.9968,3.2,0.68,9.8,5,0
7.8,0.76,0.04,2.3,0.092,15,54,0.997,3.26,0.65,9.8,5,0
11.2,0.28,0.56,1.9,0.075,17,60,0.998,3.16,0.58,9.8,6,0
7.4,0.7,0,1.9,0.076,11,34,0.9978,3.51,0.56,9.4,5,0
7.4,0.66,0,1.8,0.075,13,40,0.9978,3.51,0.56,9.4,5,0
7.9,0.6,0.06,1.6,0.069,15,59,0.9964,3.3,0.46,9.4,5,0
7.3,0.65,0,1.2,0.065,15,21,0.9946,3.39,0.47,10,7,2
7.8,0.58,0.02,2,0.073,9,18,0.9968,3.36,0.57,9.5,7,2
7.5,0.5,0.36,6.1,0.071,17,102,0.9978,3.35,0.8,10.5,5,1
6.7,0.58,0.08,1.8,0.097,15,65,0.9959,3.28,0.54,9.2,5,0
7.5,0.5,0.36,6.1,0.071,17,102,0.9978,3.35,0.8,10.5,5,1
5.6,0.615,0,1.6,0.089,16,59,0.9943,3.58,0.52,9.9,5,0
7.8,0.61,0.29,1.6,0.114,9,29,0.9974,3.26,1.56,9.1,5,2
8.9,0.62,0.18,3.8,0.176,52,145,0.9986,3.16,0.88,9.2,5,3
8.9,0.62,0.19,3.9,0.17,51,148,0.9986,3.17,0.93,9.2,5,3
8.5,0.28,0.56,1.8,0.092,35,103,0.9969,3.3,0.75,10.5,7,1
8.1,0.56,0.28,1.7,0.368,16,56,0.9968,3.11,1.28,9.3,5,0
7.4,0.59,0.08,4.4,0.086,6,29,0.9974,3.38,0.5,9,4,2
7.9,0.32,0.51,1.8,0.341,17,56,0.9969,3.04,1.08,9.2,6,0
8.9,0.22,0.48,1.8,0.077,29,60,0.9968,3.39,0.53,9.4,6,0
7.6,0.39,0.31,2.3,0.082,23,71,0.9982,3.52,0.65,9.7,5,0
7.9,0.43,0.21,1.6,0.106,10,37,0.9966,3.17,0.91,9.5,5,0
8.5,0.49,0.11,2.3,0.084,9,67,0.9968,3.17,0.53,9.4,5,0
6.9,0.4,0.14,2.4,0.085,21,40,0.9968,3.43,0.63,9.7,6,0
6.3,0.39,0.16,1.4,0.08,11,23,0.9955,3.34,0.56,9.3,5,2
7.6,0.41,0.24,1.8,0.08,4,11,0.9962,3.28,0.59,9.5,5,4
7.9,0.43,0.21,1.6,0.106,10,37,0.9966,3.17,0.91,9.5,5,0
7.1,0.71,0,1.9,0.08,14,35,0.9972,3.47,0.55,9.4,5,0
7.8,0.645,0,2,0.082,8,16,0.9964,3.38,0.59,9.8,6,2
6.7,0.675,0.07,2.4,0.089,17,82,0.9958,3.35,0.54,10.1,5,1
6.9,0.685,0,2.5,0.105,22,37,0.9966,3.46,0.57,10.6,6,0
8.3,0.655,0.12,2.3,0.083,15,113,0.9966,3.17,0.66,9.8,5,1
6.9,0.605,0.12,10.7,0.073,40,83,0.9993,3.45,0.52,9.4,6,1
5.2,0.32,0.25,1.8,0.103,13,50,0.9957,3.38,0.55,9.2,5,0
7.8,0.645,0,5.5,0.086,5,18,0.9986,3.4,0.55,9.6,6,2
7.8,0.6,0.14,2.4,0.086,3,15,0.9975,3.42,0.6,10.8,6,4
8.1,0.38,0.28,2.1,0.066,13,30,0.9968,3.23,0.73,9.7,7,2
5.7,1.13,0.09,1.5,0.172,7,19,0.994,3.5,0.48,9.8,4,2
7.3,0.45,0.36,5.9,0.074,12,87,0.9978,3.33,0.83,10.5,5,1
7.3,0.45,0.36,5.9,0.074,12,87,0.9978,3.33,0.83,10.5,5,1
8.8,0.61,0.3,2.8,0.088,17,46,0.9976,3.26,0.51,9.3,4,0
7.5,0.49,0.2,2.6,0.332,8,14,0.9968,3.21,0.9,10.5,6,4
8.1,0.66,0.22,2.2,0.069,9,23,0.9968,3.3,1.2,10.3,5,2
6.8,0.67,0.02,1.8,0.05,5,11,0.9962,3.48,0.52,9.5,5,4
4.6,0.52,0.15,2.1,0.054,8,65,0.9934,3.9,0.56,13.1,4,0
7.7,0.935,0.43,2.2,0.114,22,114,0.997,3.25,0.73,9.2,5,1
8.7,0.29,0.52,1.6,0.113,12,37,0.9969,3.25,0.58,9.5,5,0
6.4,0.4,0.23,1.6,0.066,5,12,0.9958,3.34,0.56,9.2,5,4
5.6,0.31,0.37,1.4,0.074,12,96,0.9954,3.32,0.58,9.2,5,1
8.8,0.66,0.26,1.7,0.074,4,23,0.9971,3.15,0.74,9.2,5,2
6.6,0.52,0.04,2.2,0.069,8,15,0.9956,3.4,0.63,9.4,6,4
6.6,0.5,0.04,2.1,0.068,6,14,0.9955,3.39,0.64,9.4,6,4
8.6,0.38,0.36,3,0.081,30,119,0.997,3.2,0.56,9.4,5,1
7.6,0.51,0.15,2.8,0.11,33,73,0.9955,3.17,0.63,10.2,6,0
7.7,0.62,0.04,3.8,0.084,25,45,0.9978,3.34,0.53,9.5,5,0
10.2,0.42,0.57,3.4,0.07,4,10,0.9971,3.04,0.63,9.6,5,4
7.5,0.63,0.12,5.1,0.111,50,110,0.9983,3.26,0.77,9.4,5,1
7.8,0.59,0.18,2.3,0.076,17,54,0.9975,3.43,0.59,10,5,0
7.3,0.39,0.31,2.4,0.074,9,46,0.9962,3.41,0.54,9.4,6,0
8.8,0.4,0.4,2.2,0.079,19,52,0.998,3.44,0.64,9.2,5,0
7.7,0.69,0.49,1.8,0.115,20,112,0.9968,3.21,0.71,9.3,5,1
7.5,0.52,0.16,1.9,0.085,12,35,0.9968,3.38,0.62,9.5,7,0
7,0.735,0.05,2,0.081,13,54,0.9966,3.39,0.57,9.8,5,0
7.2,0.725,0.05,4.65,0.086,4,11,0.9962,3.41,0.39,10.9,5,4
7.2,0.725,0.05,4.65,0.086,4,11,0.9962,3.41,0.39,10.9,5,4
7.5,0.52,0.11,1.5,0.079,11,39,0.9968,3.42,0.58,9.6,5,0
6.6,0.705,0.07,1.6,0.076,6,15,0.9962,3.44,0.58,10.7,5,4
9.3,0.32,0.57,2,0.074,27,65,0.9969,3.28,0.79,10.7,5,0
8,0.705,0.05,1.9,0.074,8,19,0.9962,3.34,0.95,10.5,6,2
7.7,0.63,0.08,1.9,0.076,15,27,0.9967,3.32,0.54,9.5,6,2
7.7,0.67,0.23,2.1,0.088,17,96,0.9962,3.32,0.48,9.5,5,1
7.7,0.69,0.22,1.9,0.084,18,94,0.9961,3.31,0.48,9.5,5,1
8.3,0.675,0.26,2.1,0.084,11,43,0.9976,3.31,0.53,9.2,4,0
9.7,0.32,0.54,2.5,0.094,28,83,0.9984,3.28,0.82,9.6,5,1
8.8,0.41,0.64,2.2,0.093,9,42,0.9986,3.54,0.66,10.5,5,0
8.8,0.41,0.64,2.2,0.093,9,42,0.9986,3.54,0.66,10.5,5,0
6.8,0.785,0,2.4,0.104,14,30,0.9966,3.52,0.55,10.7,6,2
6.7,0.75,0.12,2,0.086,12,80,0.9958,3.38,0.52,10.1,5,1
8.3,0.625,0.2,1.5,0.08,27,119,0.9972,3.16,1.12,9.1,4,1
6.2,0.45,0.2,1.6,0.069,3,15,0.9958,3.41,0.56,9.2,5,4
7.8,0.43,0.7,1.9,0.464,22,67,0.9974,3.13,1.28,9.4,5,0
7.4,0.5,0.47,2,0.086,21,73,0.997,3.36,0.57,9.1,5,0
7.3,0.67,0.26,1.8,0.401,16,51,0.9969,3.16,1.14,9.4,5,0
6.3,0.3,0.48,1.8,0.069,18,61,0.9959,3.44,0.78,10.3,6,0
6.9,0.55,0.15,2.2,0.076,19,40,0.9961,3.41,0.59,10.1,5,0
8.6,0.49,0.28,1.9,0.11,20,136,0.9972,2.93,1.95,9.9,6,3
7.7,0.49,0.26,1.9,0.062,9,31,0.9966,3.39,0.64,9.6,5,2
9.3,0.39,0.44,2.1,0.107,34,125,0.9978,3.14,1.22,9.5,5,3
7,0.62,0.08,1.8,0.076,8,24,0.9978,3.48,0.53,9,5,2
7.9,0.52,0.26,1.9,0.079,42,140,0.9964,3.23,0.54,9.5,5,3
8.6,0.49,0.28,1.9,0.11,20,136,0.9972,2.93,1.95,9.9,6,3
8.6,0.49,0.29,2,0.11,19,133,0.9972,2.93,1.98,9.8,5,3
7.7,0.49,0.26,1.9,0.062,9,31,0.9966,3.39,0.64,9.6,5,2
5,1.02,0.04,1.4,0.045,41,85,0.9938,3.75,0.48,10.5,4,1
4.7,0.6,0.17,2.3,0.058,17,106,0.9932,3.85,0.6,12.9,6,1
6.8,0.775,0,3,0.102,8,23,0.9965,3.45,0.56,10.7,5,2
7,0.5,0.25,2,0.07,3,22,0.9963,3.25,0.63,9.2,5,2
7.6,0.9,0.06,2.5,0.079,5,10,0.9967,3.39,0.56,9.8,5,4
8.1,0.545,0.18,1.9,0.08,13,35,0.9972,3.3,0.59,9,6,0
8.3,0.61,0.3,2.1,0.084,11,50,0.9972,3.4,0.61,10.2,6,0
7.8,0.5,0.3,1.9,0.075,8,22,0.9959,3.31,0.56,10.4,6,2
8.1,0.545,0.18,1.9,0.08,13,35,0.9972,3.3,0.59,9,6,0
8.1,0.575,0.22,2.1,0.077,12,65,0.9967,3.29,0.51,9.2,5,0
7.2,0.49,0.24,2.2,0.07,5,36,0.996,3.33,0.48,9.4,5,0
8.1,0.575,0.22,2.1,0.077,12,65,0.9967,3.29,0.51,9.2,5,0
7.8,0.41,0.68,1.7,0.467,18,69,0.9973,3.08,1.31,9.3,5,0
6.2,0.63,0.31,1.7,0.088,15,64,0.9969,3.46,0.79,9.3,5,0
8,0.33,0.53,2.5,0.091,18,80,0.9976,3.37,0.8,9.6,6,1
8.1,0.785,0.52,2,0.122,37,153,0.9969,3.21,0.69,9.3,5,3
7.8,0.56,0.19,1.8,0.104,12,47,0.9964,3.19,0.93,9.5,5,0
8.4,0.62,0.09,2.2,0.084,11,108,0.9964,3.15,0.66,9.8,5,1
8.4,0.6,0.1,2.2,0.085,14,111,0.9964,3.15,0.66,9.8,5,1
10.1,0.31,0.44,2.3,0.08,22,46,0.9988,3.32,0.67,9.7,6,0
7.8,0.56,0.19,1.8,0.104,12,47,0.9964,3.19,0.93,9.5,5,0
9.4,0.4,0.31,2.2,0.09,13,62,0.9966,3.07,0.63,10.5,6,0
8.3,0.54,0.28,1.9,0.077,11,40,0.9978,3.39,0.61,10,6,0
7.8,0.56,0.12,2,0.082,7,28,0.997,3.37,0.5,9.4,6,2
8.8,0.55,0.04,2.2,0.119,14,56,0.9962,3.21,0.6,10.9,6,0
7,0.69,0.08,1.8,0.097,22,89,0.9959,3.34,0.54,9.2,6,1
7.3,1.07,0.09,1.7,0.178,10,89,0.9962,3.3,0.57,9,5,1
8.8,0.55,0.04,2.2,0.119,14,56,0.9962,3.21,0.6,10.9,6,0
7.3,0.695,0,2.5,0.075,3,13,0.998,3.49,0.52,9.2,5,4
8,0.71,0,2.6,0.08,11,34,0.9976,3.44,0.53,9.5,5,0
7.8,0.5,0.17,1.6,0.082,21,102,0.996,3.39,0.48,9.5,5,1
9,0.62,0.04,1.9,0.146,27,90,0.9984,3.16,0.7,9.4,5,1
8.2,1.33,0,1.7,0.081,3,12,0.9964,3.53,0.49,10.9,5,4
8.1,1.33,0,1.8,0.082,3,12,0.9964,3.54,0.48,10.9,5,4
8,0.59,0.16,1.8,0.065,3,16,0.9962,3.42,0.92,10.5,7,4
6.1,0.38,0.15,1.8,0.072,6,19,0.9955,3.42,0.57,9.4,5,2
8,0.745,0.56,2,0.118,30,134,0.9968,3.24,0.66,9.4,5,3
5.6,0.5,0.09,2.3,0.049,17,99,0.9937,3.63,0.63,13,5,1
5.6,0.5,0.09,2.3,0.049,17,99,0.9937,3.63,0.63,13,5,1
6.6,0.5,0.01,1.5,0.06,17,26,0.9952,3.4,0.58,9.8,6,2
7.9,1.04,0.05,2.2,0.084,13,29,0.9959,3.22,0.55,9.9,6,2
8.4,0.745,0.11,1.9,0.09,16,63,0.9965,3.19,0.82,9.6,5,0
8.3,0.715,0.15,1.8,0.089,10,52,0.9968,3.23,0.77,9.5,5,0
7.2,0.415,0.36,2,0.081,13,45,0.9972,3.48,0.64,9.2,5,0
7.8,0.56,0.19,2.1,0.081,15,105,0.9962,3.33,0.54,9.5,5,1
7.8,0.56,0.19,2,0.081,17,108,0.9962,3.32,0.54,9.5,5,1
8.4,0.745,0.11,1.9,0.09,16,63,0.9965,3.19,0.82,9.6,5,0
8.3,0.715,0.15,1.8,0.089,10,52,0.9968,3.23,0.77,9.5,5,0
5.2,0.34,0,1.8,0.05,27,63,0.9916,3.68,0.79,14,6,0
6.3,0.39,0.08,1.7,0.066,3,20,0.9954,3.34,0.58,9.4,5,2
5.2,0.34,0,1.8,0.05,27,63,0.9916,3.68,0.79,14,6,0
8.1,0.67,0.55,1.8,0.117,32,141,0.9968,3.17,0.62,9.4,5,3
5.8,0.68,0.02,1.8,0.087,21,94,0.9944,3.54,0.52,10,5,1
7.6,0.49,0.26,1.6,0.236,10,88,0.9968,3.11,0.8,9.3,5,1
6.9,0.49,0.1,2.3,0.074,12,30,0.9959,3.42,0.58,10.2,6,2
8.2,0.4,0.44,2.8,0.089,11,43,0.9975,3.53,0.61,10.5,6,0
7.3,0.33,0.47,2.1,0.077,5,11,0.9958,3.33,0.53,10.3,6,4
9.2,0.52,1,3.4,0.61,32,69,0.9996,2.74,2,9.4,4,0
7.5,0.6,0.03,1.8,0.095,25,99,0.995,3.35,0.54,10.1,5,1
7.5,0.6,0.03,1.8,0.095,25,99,0.995,3.35,0.54,10.1,5,1
7.1,0.43,0.42,5.5,0.07,29,129,0.9973,3.42,0.72,10.5,5,3
7.1,0.43,0.42,5.5,0.071,28,128,0.9973,3.42,0.71,10.5,5,3
7.1,0.43,0.42,5.5,0.07,29,129,0.9973,3.42,0.72,10.5,5,3
7.1,0.43,0.42,5.5,0.071,28,128,0.9973,3.42,0.71,10.5,5,3
7.1,0.68,0,2.2,0.073,12,22,0.9969,3.48,0.5,9.3,5,2
6.8,0.6,0.18,1.9,0.079,18,86,0.9968,3.59,0.57,9.3,6,1
7.6,0.95,0.03,2,0.09,7,20,0.9959,3.2,0.56,9.6,5,2
7.6,0.68,0.02,1.3,0.072,9,20,0.9965,3.17,1.08,9.2,4,2
7.8,0.53,0.04,1.7,0.076,17,31,0.9964,3.33,0.56,10,6,2
7.4,0.6,0.26,7.3,0.07,36,121,0.9982,3.37,0.49,9.4,5,1
7.3,0.59,0.26,7.2,0.07,35,121,0.9981,3.37,0.49,9.4,5,1
7.8,0.63,0.48,1.7,0.1,14,96,0.9961,3.19,0.62,9.5,5,1
6.8,0.64,0.1,2.1,0.085,18,101,0.9956,3.34,0.52,10.2,5,1
7.3,0.55,0.03,1.6,0.072,17,42,0.9956,3.37,0.48,9,4,0
6.8,0.63,0.07,2.1,0.089,11,44,0.9953,3.47,0.55,10.4,6,0
7.5,0.705,0.24,1.8,0.36,15,63,0.9964,3,1.59,9.5,5,0
7.9,0.885,0.03,1.8,0.058,4,8,0.9972,3.36,0.33,9.1,4,4
8,0.42,0.17,2,0.073,6,18,0.9972,3.29,0.61,9.2,6,2
8,0.42,0.17,2,0.073,6,18,0.9972,3.29,0.61,9.2,6,2
7.4,0.62,0.05,1.9,0.068,24,42,0.9961,3.42,0.57,11.5,6,0
7.3,0.38,0.21,2,0.08,7,35,0.9961,3.33,0.47,9.5,5,2
6.9,0.5,0.04,1.5,0.085,19,49,0.9958,3.35,0.78,9.5,5,0
7.3,0.38,0.21,2,0.08,7,35,0.9961,3.33,0.47,9.5,5,2
7.5,0.52,0.42,2.3,0.087,8,38,0.9972,3.58,0.61,10.5,6,0
7,0.805,0,2.5,0.068,7,20,0.9969,3.48,0.56,9.6,5,2
8.8,0.61,0.14,2.4,0.067,10,42,0.9969,3.19,0.59,9.5,5,0
8.8,0.61,0.14,2.4,0.067,10,42,0.9969,3.19,0.59,9.5,5,0
8.9,0.61,0.49,2,0.27,23,110,0.9972,3.12,1.02,9.3,5,1
7.2,0.73,0.02,2.5,0.076,16,42,0.9972,3.44,0.52,9.3,5,0
6.8,0.61,0.2,1.8,0.077,11,65,0.9971,3.54,0.58,9.3,5,0
6.7,0.62,0.21,1.9,0.079,8,62,0.997,3.52,0.58,9.3,6,0
8.9,0.31,0.57,2,0.111,26,85,0.9971,3.26,0.53,9.7,5,1
7.4,0.39,0.48,2,0.082,14,67,0.9972,3.34,0.55,9.2,5,0
7.7,0.705,0.1,2.6,0.084,9,26,0.9976,3.39,0.49,9.7,5,2
7.9,0.5,0.33,2,0.084,15,143,0.9968,3.2,0.55,9.5,5,3
7.9,0.49,0.32,1.9,0.082,17,144,0.9968,3.2,0.55,9.5,5,3
8.2,0.5,0.35,2.9,0.077,21,127,0.9976,3.23,0.62,9.4,5,3
6.4,0.37,0.25,1.9,0.074,21,49,0.9974,3.57,0.62,9.8,6,0
6.8,0.63,0.12,3.8,0.099,16,126,0.9969,3.28,0.61,9.5,5,3
7.6,0.55,0.21,2.2,0.071,7,28,0.9964,3.28,0.55,9.7,5,2
7.6,0.55,0.21,2.2,0.071,7,28,0.9964,3.28,0.55,9.7,5,2
7.8,0.59,0.33,2,0.074,24,120,0.9968,3.25,0.54,9.4,5,1
7.3,0.58,0.3,2.4,0.074,15,55,0.9968,3.46,0.59,10.2,5,0
11.5,0.3,0.6,2,0.067,12,27,0.9981,3.11,0.97,10.1,6,2
5.4,0.835,0.08,1.2,0.046,13,93,0.9924,3.57,0.85,13,7,1
6.9,1.09,0.06,2.1,0.061,12,31,0.9948,3.51,0.43,11.4,4,2
9.6,0.32,0.47,1.4,0.056,9,24,0.99695,3.22,0.82,10.3,7,2
8.8,0.37,0.48,2.1,0.097,39,145,0.9975,3.04,1.03,9.3,5,3
6.8,0.5,0.11,1.5,0.075,16,49,0.99545,3.36,0.79,9.5,5,0
7,0.42,0.35,1.6,0.088,16,39,0.9961,3.34,0.55,9.2,5,0
7,0.43,0.36,1.6,0.089,14,37,0.99615,3.34,0.56,9.2,6,0
12.8,0.3,0.74,2.6,0.095,9,28,0.9994,3.2,0.77,10.8,7,2
12.8,0.3,0.74,2.6,0.095,9,28,0.9994,3.2,0.77,10.8,7,2
7.8,0.57,0.31,1.8,0.069,26,120,0.99625,3.29,0.53,9.3,5,1
7.8,0.44,0.28,2.7,0.1,18,95,0.9966,3.22,0.67,9.4,5,1
11,0.3,0.58,2.1,0.054,7,19,0.998,3.31,0.88,10.5,7,2
9.7,0.53,0.6,2,0.039,5,19,0.99585,3.3,0.86,12.4,6,2
8,0.725,0.24,2.8,0.083,10,62,0.99685,3.35,0.56,10,6,0
11.6,0.44,0.64,2.1,0.059,5,15,0.998,3.21,0.67,10.2,6,4
8.2,0.57,0.26,2.2,0.06,28,65,0.9959,3.3,0.43,10.1,5,0
7.8,0.735,0.08,2.4,0.092,10,41,0.9974,3.24,0.71,9.8,6,0
7,0.49,0.49,5.6,0.06,26,121,0.9974,3.34,0.76,10.5,5,1
8.7,0.625,0.16,2,0.101,13,49,0.9962,3.14,0.57,11,5,0
8.1,0.725,0.22,2.2,0.072,11,41,0.9967,3.36,0.55,9.1,5,0
7.5,0.49,0.19,1.9,0.076,10,44,0.9957,3.39,0.54,9.7,5,0
7.8,0.53,0.33,2.4,0.08,24,144,0.99655,3.3,0.6,9.5,5,3
7.8,0.34,0.37,2,0.082,24,58,0.9964,3.34,0.59,9.4,6,0
7.4,0.53,0.26,2,0.101,16,72,0.9957,3.15,0.57,9.4,5,0
6.8,0.61,0.04,1.5,0.057,5,10,0.99525,3.42,0.6,9.5,5,4
8.6,0.645,0.25,2,0.083,8,28,0.99815,3.28,0.6,10,6,2
8.4,0.635,0.36,2,0.089,15,55,0.99745,3.31,0.57,10.4,4,0
7.7,0.43,0.25,2.6,0.073,29,63,0.99615,3.37,0.58,10.5,6,0
8.9,0.59,0.5,2,0.337,27,81,0.9964,3.04,1.61,9.5,6,1
9,0.82,0.14,2.6,0.089,9,23,0.9984,3.39,0.63,9.8,5,2
7.7,0.43,0.25,2.6,0.073,29,63,0.99615,3.37,0.58,10.5,6,0
6.9,0.52,0.25,2.6,0.081,10,37,0.99685,3.46,0.5,11,5,0
5.2,0.48,0.04,1.6,0.054,19,106,0.9927,3.54,0.62,12.2,7,1
8,0.38,0.06,1.8,0.078,12,49,0.99625,3.37,0.52,9.9,6,0
8.5,0.37,0.2,2.8,0.09,18,58,0.998,3.34,0.7,9.6,6,0
6.9,0.52,0.25,2.6,0.081,10,37,0.99685,3.46,0.5,11,5,0
8.2,1,0.09,2.3,0.065,7,37,0.99685,3.32,0.55,9,6,0
7.2,0.63,0,1.9,0.097,14,38,0.99675,3.37,0.58,9,6,0
7.2,0.63,0,1.9,0.097,14,38,0.99675,3.37,0.58,9,6,0
7.2,0.645,0,1.9,0.097,15,39,0.99675,3.37,0.58,9.2,6,0
7.2,0.63,0,1.9,0.097,14,38,0.99675,3.37,0.58,9,6,0
8.2,1,0.09,2.3,0.065,7,37,0.99685,3.32,0.55,9,6,0
8.9,0.635,0.37,1.7,0.263,5,62,0.9971,3,1.09,9.3,5,0
12,0.38,0.56,2.1,0.093,6,24,0.99925,3.14,0.71,10.9,6,2
7.7,0.58,0.1,1.8,0.102,28,109,0.99565,3.08,0.49,9.8,6,1
15,0.21,0.44,2.2,0.075,10,24,1.00005,3.07,0.84,9.2,7,2
15,0.21,0.44,2.2,0.075,10,24,1.00005,3.07,0.84,9.2,7,2
7.3,0.66,0,2,0.084,6,23,0.9983,3.61,0.96,9.9,6,2
7.1,0.68,0.07,1.9,0.075,16,51,0.99685,3.38,0.52,9.5,5,0
8.2,0.6,0.17,2.3,0.072,11,73,0.9963,3.2,0.45,9.3,5,0
7.7,0.53,0.06,1.7,0.074,9,39,0.99615,3.35,0.48,9.8,6,0
7.3,0.66,0,2,0.084,6,23,0.9983,3.61,0.96,9.9,6,2
10.8,0.32,0.44,1.6,0.063,16,37,0.9985,3.22,0.78,10,6,0
7.1,0.6,0,1.8,0.074,16,34,0.9972,3.47,0.7,9.9,6,0
11.1,0.35,0.48,3.1,0.09,5,21,0.9986,3.17,0.53,10.5,5,2
7.7,0.775,0.42,1.9,0.092,8,86,0.9959,3.23,0.59,9.5,5,1
7.1,0.6,0,1.8,0.074,16,34,0.9972,3.47,0.7,9.9,6,0
8,0.57,0.23,3.2,0.073,17,119,0.99675,3.26,0.57,9.3,5,1
9.4,0.34,0.37,2.2,0.075,5,13,0.998,3.22,0.62,9.2,5,4
6.6,0.695,0,2.1,0.075,12,56,0.9968,3.49,0.67,9.2,5,0
7.7,0.41,0.76,1.8,0.611,8,45,0.9968,3.06,1.26,9.4,5,0
10,0.31,0.47,2.6,0.085,14,33,0.99965,3.36,0.8,10.5,7,2
7.9,0.33,0.23,1.7,0.077,18,45,0.99625,3.29,0.65,9.3,5,0
7,0.975,0.04,2,0.087,12,67,0.99565,3.35,0.6,9.4,4,0
8,0.52,0.03,1.7,0.07,10,35,0.99575,3.34,0.57,10,5,0
7.9,0.37,0.23,1.8,0.077,23,49,0.9963,3.28,0.67,9.3,5,0
12.5,0.56,0.49,2.4,0.064,5,27,0.9999,3.08,0.87,10.9,5,2
11.8,0.26,0.52,1.8,0.071,6,10,0.9968,3.2,0.72,10.2,7,4
8.1,0.87,0,3.3,0.096,26,61,1.00025,3.6,0.72,9.8,4,0
7.9,0.35,0.46,3.6,0.078,15,37,0.9973,3.35,0.86,12.8,8,0
6.9,0.54,0.04,3,0.077,7,27,0.9987,3.69,0.91,9.4,6,2
11.5,0.18,0.51,4,0.104,4,23,0.9996,3.28,0.97,10.1,6,2
7.9,0.545,0.06,4,0.087,27,61,0.9965,3.36,0.67,10.7,6,0
11.5,0.18,0.51,4,0.104,4,23,0.9996,3.28,0.97,10.1,6,2
10.9,0.37,0.58,4,0.071,17,65,0.99935,3.22,0.78,10.1,5,0
8.4,0.715,0.2,2.4,0.076,10,38,0.99735,3.31,0.64,9.4,5,0
7.5,0.65,0.18,7,0.088,27,94,0.99915,3.38,0.77,9.4,5,1
7.9,0.545,0.06,4,0.087,27,61,0.9965,3.36,0.67,10.7,6,0
6.9,0.54,0.04,3,0.077,7,27,0.9987,3.69,0.91,9.4,6,2
11.5,0.18,0.51,4,0.104,4,23,0.9996,3.28,0.97,10.1,6,2
10.3,0.32,0.45,6.4,0.073,5,13,0.9976,3.23,0.82,12.6,8,4
8.9,0.4,0.32,5.6,0.087,10,47,0.9991,3.38,0.77,10.5,7,0
11.4,0.26,0.44,3.6,0.071,6,19,0.9986,3.12,0.82,9.3,6,2
7.7,0.27,0.68,3.5,0.358,5,10,0.9972,3.25,1.08,9.9,7,4
7.6,0.52,0.12,3,0.067,12,53,0.9971,3.36,0.57,9.1,5,0
8.9,0.4,0.32,5.6,0.087,10,47,0.9991,3.38,0.77,10.5,7,0
9.9,0.59,0.07,3.4,0.102,32,71,1.00015,3.31,0.71,9.8,5,0
9.9,0.59,0.07,3.4,0.102,32,71,1.00015,3.31,0.71,9.8,5,0
12,0.45,0.55,2,0.073,25,49,0.9997,3.1,0.76,10.3,6,0
7.5,0.4,0.12,3,0.092,29,53,0.9967,3.37,0.7,10.3,6,0
8.7,0.52,0.09,2.5,0.091,20,49,0.9976,3.34,0.86,10.6,7,0
11.6,0.42,0.53,3.3,0.105,33,98,1.001,3.2,0.95,9.2,5,1
8.7,0.52,0.09,2.5,0.091,20,49,0.9976,3.34,0.86,10.6,7,0
11,0.2,0.48,2,0.343,6,18,0.9979,3.3,0.71,10.5,5,2
10.4,0.55,0.23,2.7,0.091,18,48,0.9994,3.22,0.64,10.3,6,0
6.9,0.36,0.25,2.4,0.098,5,16,0.9964,3.41,0.6,10.1,6,4
13.3,0.34,0.52,3.2,0.094,17,53,1.0014,3.05,0.81,9.5,6,0
10.8,0.5,0.46,2.5,0.073,5,27,1.0001,3.05,0.64,9.5,5,2
10.6,0.83,0.37,2.6,0.086,26,70,0.9981,3.16,0.52,9.9,5,0
7.1,0.63,0.06,2,0.083,8,29,0.99855,3.67,0.73,9.6,5,2
7.2,0.65,0.02,2.3,0.094,5,31,0.9993,3.67,0.8,9.7,5,2
6.9,0.67,0.06,2.1,0.08,8,33,0.99845,3.68,0.71,9.6,5,2
7.5,0.53,0.06,2.6,0.086,20,44,0.9965,3.38,0.59,10.7,6,0
11.1,0.18,0.48,1.5,0.068,7,15,0.9973,3.22,0.64,10.1,6,4
8.3,0.705,0.12,2.6,0.092,12,28,0.9994,3.51,0.72,10,5,2
7.4,0.67,0.12,1.6,0.186,5,21,0.996,3.39,0.54,9.5,5,2
8.4,0.65,0.6,2.1,0.112,12,90,0.9973,3.2,0.52,9.2,5,1
10.3,0.53,0.48,2.5,0.063,6,25,0.9998,3.12,0.59,9.3,6,2
7.6,0.62,0.32,2.2,0.082,7,54,0.9966,3.36,0.52,9.4,5,0
10.3,0.41,0.42,2.4,0.213,6,14,0.9994,3.19,0.62,9.5,6,4
10.3,0.43,0.44,2.4,0.214,5,12,0.9994,3.19,0.63,9.5,6,4
7.4,0.29,0.38,1.7,0.062,9,30,0.9968,3.41,0.53,9.5,6,2
10.3,0.53,0.48,2.5,0.063,6,25,0.9998,3.12,0.59,9.3,6,2
7.9,0.53,0.24,2,0.072,15,105,0.996,3.27,0.54,9.4,6,1
9,0.46,0.31,2.8,0.093,19,98,0.99815,3.32,0.63,9.5,6,1
8.6,0.47,0.3,3,0.076,30,135,0.9976,3.3,0.53,9.4,5,3
7.4,0.36,0.29,2.6,0.087,26,72,0.99645,3.39,0.68,11,5,0
7.1,0.35,0.29,2.5,0.096,20,53,0.9962,3.42,0.65,11,6,0
9.6,0.56,0.23,3.4,0.102,37,92,0.9996,3.3,0.65,10.1,5,1
9.6,0.77,0.12,2.9,0.082,30,74,0.99865,3.3,0.64,10.4,6,1
9.8,0.66,0.39,3.2,0.083,21,59,0.9989,3.37,0.71,11.5,7,0
9.6,0.77,0.12,2.9,0.082,30,74,0.99865,3.3,0.64,10.4,6,1
9.8,0.66,0.39,3.2,0.083,21,59,0.9989,3.37,0.71,11.5,7,0
9.3,0.61,0.26,3.4,0.09,25,87,0.99975,3.24,0.62,9.7,5,1
7.8,0.62,0.05,2.3,0.079,6,18,0.99735,3.29,0.63,9.3,5,2
10.3,0.59,0.42,2.8,0.09,35,73,0.999,3.28,0.7,9.5,6,1
10,0.49,0.2,11,0.071,13,50,1.0015,3.16,0.69,9.2,6,0
10,0.49,0.2,11,0.071,13,50,1.0015,3.16,0.69,9.2,6,0
11.6,0.53,0.66,3.65,0.121,6,14,0.9978,3.05,0.74,11.5,7,4
10.3,0.44,0.5,4.5,0.107,5,13,0.998,3.28,0.83,11.5,5,4
13.4,0.27,0.62,2.6,0.082,6,21,1.0002,3.16,0.67,9.7,6,2
10.7,0.46,0.39,2,0.061,7,15,0.9981,3.18,0.62,9.5,5,4
10.2,0.36,0.64,2.9,0.122,10,41,0.998,3.23,0.66,12.5,6,0
10.2,0.36,0.64,2.9,0.122,10,41,0.998,3.23,0.66,12.5,6,0
8,0.58,0.28,3.2,0.066,21,114,0.9973,3.22,0.54,9.4,6,1
8.4,0.56,0.08,2.1,0.105,16,44,0.9958,3.13,0.52,11,5,0
7.9,0.65,0.01,2.5,0.078,17,38,0.9963,3.34,0.74,11.7,7,0
11.9,0.695,0.53,3.4,0.128,7,21,0.9992,3.17,0.84,12.2,7,2
8.9,0.43,0.45,1.9,0.052,6,16,0.9948,3.35,0.7,12.5,6,4
7.8,0.43,0.32,2.8,0.08,29,58,0.9974,3.31,0.64,10.3,5,0
12.4,0.49,0.58,3,0.103,28,99,1.0008,3.16,1,11.5,6,1
12.5,0.28,0.54,2.3,0.082,12,29,0.9997,3.11,1.36,9.8,7,2
12.2,0.34,0.5,2.4,0.066,10,21,1,3.12,1.18,9.2,6,2
10.6,0.42,0.48,2.7,0.065,5,18,0.9972,3.21,0.87,11.3,6,2
10.9,0.39,0.47,1.8,0.118,6,14,0.9982,3.3,0.75,9.8,6,4
10.9,0.39,0.47,1.8,0.118,6,14,0.9982,3.3,0.75,9.8,6,4
11.9,0.57,0.5,2.6,0.082,6,32,1.0006,3.12,0.78,10.7,6,2
7,0.685,0,1.9,0.067,40,63,0.9979,3.6,0.81,9.9,5,0
6.6,0.815,0.02,2.7,0.072,17,34,0.9955,3.58,0.89,12.3,7,0
13.8,0.49,0.67,3,0.093,6,15,0.9986,3.02,0.93,12,6,4
9.6,0.56,0.31,2.8,0.089,15,46,0.9979,3.11,0.92,10,6,0
9.1,0.785,0,2.6,0.093,11,28,0.9994,3.36,0.86,9.4,6,2
10.7,0.67,0.22,2.7,0.107,17,34,1.0004,3.28,0.98,9.9,6,0
9.1,0.795,0,2.6,0.096,11,26,0.9994,3.35,0.83,9.4,6,2
7.7,0.665,0,2.4,0.09,8,19,0.9974,3.27,0.73,9.3,5,2
13.5,0.53,0.79,4.8,0.12,23,77,1.0018,3.18,0.77,13,5,1
6.1,0.21,0.4,1.4,0.066,40.5,165,0.9912,3.25,0.59,11.9,6,3
6.7,0.75,0.01,2.4,0.078,17,32,0.9955,3.55,0.61,12.8,6,2
11.5,0.41,0.52,3,0.08,29,55,1.0001,3.26,0.88,11,5,0
10.5,0.42,0.66,2.95,0.116,12,29,0.997,3.24,0.75,11.7,7,2
11.9,0.43,0.66,3.1,0.109,10,23,1,3.15,0.85,10.4,7,2
12.6,0.38,0.66,2.6,0.088,10,41,1.001,3.17,0.68,9.8,6,0
8.2,0.7,0.23,2,0.099,14,81,0.9973,3.19,0.7,9.4,5,1
8.6,0.45,0.31,2.6,0.086,21,50,0.9982,3.37,0.91,9.9,6,0
11.9,0.58,0.66,2.5,0.072,6,37,0.9992,3.05,0.56,10,5,0
12.5,0.46,0.63,2,0.071,6,15,0.9988,2.99,0.87,10.2,5,4
12.8,0.615,0.66,5.8,0.083,7,42,1.0022,3.07,0.73,10,7,0
10,0.42,0.5,3.4,0.107,7,21,0.9979,3.26,0.93,11.8,6,2
12.8,0.615,0.66,5.8,0.083,7,42,1.0022,3.07,0.73,10,7,0
10.4,0.575,0.61,2.6,0.076,11,24,1,3.16,0.69,9,5,2
10.3,0.34,0.52,2.8,0.159,15,75,0.9998,3.18,0.64,9.4,5,0
9.4,0.27,0.53,2.4,0.074,6,18,0.9962,3.2,1.13,12,7,2
6.9,0.765,0.02,2.3,0.063,35,63,0.9975,3.57,0.78,9.9,5,0
7.9,0.24,0.4,1.6,0.056,11,25,0.9967,3.32,0.87,8.7,6,2
9.1,0.28,0.48,1.8,0.067,26,46,0.9967,3.32,1.04,10.6,6,0
7.4,0.55,0.22,2.2,0.106,12,72,0.9959,3.05,0.63,9.2,5,0
14,0.41,0.63,3.8,0.089,6,47,1.0014,3.01,0.81,10.8,6,0
11.5,0.54,0.71,4.4,0.124,6,15,0.9984,3.01,0.83,11.8,7,4
11.5,0.45,0.5,3,0.078,19,47,1.0003,3.26,1.11,11,6,0
9.4,0.27,0.53,2.4,0.074,6,18,0.9962,3.2,1.13,12,7,2
11.4,0.625,0.66,6.2,0.088,6,24,0.9988,3.11,0.99,13.3,6,2
8.3,0.42,0.38,2.5,0.094,24,60,0.9979,3.31,0.7,10.8,6,0
8.3,0.26,0.42,2,0.08,11,27,0.9974,3.21,0.8,9.4,6,2
13.7,0.415,0.68,2.9,0.085,17,43,1.0014,3.06,0.8,10,6,0
8.3,0.26,0.42,2,0.08,11,27,0.9974,3.21,0.8,9.4,6,2
8.3,0.26,0.42,2,0.08,11,27,0.9974,3.21,0.8,9.4,6,2
7.7,0.51,0.28,2.1,0.087,23,54,0.998,3.42,0.74,9.2,5,0
7.4,0.63,0.07,2.4,0.09,11,37,0.9979,3.43,0.76,9.7,6,0
7.8,0.54,0.26,2,0.088,23,48,0.9981,3.41,0.74,9.2,6,0
8.3,0.66,0.15,1.9,0.079,17,42,0.9972,3.31,0.54,9.6,6,0
7.8,0.46,0.26,1.9,0.088,23,53,0.9981,3.43,0.74,9.2,6,0
9.6,0.38,0.31,2.5,0.096,16,49,0.9982,3.19,0.7,10,7,0
5.6,0.85,0.05,1.4,0.045,12,88,0.9924,3.56,0.82,12.9,8,1
13.7,0.415,0.68,2.9,0.085,17,43,1.0014,3.06,0.8,10,6,0
9.5,0.37,0.52,2,0.082,6,26,0.998,3.18,0.51,9.5,5,2
8.4,0.665,0.61,2,0.112,13,95,0.997,3.16,0.54,9.1,5,1
12.7,0.6,0.65,2.3,0.063,6,25,0.9997,3.03,0.57,9.9,5,2
12,0.37,0.76,4.2,0.066,7,38,1.0004,3.22,0.6,13,7,0
6.6,0.735,0.02,7.9,0.122,68,124,0.9994,3.47,0.53,9.9,5,3
11.5,0.59,0.59,2.6,0.087,13,49,0.9988,3.18,0.65,11,6,0
11.5,0.59,0.59,2.6,0.087,13,49,0.9988,3.18,0.65,11,6,0
8.7,0.765,0.22,2.3,0.064,9,42,0.9963,3.1,0.55,9.4,5,0
6.6,0.735,0.02,7.9,0.122,68,124,0.9994,3.47,0.53,9.9,5,3
7.7,0.26,0.3,1.7,0.059,20,38,0.9949,3.29,0.47,10.8,6,0
12.2,0.48,0.54,2.6,0.085,19,64,1,3.1,0.61,10.5,6,0
11.4,0.6,0.49,2.7,0.085,10,41,0.9994,3.15,0.63,10.5,6,0
7.7,0.69,0.05,2.7,0.075,15,27,0.9974,3.26,0.61,9.1,5,2
8.7,0.31,0.46,1.4,0.059,11,25,0.9966,3.36,0.76,10.1,6,2
9.8,0.44,0.47,2.5,0.063,9,28,0.9981,3.24,0.65,10.8,6,2
12,0.39,0.66,3,0.093,12,30,0.9996,3.18,0.63,10.8,7,2
10.4,0.34,0.58,3.7,0.174,6,16,0.997,3.19,0.7,11.3,6,4
12.5,0.46,0.49,4.5,0.07,26,49,0.9981,3.05,0.57,9.6,4,0
9,0.43,0.34,2.5,0.08,26,86,0.9987,3.38,0.62,9.5,6,1
9.1,0.45,0.35,2.4,0.08,23,78,0.9987,3.38,0.62,9.5,5,1
7.1,0.735,0.16,1.9,0.1,15,77,0.9966,3.27,0.64,9.3,5,1
9.9,0.4,0.53,6.7,0.097,6,19,0.9986,3.27,0.82,11.7,7,2
8.8,0.52,0.34,2.7,0.087,24,122,0.9982,3.26,0.61,9.5,5,1
8.6,0.725,0.24,6.6,0.117,31,134,1.0014,3.32,1.07,9.3,5,3
10.6,0.48,0.64,2.2,0.111,6,20,0.997,3.26,0.66,11.7,6,2
7,0.58,0.12,1.9,0.091,34,124,0.9956,3.44,0.48,10.5,5,3
11.9,0.38,0.51,2,0.121,7,20,0.9996,3.24,0.76,10.4,6,2
6.8,0.77,0,1.8,0.066,34,52,0.9976,3.62,0.68,9.9,5,0
9.5,0.56,0.33,2.4,0.089,35,67,0.9972,3.28,0.73,11.8,7,0
6.6,0.84,0.03,2.3,0.059,32,48,0.9952,3.52,0.56,12.3,7,0
7.7,0.96,0.2,2,0.047,15,60,0.9955,3.36,0.44,10.9,5,0
10.5,0.24,0.47,2.1,0.066,6,24,0.9978,3.15,0.9,11,7,2
7.7,0.96,0.2,2,0.047,15,60,0.9955,3.36,0.44,10.9,5,0
6.6,0.84,0.03,2.3,0.059,32,48,0.9952,3.52,0.56,12.3,7,0
6.4,0.67,0.08,2.1,0.045,19,48,0.9949,3.49,0.49,11.4,6,0
9.5,0.78,0.22,1.9,0.077,6,32,0.9988,3.26,0.56,10.6,6,2
9.1,0.52,0.33,1.3,0.07,9,30,0.9978,3.24,0.6,9.3,5,2
12.8,0.84,0.63,2.4,0.088,13,35,0.9997,3.1,0.6,10.4,6,0
10.5,0.24,0.47,2.1,0.066,6,24,0.9978,3.15,0.9,11,7,2
7.8,0.55,0.35,2.2,0.074,21,66,0.9974,3.25,0.56,9.2,5,0
11.9,0.37,0.69,2.3,0.078,12,24,0.9958,3,0.65,12.8,6,2
12.3,0.39,0.63,2.3,0.091,6,18,1.0004,3.16,0.49,9.5,5,2
10.4,0.41,0.55,3.2,0.076,22,54,0.9996,3.15,0.89,9.9,6,0
12.3,0.39,0.63,2.3,0.091,6,18,1.0004,3.16,0.49,9.5,5,2
8,0.67,0.3,2,0.06,38,62,0.9958,3.26,0.56,10.2,6,0
11.1,0.45,0.73,3.2,0.066,6,22,0.9986,3.17,0.66,11.2,6,2
10.4,0.41,0.55,3.2,0.076,22,54,0.9996,3.15,0.89,9.9,6,0
7,0.62,0.18,1.5,0.062,7,50,0.9951,3.08,0.6,9.3,5,0
12.6,0.31,0.72,2.2,0.072,6,29,0.9987,2.88,0.82,9.8,8,2
11.9,0.4,0.65,2.15,0.068,7,27,0.9988,3.06,0.68,11.3,6,2
15.6,0.685,0.76,3.7,0.1,6,43,1.0032,2.95,0.68,11.2,7,0
10,0.44,0.49,2.7,0.077,11,19,0.9963,3.23,0.63,11.6,7,2
5.3,0.57,0.01,1.7,0.054,5,27,0.9934,3.57,0.84,12.5,7,2
9.5,0.735,0.1,2.1,0.079,6,31,0.9986,3.23,0.56,10.1,6,2
12.5,0.38,0.6,2.6,0.081,31,72,0.9996,3.1,0.73,10.5,5,0
9.3,0.48,0.29,2.1,0.127,6,16,0.9968,3.22,0.72,11.2,5,4
8.6,0.53,0.22,2,0.1,7,27,0.9967,3.2,0.56,10.2,6,2
11.9,0.39,0.69,2.8,0.095,17,35,0.9994,3.1,0.61,10.8,6,0
11.9,0.39,0.69,2.8,0.095,17,35,0.9994,3.1,0.61,10.8,6,0
8.4,0.37,0.53,1.8,0.413,9,26,0.9979,3.06,1.06,9.1,6,2
6.8,0.56,0.03,1.7,0.084,18,35,0.9968,3.44,0.63,10,6,0
10.4,0.33,0.63,2.8,0.084,5,22,0.9998,3.26,0.74,11.2,7,2
7,0.23,0.4,1.6,0.063,21,67,0.9952,3.5,0.63,11.1,5,0
11.3,0.62,0.67,5.2,0.086,6,19,0.9988,3.22,0.69,13.4,8,2
8.9,0.59,0.39,2.3,0.095,5,22,0.9986,3.37,0.58,10.3,5,2
9.2,0.63,0.21,2.7,0.097,29,65,0.9988,3.28,0.58,9.6,5,0
10.4,0.33,0.63,2.8,0.084,5,22,0.9998,3.26,0.74,11.2,7,2
11.6,0.58,0.66,2.2,0.074,10,47,1.0008,3.25,0.57,9,3,0
9.2,0.43,0.52,2.3,0.083,14,23,0.9976,3.35,0.61,11.3,6,2
8.3,0.615,0.22,2.6,0.087,6,19,0.9982,3.26,0.61,9.3,5,2
11,0.26,0.68,2.55,0.085,10,25,0.997,3.18,0.61,11.8,5,2
8.1,0.66,0.7,2.2,0.098,25,129,0.9972,3.08,0.53,9,5,3
11.5,0.315,0.54,2.1,0.084,5,15,0.9987,2.98,0.7,9.2,6,4
10,0.29,0.4,2.9,0.098,10,26,1.0006,3.48,0.91,9.7,5,2
10.3,0.5,0.42,2,0.069,21,51,0.9982,3.16,0.72,11.5,6,0
8.8,0.46,0.45,2.6,0.065,7,18,0.9947,3.32,0.79,14,6,2
11.4,0.36,0.69,2.1,0.09,6,21,1,3.17,0.62,9.2,6,2
8.7,0.82,0.02,1.2,0.07,36,48,0.9952,3.2,0.58,9.8,5,0
13,0.32,0.65,2.6,0.093,15,47,0.9996,3.05,0.61,10.6,5,0
9.6,0.54,0.42,2.4,0.081,25,52,0.997,3.2,0.71,11.4,6,0
12.5,0.37,0.55,2.6,0.083,25,68,0.9995,3.15,0.82,10.4,6,0
9.9,0.35,0.55,2.1,0.062,5,14,0.9971,3.26,0.79,10.6,5,4
10.5,0.28,0.51,1.7,0.08,10,24,0.9982,3.2,0.89,9.4,6,2
9.6,0.68,0.24,2.2,0.087,5,28,0.9988,3.14,0.6,10.2,5,2
9.3,0.27,0.41,2,0.091,6,16,0.998,3.28,0.7,9.7,5,4
10.4,0.24,0.49,1.8,0.075,6,20,0.9977,3.18,1.06,11,6,2
9.6,0.68,0.24,2.2,0.087,5,28,0.9988,3.14,0.6,10.2,5,2
9.4,0.685,0.11,2.7,0.077,6,31,0.9984,3.19,0.7,10.1,6,2
10.6,0.28,0.39,15.5,0.069,6,23,1.0026,3.12,0.66,9.2,5,2
9.4,0.3,0.56,2.8,0.08,6,17,0.9964,3.15,0.92,11.7,8,2
10.6,0.36,0.59,2.2,0.152,6,18,0.9986,3.04,1.05,9.4,5,2
10.6,0.36,0.6,2.2,0.152,7,18,0.9986,3.04,1.06,9.4,5,2
10.6,0.44,0.68,4.1,0.114,6,24,0.997,3.06,0.66,13.4,6,2
10.2,0.67,0.39,1.9,0.054,6,17,0.9976,3.17,0.47,10,5,2
10.2,0.67,0.39,1.9,0.054,6,17,0.9976,3.17,0.47,10,5,2
10.2,0.645,0.36,1.8,0.053,5,14,0.9982,3.17,0.42,10,6,4
11.6,0.32,0.55,2.8,0.081,35,67,1.0002,3.32,0.92,10.8,7,0
9.3,0.39,0.4,2.6,0.073,10,26,0.9984,3.34,0.75,10.2,6,2
9.3,0.775,0.27,2.8,0.078,24,56,0.9984,3.31,0.67,10.6,6,0
9.2,0.41,0.5,2.5,0.055,12,25,0.9952,3.34,0.79,13.3,7,2
8.9,0.4,0.51,2.6,0.052,13,27,0.995,3.32,0.9,13.4,7,2
8.7,0.69,0.31,3,0.086,23,81,1.0002,3.48,0.74,11.6,6,1
6.5,0.39,0.23,8.3,0.051,28,91,0.9952,3.44,0.55,12.1,6,1
10.7,0.35,0.53,2.6,0.07,5,16,0.9972,3.15,0.65,11,8,4
7.8,0.52,0.25,1.9,0.081,14,38,0.9984,3.43,0.65,9,6,0
7.2,0.34,0.32,2.5,0.09,43,113,0.9966,3.32,0.79,11.1,5,1
10.7,0.35,0.53,2.6,0.07,5,16,0.9972,3.15,0.65,11,8,4
8.7,0.69,0.31,3,0.086,23,81,1.0002,3.48,0.74,11.6,6,1
7.8,0.52,0.25,1.9,0.081,14,38,0.9984,3.43,0.65,9,6,0
10.4,0.44,0.73,6.55,0.074,38,76,0.999,3.17,0.85,12,7,1
10.4,0.44,0.73,6.55,0.074,38,76,0.999,3.17,0.85,12,7,1
10.5,0.26,0.47,1.9,0.078,6,24,0.9976,3.18,1.04,10.9,7,2
10.5,0.24,0.42,1.8,0.077,6,22,0.9976,3.21,1.05,10.8,7,2
10.2,0.49,0.63,2.9,0.072,10,26,0.9968,3.16,0.78,12.5,7,2
10.4,0.24,0.46,1.8,0.075,6,21,0.9976,3.25,1.02,10.8,7,2
11.2,0.67,0.55,2.3,0.084,6,13,1,3.17,0.71,9.5,6,4
10,0.59,0.31,2.2,0.09,26,62,0.9994,3.18,0.63,10.2,6,0
13.3,0.29,0.75,2.8,0.084,23,43,0.9986,3.04,0.68,11.4,7,0
12.4,0.42,0.49,4.6,0.073,19,43,0.9978,3.02,0.61,9.5,5,0
10,0.59,0.31,2.2,0.09,26,62,0.9994,3.18,0.63,10.2,6,0
10.7,0.4,0.48,2.1,0.125,15,49,0.998,3.03,0.81,9.7,6,0
10.5,0.51,0.64,2.4,0.107,6,15,0.9973,3.09,0.66,11.8,7,4
10.5,0.51,0.64,2.4,0.107,6,15,0.9973,3.09,0.66,11.8,7,4
8.5,0.655,0.49,6.1,0.122,34,151,1.001,3.31,1.14,9.3,5,3
12.5,0.6,0.49,4.3,0.1,5,14,1.001,3.25,0.74,11.9,6,4
10.4,0.61,0.49,2.1,0.2,5,16,0.9994,3.16,0.63,8.4,3,4
10.9,0.21,0.49,2.8,0.088,11,32,0.9972,3.22,0.68,11.7,6,2
7.3,0.365,0.49,2.5,0.088,39,106,0.9966,3.36,0.78,11,5,1
9.8,0.25,0.49,2.7,0.088,15,33,0.9982,3.42,0.9,10,6,0
7.6,0.41,0.49,2,0.088,16,43,0.998,3.48,0.64,9.1,5,0
8.2,0.39,0.49,2.3,0.099,47,133,0.9979,3.38,0.99,9.8,5,3
9.3,0.4,0.49,2.5,0.085,38,142,0.9978,3.22,0.55,9.4,5,3
9.2,0.43,0.49,2.4,0.086,23,116,0.9976,3.23,0.64,9.5,5,1
10.4,0.64,0.24,2.8,0.105,29,53,0.9998,3.24,0.67,9.9,5,0
7.3,0.365,0.49,2.5,0.088,39,106,0.9966,3.36,0.78,11,5,1
7,0.38,0.49,2.5,0.097,33,85,0.9962,3.39,0.77,11.4,6,1
8.2,0.42,0.49,2.6,0.084,32,55,0.9988,3.34,0.75,8.7,6,0
9.9,0.63,0.24,2.4,0.077,6,33,0.9974,3.09,0.57,9.4,5,2
9.1,0.22,0.24,2.1,0.078,1,28,0.999,3.41,0.87,10.3,6,2
11.9,0.38,0.49,2.7,0.098,12,42,1.0004,3.16,0.61,10.3,5,0
11.9,0.38,0.49,2.7,0.098,12,42,1.0004,3.16,0.61,10.3,5,0
10.3,0.27,0.24,2.1,0.072,15,33,0.9956,3.22,0.66,12.8,6,0
10,0.48,0.24,2.7,0.102,13,32,1,3.28,0.56,10,6,2
9.1,0.22,0.24,2.1,0.078,1,28,0.999,3.41,0.87,10.3,6,2
9.9,0.63,0.24,2.4,0.077,6,33,0.9974,3.09,0.57,9.4,5,2
8.1,0.825,0.24,2.1,0.084,5,13,0.9972,3.37,0.77,10.7,6,4
12.9,0.35,0.49,5.8,0.066,5,35,1.0014,3.2,0.66,12,7,2
11.2,0.5,0.74,5.15,0.1,5,17,0.9996,3.22,0.62,11.2,5,4
9.2,0.59,0.24,3.3,0.101,20,47,0.9988,3.26,0.67,9.6,5,0
9.5,0.46,0.49,6.3,0.064,5,17,0.9988,3.21,0.73,11,6,4
9.3,0.715,0.24,2.1,0.07,5,20,0.9966,3.12,0.59,9.9,5,2
11.2,0.66,0.24,2.5,0.085,16,53,0.9993,3.06,0.72,11,6,0
14.3,0.31,0.74,1.8,0.075,6,15,1.0008,2.86,0.79,8.4,6,4
9.1,0.47,0.49,2.6,0.094,38,106,0.9982,3.08,0.59,9.1,5,1
7.5,0.55,0.24,2,0.078,10,28,0.9983,3.45,0.78,9.5,6,2
10.6,0.31,0.49,2.5,0.067,6,21,0.9987,3.26,0.86,10.7,6,2
12.4,0.35,0.49,2.6,0.079,27,69,0.9994,3.12,0.75,10.4,6,0
9,0.53,0.49,1.9,0.171,6,25,0.9975,3.27,0.61,9.4,6,2
6.8,0.51,0.01,2.1,0.074,9,25,0.9958,3.33,0.56,9.5,6,2
9.4,0.43,0.24,2.8,0.092,14,45,0.998,3.19,0.73,10,6,0
9.5,0.46,0.24,2.7,0.092,14,44,0.998,3.12,0.74,10,6,0
5,1.04,0.24,1.6,0.05,32,96,0.9934,3.74,0.62,11.5,5,1
15.5,0.645,0.49,4.2,0.095,10,23,1.00315,2.92,0.74,11.1,5,2
15.5,0.645,0.49,4.2,0.095,10,23,1.00315,2.92,0.74,11.1,5,2
10.9,0.53,0.49,4.6,0.118,10,17,1.0002,3.07,0.56,11.7,6,2
15.6,0.645,0.49,4.2,0.095,10,23,1.00315,2.92,0.74,11.1,5,2
10.9,0.53,0.49,4.6,0.118,10,17,1.0002,3.07,0.56,11.7,6,2
13,0.47,0.49,4.3,0.085,6,47,1.0021,3.3,0.68,12.7,6,0
12.7,0.6,0.49,2.8,0.075,5,19,0.9994,3.14,0.57,11.4,5,2
9,0.44,0.49,2.4,0.078,26,121,0.9978,3.23,0.58,9.2,5,1
9,0.54,0.49,2.9,0.094,41,110,0.9982,3.08,0.61,9.2,5,1
7.6,0.29,0.49,2.7,0.092,25,60,0.9971,3.31,0.61,10.1,6,0
13,0.47,0.49,4.3,0.085,6,47,1.0021,3.3,0.68,12.7,6,0
12.7,0.6,0.49,2.8,0.075,5,19,0.9994,3.14,0.57,11.4,5,2
8.7,0.7,0.24,2.5,0.226,5,15,0.9991,3.32,0.6,9,6,4
8.7,0.7,0.24,2.5,0.226,5,15,0.9991,3.32,0.6,9,6,4
9.8,0.5,0.49,2.6,0.25,5,20,0.999,3.31,0.79,10.7,6,2
6.2,0.36,0.24,2.2,0.095,19,42,0.9946,3.57,0.57,11.7,6,0
11.5,0.35,0.49,3.3,0.07,10,37,1.0003,3.32,0.91,11,6,0
6.2,0.36,0.24,2.2,0.095,19,42,0.9946,3.57,0.57,11.7,6,0
10.2,0.24,0.49,2.4,0.075,10,28,0.9978,3.14,0.61,10.4,5,2
10.5,0.59,0.49,2.1,0.07,14,47,0.9991,3.3,0.56,9.6,4,0
10.6,0.34,0.49,3.2,0.078,20,78,0.9992,3.19,0.7,10,6,1
12.3,0.27,0.49,3.1,0.079,28,46,0.9993,3.2,0.8,10.2,6,0
9.9,0.5,0.24,2.3,0.103,6,14,0.9978,3.34,0.52,10,4,4
8.8,0.44,0.49,2.8,0.083,18,111,0.9982,3.3,0.6,9.5,5,1
8.8,0.47,0.49,2.9,0.085,17,110,0.9982,3.29,0.6,9.8,5,1
10.6,0.31,0.49,2.2,0.063,18,40,0.9976,3.14,0.51,9.8,6,0
12.3,0.5,0.49,2.2,0.089,5,14,1.0002,3.19,0.44,9.6,5,4
12.3,0.5,0.49,2.2,0.089,5,14,1.0002,3.19,0.44,9.6,5,4
11.7,0.49,0.49,2.2,0.083,5,15,1,3.19,0.43,9.2,5,4
12,0.28,0.49,1.9,0.074,10,21,0.9976,2.98,0.66,9.9,7,2
11.8,0.33,0.49,3.4,0.093,54,80,1.0002,3.3,0.76,10.7,7,1
7.6,0.51,0.24,2.4,0.091,8,38,0.998,3.47,0.66,9.6,6,0
11.1,0.31,0.49,2.7,0.094,16,47,0.9986,3.12,1.02,10.6,7,0
7.3,0.73,0.24,1.9,0.108,18,102,0.9967,3.26,0.59,9.3,5,1
5,0.42,0.24,2,0.06,19,50,0.9917,3.72,0.74,14,8,0
10.2,0.29,0.49,2.6,0.059,5,13,0.9976,3.05,0.74,10.5,7,4
9,0.45,0.49,2.6,0.084,21,75,0.9987,3.35,0.57,9.7,5,0
6.6,0.39,0.49,1.7,0.07,23,149,0.9922,3.12,0.5,11.5,6,3
9,0.45,0.49,2.6,0.084,21,75,0.9987,3.35,0.57,9.7,5,0
9.9,0.49,0.58,3.5,0.094,9,43,1.0004,3.29,0.58,9,5,0
7.9,0.72,0.17,2.6,0.096,20,38,0.9978,3.4,0.53,9.5,5,0
8.9,0.595,0.41,7.9,0.086,30,109,0.9998,3.27,0.57,9.3,5,1
12.4,0.4,0.51,2,0.059,6,24,0.9994,3.04,0.6,9.3,6,2
11.9,0.58,0.58,1.9,0.071,5,18,0.998,3.09,0.63,10,6,2
8.5,0.585,0.18,2.1,0.078,5,30,0.9967,3.2,0.48,9.8,6,2
12.7,0.59,0.45,2.3,0.082,11,22,1,3,0.7,9.3,6,2
8.2,0.915,0.27,2.1,0.088,7,23,0.9962,3.26,0.47,10,4,2
13.2,0.46,0.52,2.2,0.071,12,35,1.0006,3.1,0.56,9,6,0
7.7,0.835,0,2.6,0.081,6,14,0.9975,3.3,0.52,9.3,5,4
13.2,0.46,0.52,2.2,0.071,12,35,1.0006,3.1,0.56,9,6,0
8.3,0.58,0.13,2.9,0.096,14,63,0.9984,3.17,0.62,9.1,6,0
8.55956,0.515818,0.277747,2.39829,0.0843793,8.58453,20.2915,0.996631,3.30414,0.649768,10.5958,5.74292,2
9.4,0.41,0.48,4.6,0.072,10,20,0.9973,3.34,0.79,12.2,7,2
8.8,0.48,0.41,3.3,0.092,26,52,0.9982,3.31,0.53,10.5,6,0
10.1,0.65,0.37,5.1,0.11,11,65,1.0026,3.32,0.64,10.4,6,0
6.3,0.36,0.19,3.2,0.075,15,39,0.9956,3.56,0.52,12.7,6,0
8.8,0.24,0.54,2.5,0.083,25,57,0.9983,3.39,0.54,9.2,5,0
13.2,0.38,0.55,2.7,0.081,5,16,1.0006,2.98,0.54,9.4,5,4
7.5,0.64,0,2.4,0.077,18,29,0.9965,3.32,0.6,10,6,2
8.2,0.39,0.38,1.5,0.058,10,29,0.9962,3.26,0.74,9.8,5,2
9.2,0.755,0.18,2.2,0.148,10,103,0.9969,2.87,1.36,10.2,6,1
9.6,0.6,0.5,2.3,0.079,28,71,0.9997,3.5,0.57,9.7,5,0
9.6,0.6,0.5,2.3,0.079,28,71,0.9997,3.5,0.57,9.7,5,0
11.5,0.31,0.51,2.2,0.079,14,28,0.9982,3.03,0.93,9.8,6,2
11.4,0.46,0.5,2.7,0.122,4,17,1.0006,3.13,0.7,10.2,5,4
11.3,0.37,0.41,2.3,0.088,6,16,0.9988,3.09,0.8,9.3,5,4
8.3,0.54,0.24,3.4,0.076,16,112,0.9976,3.27,0.61,9.4,5,1
8.2,0.56,0.23,3.4,0.078,14,104,0.9976,3.28,0.62,9.4,5,1
10,0.58,0.22,1.9,0.08,9,32,0.9974,3.13,0.55,9.5,5,2
7.9,0.51,0.25,2.9,0.077,21,45,0.9974,3.49,0.96,12.1,6,0
6.8,0.69,0,5.6,0.124,21,58,0.9997,3.46,0.72,10.2,5,0
6.8,0.69,0,5.6,0.124,21,58,0.9997,3.46,0.72,10.2,5,0
8.8,0.6,0.29,2.2,0.098,5,15,0.9988,3.36,0.49,9.1,5,4
8.8,0.6,0.29,2.2,0.098,5,15,0.9988,3.36,0.49,9.1,5,4
8.7,0.54,0.26,2.5,0.097,7,31,0.9976,3.27,0.6,9.3,6,2
7.6,0.685,0.23,2.3,0.111,20,84,0.9964,3.21,0.61,9.3,5,1
8.7,0.54,0.26,2.5,0.097,7,31,0.9976,3.27,0.6,9.3,6,2
10.4,0.28,0.54,2.7,0.105,5,19,0.9988,3.25,0.63,9.5,5,2
7.6,0.41,0.14,3,0.087,21,43,0.9964,3.32,0.57,10.5,6,0
10.1,0.935,0.22,3.4,0.105,11,86,1.001,3.43,0.64,11.3,4,1
7.9,0.35,0.21,1.9,0.073,46,102,0.9964,3.27,0.58,9.5,5,1
8.7,0.84,0,1.4,0.065,24,33,0.9954,3.27,0.55,9.7,5,0
9.6,0.88,0.28,2.4,0.086,30,147,0.9979,3.24,0.53,9.4,5,3
9.5,0.885,0.27,2.3,0.084,31,145,0.9978,3.24,0.53,9.4,5,3
7.7,0.915,0.12,2.2,0.143,7,23,0.9964,3.35,0.65,10.2,7,2
8.9,0.29,0.35,1.9,0.067,25,57,0.997,3.18,1.36,10.3,6,0
9.9,0.54,0.45,2.3,0.071,16,40,0.9991,3.39,0.62,9.4,5,0
9.5,0.59,0.44,2.3,0.071,21,68,0.9992,3.46,0.63,9.5,5,0
9.9,0.54,0.45,2.3,0.071,16,40,0.9991,3.39,0.62,9.4,5,0
9.5,0.59,0.44,2.3,0.071,21,68,0.9992,3.46,0.63,9.5,5,0
9.9,0.54,0.45,2.3,0.071,16,40,0.9991,3.39,0.62,9.4,5,0
7.8,0.64,0.1,6,0.115,5,11,0.9984,3.37,0.69,10.1,7,4
7.3,0.67,0.05,3.6,0.107,6,20,0.9972,3.4,0.63,10.1,5,2
8.3,0.845,0.01,2.2,0.07,5,14,0.9967,3.32,0.58,11,4,4
8.7,0.48,0.3,2.8,0.066,10,28,0.9964,3.33,0.67,11.2,7,2
6.7,0.42,0.27,8.6,0.068,24,148,0.9948,3.16,0.57,11.3,6,3
10.7,0.43,0.39,2.2,0.106,8,32,0.9986,2.89,0.5,9.6,5,2
9.8,0.88,0.25,2.5,0.104,35,155,1.001,3.41,0.67,11.2,5,3
15.9,0.36,0.65,7.5,0.096,22,71,0.9976,2.98,0.84,14.9,5,0
9.4,0.33,0.59,2.8,0.079,9,30,0.9976,3.12,0.54,12,6,2
8.6,0.47,0.47,2.4,0.074,7,29,0.9979,3.08,0.46,9.5,5,2
9.7,0.55,0.17,2.9,0.087,20,53,1.0004,3.14,0.61,9.4,5,0
10.7,0.43,0.39,2.2,0.106,8,32,0.9986,2.89,0.5,9.6,5,2
12,0.5,0.59,1.4,0.073,23,42,0.998,2.92,0.68,10.5,7,0
7.2,0.52,0.07,1.4,0.074,5,20,0.9973,3.32,0.81,9.6,6,2
7.1,0.84,0.02,4.4,0.096,5,13,0.997,3.41,0.57,11,4,4
7.2,0.52,0.07,1.4,0.074,5,20,0.9973,3.32,0.81,9.6,6,2
7.5,0.42,0.31,1.6,0.08,15,42,0.9978,3.31,0.64,9,5,0
7.2,0.57,0.06,1.6,0.076,9,27,0.9972,3.36,0.7,9.6,6,2
10.1,0.28,0.46,1.8,0.05,5,13,0.9974,3.04,0.79,10.2,6,4
12.1,0.4,0.52,2,0.092,15,54,1,3.03,0.66,10.2,5,0
9.4,0.59,0.14,2,0.084,25,48,0.9981,3.14,0.56,9.7,5,0
8.3,0.49,0.36,1.8,0.222,6,16,0.998,3.18,0.6,9.5,6,4
11.3,0.34,0.45,2,0.082,6,15,0.9988,2.94,0.66,9.2,6,4
10,0.73,0.43,2.3,0.059,15,31,0.9966,3.15,0.57,11,5,2
11.3,0.34,0.45,2,0.082,6,15,0.9988,2.94,0.66,9.2,6,4
6.9,0.4,0.24,2.5,0.083,30,45,0.9959,3.26,0.58,10,5,0
8.2,0.73,0.21,1.7,0.074,5,13,0.9968,3.2,0.52,9.5,5,4
9.8,1.24,0.34,2,0.079,32,151,0.998,3.15,0.53,9.5,5,3
8.2,0.73,0.21,1.7,0.074,5,13,0.9968,3.2,0.52,9.5,5,4
10.8,0.4,0.41,2.2,0.084,7,17,0.9984,3.08,0.67,9.3,6,2
9.3,0.41,0.39,2.2,0.064,12,31,0.9984,3.26,0.65,10.2,5,2
10.8,0.4,0.41,2.2,0.084,7,17,0.9984,3.08,0.67,9.3,6,2
8.6,0.8,0.11,2.3,0.084,12,31,0.9979,3.4,0.48,9.9,5,2
8.3,0.78,0.1,2.6,0.081,45,87,0.9983,3.48,0.53,10,5,1
10.8,0.26,0.45,3.3,0.06,20,49,0.9972,3.13,0.54,9.6,5,0
13.3,0.43,0.58,1.9,0.07,15,40,1.0004,3.06,0.49,9,5,0
8,0.45,0.23,2.2,0.094,16,29,0.9962,3.21,0.49,10.2,6,2
8.5,0.46,0.31,2.25,0.078,32,58,0.998,3.33,0.54,9.8,5,0
8.1,0.78,0.23,2.6,0.059,5,15,0.997,3.37,0.56,11.3,5,4
9.8,0.98,0.32,2.3,0.078,35,152,0.998,3.25,0.48,9.4,5,3
8.1,0.78,0.23,2.6,0.059,5,15,0.997,3.37,0.56,11.3,5,4
7.1,0.65,0.18,1.8,0.07,13,40,0.997,3.44,0.6,9.1,5,0
9.1,0.64,0.23,3.1,0.095,13,38,0.9998,3.28,0.59,9.7,5,0
7.7,0.66,0.04,1.6,0.039,4,9,0.9962,3.4,0.47,9.4,5,4
8.1,0.38,0.48,1.8,0.157,5,17,0.9976,3.3,1.05,9.4,5,4
7.4,1.185,0,4.25,0.097,5,14,0.9966,3.63,0.54,10.7,3,4
9.2,0.92,0.24,2.6,0.087,12,93,0.9998,3.48,0.54,9.8,5,1
8.6,0.49,0.51,2,0.422,16,62,0.9979,3.03,1.17,9,5,0
9,0.48,0.32,2.8,0.084,21,122,0.9984,3.32,0.62,9.4,5,1
9,0.47,0.31,2.7,0.084,24,125,0.9984,3.31,0.61,9.4,5,3
5.1,0.47,0.02,1.3,0.034,18,44,0.9921,3.9,0.62,12.8,6,0
7,0.65,0.02,2.1,0.066,8,25,0.9972,3.47,0.67,9.5,6,2
7,0.65,0.02,2.1,0.066,8,25,0.9972,3.47,0.67,9.5,6,2
9.4,0.615,0.28,3.2,0.087,18,72,1.0001,3.31,0.53,9.7,5,0
11.8,0.38,0.55,2.1,0.071,5,19,0.9986,3.11,0.62,10.8,6,2
10.6,1.02,0.43,2.9,0.076,26,88,0.9984,3.08,0.57,10.1,6,1
7,0.65,0.02,2.1,0.066,8,25,0.9972,3.47,0.67,9.5,6,2
7,0.64,0.02,2.1,0.067,9,23,0.997,3.47,0.67,9.4,6,2
7.5,0.38,0.48,2.6,0.073,22,84,0.9972,3.32,0.7,9.6,4,1
9.1,0.765,0.04,1.6,0.078,4,14,0.998,3.29,0.54,9.7,4,4
8.4,1.035,0.15,6,0.073,11,54,0.999,3.37,0.49,9.9,5,0
7,0.78,0.08,2,0.093,10,19,0.9956,3.4,0.47,10,5,2
7.4,0.49,0.19,3,0.077,16,37,0.9966,3.37,0.51,10.5,5,0
7.8,0.545,0.12,2.5,0.068,11,35,0.996,3.34,0.61,11.6,6,0
9.7,0.31,0.47,1.6,0.062,13,33,0.9983,3.27,0.66,10,6,2
10.6,1.025,0.43,2.8,0.08,21,84,0.9985,3.06,0.57,10.1,5,1
8.9,0.565,0.34,3,0.093,16,112,0.9998,3.38,0.61,9.5,5,1
8.7,0.69,0,3.2,0.084,13,33,0.9992,3.36,0.45,9.4,5,2
8,0.43,0.36,2.3,0.075,10,48,0.9976,3.34,0.46,9.4,5,0
9.9,0.74,0.28,2.6,0.078,21,77,0.998,3.28,0.51,9.8,5,1
7.2,0.49,0.18,2.7,0.069,13,34,0.9967,3.29,0.48,9.2,6,0
8,0.43,0.36,2.3,0.075,10,48,0.9976,3.34,0.46,9.4,5,0
7.6,0.46,0.11,2.6,0.079,12,49,0.9968,3.21,0.57,10,5,0
8.4,0.56,0.04,2,0.082,10,22,0.9976,3.22,0.44,9.6,5,2
7.1,0.66,0,3.9,0.086,17,45,0.9976,3.46,0.54,9.5,5,0
8.4,0.56,0.04,2,0.082,10,22,0.9976,3.22,0.44,9.6,5,2
8.9,0.48,0.24,2.85,0.094,35,106,0.9982,3.1,0.53,9.2,5,1
7.6,0.42,0.08,2.7,0.084,15,48,0.9968,3.21,0.59,10,5,0
7.1,0.31,0.3,2.2,0.053,36,127,0.9965,2.94,1.62,9.5,5,3
7.5,1.115,0.1,3.1,0.086,5,12,0.9958,3.54,0.6,11.2,4,4
9,0.66,0.17,3,0.077,5,13,0.9976,3.29,0.55,10.4,5,4
8.1,0.72,0.09,2.8,0.084,18,49,0.9994,3.43,0.72,11.1,6,0
6.4,0.57,0.02,1.8,0.067,4,11,0.997,3.46,0.68,9.5,5,4
6.4,0.57,0.02,1.8,0.067,4,11,0.997,3.46,0.68,9.5,5,4
6.4,0.865,0.03,3.2,0.071,27,58,0.995,3.61,0.49,12.7,6,0
9.5,0.55,0.66,2.3,0.387,12,37,0.9982,3.17,0.67,9.6,5,0
8.9,0.875,0.13,3.45,0.088,4,14,0.9994,3.44,0.52,11.5,5,4
7.3,0.835,0.03,2.1,0.092,10,19,0.9966,3.39,0.47,9.6,5,2
7,0.45,0.34,2.7,0.082,16,72,0.998,3.55,0.6,9.5,5,0
7.7,0.56,0.2,2,0.075,9,39,0.9987,3.48,0.62,9.3,5,0
7.7,0.965,0.1,2.1,0.112,11,22,0.9963,3.26,0.5,9.5,5,2
7.7,0.965,0.1,2.1,0.112,11,22,0.9963,3.26,0.5,9.5,5,2
8.2,0.59,0,2.5,0.093,19,58,1.0002,3.5,0.65,9.3,6,0
9,0.46,0.23,2.8,0.092,28,104,0.9983,3.1,0.56,9.2,5,1
9,0.69,0,2.4,0.088,19,38,0.999,3.35,0.6,9.3,5,0
8.3,0.76,0.29,4.2,0.075,12,16,0.9965,3.45,0.68,11.5,6,2
9.2,0.53,0.24,2.6,0.078,28,139,0.99788,3.21,0.57,9.5,5,3
6.5,0.615,0,1.9,0.065,9,18,0.9972,3.46,0.65,9.2,5,2
11.6,0.41,0.58,2.8,0.096,25,101,1.00024,3.13,0.53,10,5,1
11.1,0.39,0.54,2.7,0.095,21,101,1.0001,3.13,0.51,9.5,5,1
7.3,0.51,0.18,2.1,0.07,12,28,0.99768,3.52,0.73,9.5,6,2
8.2,0.34,0.38,2.5,0.08,12,57,0.9978,3.3,0.47,9,6,0
8.6,0.33,0.4,2.6,0.083,16,68,0.99782,3.3,0.48,9.4,5,0
7.2,0.5,0.18,2.1,0.071,12,31,0.99761,3.52,0.72,9.6,6,2
7.3,0.51,0.18,2.1,0.07,12,28,0.99768,3.52,0.73,9.5,6,2
8.3,0.65,0.1,2.9,0.089,17,40,0.99803,3.29,0.55,9.5,5,0
8.3,0.65,0.1,2.9,0.089,17,40,0.99803,3.29,0.55,9.5,5,0
7.6,0.54,0.13,2.5,0.097,24,66,0.99785,3.39,0.61,9.4,5,0
8.3,0.65,0.1,2.9,0.089,17,40,0.99803,3.29,0.55,9.5,5,0
7.8,0.48,0.68,1.7,0.415,14,32,0.99656,3.09,1.06,9.1,6,2
7.8,0.91,0.07,1.9,0.058,22,47,0.99525,3.51,0.43,10.7,6,0
6.3,0.98,0.01,2,0.057,15,33,0.99488,3.6,0.46,11.2,6,0
8.1,0.87,0,2.2,0.084,10,31,0.99656,3.25,0.5,9.8,5,2
8.1,0.87,0,2.2,0.084,10,31,0.99656,3.25,0.5,9.8,5,2
8.8,0.42,0.21,2.5,0.092,33,88,0.99823,3.19,0.52,9.2,5,1
9,0.58,0.25,2.8,0.075,9,104,0.99779,3.23,0.57,9.7,5,1
9.3,0.655,0.26,2,0.096,5,35,0.99738,3.25,0.42,9.6,5,2
8.8,0.7,0,1.7,0.069,8,19,0.99701,3.31,0.53,10,6,2
9.3,0.655,0.26,2,0.096,5,35,0.99738,3.25,0.42,9.6,5,2
9.1,0.68,0.11,2.8,0.093,11,44,0.99888,3.31,0.55,9.5,6,0
9.2,0.67,0.1,3,0.091,12,48,0.99888,3.31,0.54,9.5,6,0
8.8,0.59,0.18,2.9,0.089,12,74,0.99738,3.14,0.54,9.4,5,0
7.5,0.6,0.32,2.7,0.103,13,98,0.99938,3.45,0.62,9.5,5,1
7.1,0.59,0.02,2.3,0.082,24,94,0.99744,3.55,0.53,9.7,6,1
7.9,0.72,0.01,1.9,0.076,7,32,0.99668,3.39,0.54,9.6,5,2
7.1,0.59,0.02,2.3,0.082,24,94,0.99744,3.55,0.53,9.7,6,1
9.4,0.685,0.26,2.4,0.082,23,143,0.9978,3.28,0.55,9.4,5,3
9.5,0.57,0.27,2.3,0.082,23,144,0.99782,3.27,0.55,9.4,5,3
7.9,0.4,0.29,1.8,0.157,1,44,0.9973,3.3,0.92,9.5,6,0
7.9,0.4,0.3,1.8,0.157,2,45,0.99727,3.31,0.91,9.5,6,0
7.2,1,0,3,0.102,7,16,0.99586,3.43,0.46,10,5,4
6.9,0.765,0.18,2.4,0.243,5.5,48,0.99612,3.4,0.6,10.3,6,0
6.9,0.635,0.17,2.4,0.241,6,18,0.9961,3.4,0.59,10.3,6,2
8.3,0.43,0.3,3.4,0.079,7,34,0.99788,3.36,0.61,10.5,5,2
7.1,0.52,0.03,2.6,0.076,21,92,0.99745,3.5,0.6,9.8,5,1
7,0.57,0,2,0.19,12,45,0.99676,3.31,0.6,9.4,6,0
6.5,0.46,0.14,2.4,0.114,9,37,0.99732,3.66,0.65,9.8,5,0
9,0.82,0.05,2.4,0.081,26,96,0.99814,3.36,0.53,10,5,1
6.5,0.46,0.14,2.4,0.114,9,37,0.99732,3.66,0.65,9.8,5,0
7.1,0.59,0.01,2.5,0.077,20,85,0.99746,3.55,0.59,9.8,5,1
9.9,0.35,0.41,2.3,0.083,11,61,0.9982,3.21,0.5,9.5,5,0
9.9,0.35,0.41,2.3,0.083,11,61,0.9982,3.21,0.5,9.5,5,0
10,0.56,0.24,2.2,0.079,19,58,0.9991,3.18,0.56,10.1,6,0
10,0.56,0.24,2.2,0.079,19,58,0.9991,3.18,0.56,10.1,6,0
8.6,0.63,0.17,2.9,0.099,21,119,0.998,3.09,0.52,9.3,5,1
7.4,0.37,0.43,2.6,0.082,18,82,0.99708,3.33,0.68,9.7,6,1
8.8,0.64,0.17,2.9,0.084,25,130,0.99818,3.23,0.54,9.6,5,3
7.1,0.61,0.02,2.5,0.081,17,87,0.99745,3.48,0.6,9.7,6,1
7.7,0.6,0,2.6,0.055,7,13,0.99639,3.38,0.56,10.8,5,4
10.1,0.27,0.54,2.3,0.065,7,26,0.99531,3.17,0.53,12.5,6,2
10.8,0.89,0.3,2.6,0.132,7,60,0.99786,2.99,1.18,10.2,5,0
8.7,0.46,0.31,2.5,0.126,24,64,0.99746,3.1,0.74,9.6,5,0
9.3,0.37,0.44,1.6,0.038,21,42,0.99526,3.24,0.81,10.8,7,0
9.4,0.5,0.34,3.6,0.082,5,14,0.9987,3.29,0.52,10.7,6,4
9.4,0.5,0.34,3.6,0.082,5,14,0.9987,3.29,0.52,10.7,6,4
7.2,0.61,0.08,4,0.082,26,108,0.99641,3.25,0.51,9.4,5,1
8.6,0.55,0.09,3.3,0.068,8,17,0.99735,3.23,0.44,10,5,2
5.1,0.585,0,1.7,0.044,14,86,0.99264,3.56,0.94,12.9,7,1
7.7,0.56,0.08,2.5,0.114,14,46,0.9971,3.24,0.66,9.6,6,0
8.4,0.52,0.22,2.7,0.084,4,18,0.99682,3.26,0.57,9.9,6,2
8.2,0.28,0.4,2.4,0.052,4,10,0.99356,3.33,0.7,12.8,7,4
8.4,0.25,0.39,2,0.041,4,10,0.99386,3.27,0.71,12.5,7,4
8.2,0.28,0.4,2.4,0.052,4,10,0.99356,3.33,0.7,12.8,7,4
7.4,0.53,0.12,1.9,0.165,4,12,0.99702,3.26,0.86,9.2,5,4
7.6,0.48,0.31,2.8,0.07,4,15,0.99693,3.22,0.55,10.3,6,4
7.3,0.49,0.1,2.6,0.068,4,14,0.99562,3.3,0.47,10.5,5,4
12.9,0.5,0.55,2.8,0.072,7,24,1.00012,3.09,0.68,10.9,6,2
10.8,0.45,0.33,2.5,0.099,20,38,0.99818,3.24,0.71,10.8,5,0
6.9,0.39,0.24,2.1,0.102,4,7,0.99462,3.44,0.58,11.4,4,4
12.6,0.41,0.54,2.8,0.103,19,41,0.99939,3.21,0.76,11.3,6,0
10.8,0.45,0.33,2.5,0.099,20,38,0.99818,3.24,0.71,10.8,5,0
9.8,0.51,0.19,3.2,0.081,8,30,0.9984,3.23,0.58,10.5,6,2
10.8,0.29,0.42,1.6,0.084,19,27,0.99545,3.28,0.73,11.9,6,2
7.1,0.715,0,2.35,0.071,21,47,0.99632,3.29,0.45,9.4,5,0
9.1,0.66,0.15,3.2,0.097,9,59,0.99976,3.28,0.54,9.6,5,0
7,0.685,0,1.9,0.099,9,22,0.99606,3.34,0.6,9.7,5,2
4.9,0.42,0,2.1,0.048,16,42,0.99154,3.71,0.74,14,7,0
6.7,0.54,0.13,2,0.076,15,36,0.9973,3.61,0.64,9.8,5,0
6.7,0.54,0.13,2,0.076,15,36,0.9973,3.61,0.64,9.8,5,0
7.1,0.48,0.28,2.8,0.068,6,16,0.99682,3.24,0.53,10.3,5,4
7.1,0.46,0.14,2.8,0.076,15,37,0.99624,3.36,0.49,10.7,5,0
7.5,0.27,0.34,2.3,0.05,4,8,0.9951,3.4,0.64,11,7,4
7.1,0.46,0.14,2.8,0.076,15,37,0.99624,3.36,0.49,10.7,5,0
7.8,0.57,0.09,2.3,0.065,34,45,0.99417,3.46,0.74,12.7,8,0
5.9,0.61,0.08,2.1,0.071,16,24,0.99376,3.56,0.77,11.1,6,2
7.5,0.685,0.07,2.5,0.058,5,9,0.99632,3.38,0.55,10.9,4,4
5.9,0.61,0.08,2.1,0.071,16,24,0.99376,3.56,0.77,11.1,6,2
10.4,0.44,0.42,1.5,0.145,34,48,0.99832,3.38,0.86,9.9,3,0
11.6,0.47,0.44,1.6,0.147,36,51,0.99836,3.38,0.86,9.9,4,0
8.8,0.685,0.26,1.6,0.088,16,23,0.99694,3.32,0.47,9.4,5,2
7.6,0.665,0.1,1.5,0.066,27,55,0.99655,3.39,0.51,9.3,5,0
6.7,0.28,0.28,2.4,0.012,36,100,0.99064,3.26,0.39,11.7,7,1
6.7,0.28,0.28,2.4,0.012,36,100,0.99064,3.26,0.39,11.7,7,1
10.1,0.31,0.35,1.6,0.075,9,28,0.99672,3.24,0.83,11.2,7,2
6,0.5,0.04,2.2,0.092,13,26,0.99647,3.46,0.47,10,5,2
11.1,0.42,0.47,2.65,0.085,9,34,0.99736,3.24,0.77,12.1,7,2
6.6,0.66,0,3,0.115,21,31,0.99629,3.45,0.63,10.3,5,2
10.6,0.5,0.45,2.6,0.119,34,68,0.99708,3.23,0.72,10.9,6,0
7.1,0.685,0.35,2,0.088,9,92,0.9963,3.28,0.62,9.4,5,1
9.9,0.25,0.46,1.7,0.062,26,42,0.9959,3.18,0.83,10.6,6,0
6.4,0.64,0.21,1.8,0.081,14,31,0.99689,3.59,0.66,9.8,5,2
6.4,0.64,0.21,1.8,0.081,14,31,0.99689,3.59,0.66,9.8,5,2
7.4,0.68,0.16,1.8,0.078,12,39,0.9977,3.5,0.7,9.9,6,0
6.4,0.64,0.21,1.8,0.081,14,31,0.99689,3.59,0.66,9.8,5,2
6.4,0.63,0.21,1.6,0.08,12,32,0.99689,3.58,0.66,9.8,5,2
9.3,0.43,0.44,1.9,0.085,9,22,0.99708,3.28,0.55,9.5,5,2
9.3,0.43,0.44,1.9,0.085,9,22,0.99708,3.28,0.55,9.5,5,2
8,0.42,0.32,2.5,0.08,26,122,0.99801,3.22,1.07,9.7,5,1
9.3,0.36,0.39,1.5,0.08,41,55,0.99652,3.47,0.73,10.9,6,0
9.3,0.36,0.39,1.5,0.08,41,55,0.99652,3.47,0.73,10.9,6,0
7.6,0.735,0.02,2.5,0.071,10,14,0.99538,3.51,0.71,11.7,7,4
9.3,0.36,0.39,1.5,0.08,41,55,0.99652,3.47,0.73,10.9,6,0
8.2,0.26,0.34,2.5,0.073,16,47,0.99594,3.4,0.78,11.3,7,0
11.7,0.28,0.47,1.7,0.054,17,32,0.99686,3.15,0.67,10.6,7,2
6.8,0.56,0.22,1.8,0.074,15,24,0.99438,3.4,0.82,11.2,6,2
7.2,0.62,0.06,2.7,0.077,15,85,0.99746,3.51,0.54,9.5,5,1
5.8,1.01,0.66,2,0.039,15,88,0.99357,3.66,0.6,11.5,6,1
7.5,0.42,0.32,2.7,0.067,7,25,0.99628,3.24,0.44,10.4,5,2
7.2,0.62,0.06,2.5,0.078,17,84,0.99746,3.51,0.53,9.7,5,1
7.2,0.62,0.06,2.7,0.077,15,85,0.99746,3.51,0.54,9.5,5,1
7.2,0.635,0.07,2.6,0.077,16,86,0.99748,3.51,0.54,9.7,5,1
6.8,0.49,0.22,2.3,0.071,13,24,0.99438,3.41,0.83,11.3,6,2
6.9,0.51,0.23,2,0.072,13,22,0.99438,3.4,0.84,11.2,6,2
6.8,0.56,0.22,1.8,0.074,15,24,0.99438,3.4,0.82,11.2,6,2
7.6,0.63,0.03,2,0.08,27,43,0.99578,3.44,0.64,10.9,6,0
7.7,0.715,0.01,2.1,0.064,31,43,0.99371,3.41,0.57,11.8,6,0
6.9,0.56,0.03,1.5,0.086,36,46,0.99522,3.53,0.57,10.6,5,0
7.3,0.35,0.24,2,0.067,28,48,0.99576,3.43,0.54,10,4,0
9.1,0.21,0.37,1.6,0.067,6,10,0.99552,3.23,0.58,11.1,7,4
10.4,0.38,0.46,2.1,0.104,6,10,0.99664,3.12,0.65,11.8,7,4
8.8,0.31,0.4,2.8,0.109,7,16,0.99614,3.31,0.79,11.8,7,4
7.1,0.47,0,2.2,0.067,7,14,0.99517,3.4,0.58,10.9,4,4
7.7,0.715,0.01,2.1,0.064,31,43,0.99371,3.41,0.57,11.8,6,0
8.8,0.61,0.19,4,0.094,30,69,0.99787,3.22,0.5,10,6,0
7.2,0.6,0.04,2.5,0.076,18,88,0.99745,3.53,0.55,9.5,5,1
9.2,0.56,0.18,1.6,0.078,10,21,0.99576,3.15,0.49,9.9,5,2
7.6,0.715,0,2.1,0.068,30,35,0.99533,3.48,0.65,11.4,6,0
8.4,0.31,0.29,3.1,0.194,14,26,0.99536,3.22,0.78,12,6,2
7.2,0.6,0.04,2.5,0.076,18,88,0.99745,3.53,0.55,9.5,5,1
8.8,0.61,0.19,4,0.094,30,69,0.99787,3.22,0.5,10,6,0
8.9,0.75,0.14,2.5,0.086,9,30,0.99824,3.34,0.64,10.5,5,2
9,0.8,0.12,2.4,0.083,8,28,0.99836,3.33,0.65,10.4,6,2
10.7,0.52,0.38,2.6,0.066,29,56,0.99577,3.15,0.79,12.1,7,0
6.8,0.57,0,2.5,0.072,32,64,0.99491,3.43,0.56,11.2,6,0
10.7,0.9,0.34,6.6,0.112,23,99,1.00289,3.22,0.68,9.3,5,1
7.2,0.34,0.24,2,0.071,30,52,0.99576,3.44,0.58,10.1,5,0
7.2,0.66,0.03,2.3,0.078,16,86,0.99743,3.53,0.57,9.7,5,1
10.1,0.45,0.23,1.9,0.082,10,18,0.99774,3.22,0.65,9.3,6,2
7.2,0.66,0.03,2.3,0.078,16,86,0.99743,3.53,0.57,9.7,5,1
7.2,0.63,0.03,2.2,0.08,17,88,0.99745,3.53,0.58,9.8,6,1
7.1,0.59,0.01,2.3,0.08,27,43,0.9955,3.42,0.58,10.7,6,0
8.3,0.31,0.39,2.4,0.078,17,43,0.99444,3.31,0.77,12.5,7,0
7.1,0.59,0.01,2.3,0.08,27,43,0.9955,3.42,0.58,10.7,6,0
8.3,0.31,0.39,2.4,0.078,17,43,0.99444,3.31,0.77,12.5,7,0
8.3,1.02,0.02,3.4,0.084,6,11,0.99892,3.48,0.49,11,3,4
8.9,0.31,0.36,2.6,0.056,10,39,0.99562,3.4,0.69,11.8,5,0
7.4,0.635,0.1,2.4,0.08,16,33,0.99736,3.58,0.69,10.8,7,0
7.4,0.635,0.1,2.4,0.08,16,33,0.99736,3.58,0.69,10.8,7,0
6.8,0.59,0.06,6,0.06,11,18,0.9962,3.41,0.59,10.8,7,2
6.8,0.59,0.06,6,0.06,11,18,0.9962,3.41,0.59,10.8,7,2
9.2,0.58,0.2,3,0.081,15,115,0.998,3.23,0.59,9.5,5,1
7.2,0.54,0.27,2.6,0.084,12,78,0.9964,3.39,0.71,11,5,1
6.1,0.56,0,2.2,0.079,6,9,0.9948,3.59,0.54,11.5,6,4
7.4,0.52,0.13,2.4,0.078,34,61,0.99528,3.43,0.59,10.8,6,0
7.3,0.305,0.39,1.2,0.059,7,11,0.99331,3.29,0.52,11.5,6,4
9.3,0.38,0.48,3.8,0.132,3,11,0.99577,3.23,0.57,13.2,6,4
9.1,0.28,0.46,9,0.114,3,9,0.99901,3.18,0.6,10.9,6,4
10,0.46,0.44,2.9,0.065,4,8,0.99674,3.33,0.62,12.2,6,4
9.4,0.395,0.46,4.6,0.094,3,10,0.99639,3.27,0.64,12.2,7,4
7.3,0.305,0.39,1.2,0.059,7,11,0.99331,3.29,0.52,11.5,6,4
8.6,0.315,0.4,2.2,0.079,3,6,0.99512,3.27,0.67,11.9,6,4
5.3,0.715,0.19,1.5,0.161,7,62,0.99395,3.62,0.61,11,5,0
6.8,0.41,0.31,8.8,0.084,26,45,0.99824,3.38,0.64,10.1,6,0
8.4,0.36,0.32,2.2,0.081,32,79,0.9964,3.3,0.72,11,6,1
8.4,0.62,0.12,1.8,0.072,38,46,0.99504,3.38,0.89,11.8,6,0
9.6,0.41,0.37,2.3,0.091,10,23,0.99786,3.24,0.56,10.5,5,2
8.4,0.36,0.32,2.2,0.081,32,79,0.9964,3.3,0.72,11,6,1
8.4,0.62,0.12,1.8,0.072,38,46,0.99504,3.38,0.89,11.8,6,0
6.8,0.41,0.31,8.8,0.084,26,45,0.99824,3.38,0.64,10.1,6,0
8.6,0.47,0.27,2.3,0.055,14,28,0.99516,3.18,0.8,11.2,5,2
8.6,0.22,0.36,1.9,0.064,53,77,0.99604,3.47,0.87,11,7,1
9.4,0.24,0.33,2.3,0.061,52,73,0.99786,3.47,0.9,10.2,6,1
8.4,0.67,0.19,2.2,0.093,11,75,0.99736,3.2,0.59,9.2,4,0
8.6,0.47,0.27,2.3,0.055,14,28,0.99516,3.18,0.8,11.2,5,2
8.7,0.33,0.38,3.3,0.063,10,19,0.99468,3.3,0.73,12,7,2
6.6,0.61,0.01,1.9,0.08,8,25,0.99746,3.69,0.73,10.5,5,2
7.4,0.61,0.01,2,0.074,13,38,0.99748,3.48,0.65,9.8,5,0
7.6,0.4,0.29,1.9,0.078,29,66,0.9971,3.45,0.59,9.5,6,0
7.4,0.61,0.01,2,0.074,13,38,0.99748,3.48,0.65,9.8,5,0
6.6,0.61,0.01,1.9,0.08,8,25,0.99746,3.69,0.73,10.5,5,2
8.8,0.3,0.38,2.3,0.06,19,72,0.99543,3.39,0.72,11.8,6,0
8.8,0.3,0.38,2.3,0.06,19,72,0.99543,3.39,0.72,11.8,6,0
12,0.63,0.5,1.4,0.071,6,26,0.99791,3.07,0.6,10.4,4,2
7.2,0.38,0.38,2.8,0.068,23,42,0.99356,3.34,0.72,12.9,7,0
6.2,0.46,0.17,1.6,0.073,7,11,0.99425,3.61,0.54,11.4,5,4
9.6,0.33,0.52,2.2,0.074,13,25,0.99509,3.36,0.76,12.4,7,2
9.9,0.27,0.49,5,0.082,9,17,0.99484,3.19,0.52,12.5,7,2
10.1,0.43,0.4,2.6,0.092,13,52,0.99834,3.22,0.64,10,7,0
9.8,0.5,0.34,2.3,0.094,10,45,0.99864,3.24,0.6,9.7,7,0
8.3,0.3,0.49,3.8,0.09,11,24,0.99498,3.27,0.64,12.1,7,2
10.2,0.44,0.42,2,0.071,7,20,0.99566,3.14,0.79,11.1,7,2
10.2,0.44,0.58,4.1,0.092,11,24,0.99745,3.29,0.99,12,7,2
8.3,0.28,0.48,2.1,0.093,6,12,0.99408,3.26,0.62,12.4,7,4
8.9,0.12,0.45,1.8,0.075,10,21,0.99552,3.41,0.76,11.9,7,2
8.9,0.12,0.45,1.8,0.075,10,21,0.99552,3.41,0.76,11.9,7,2
8.9,0.12,0.45,1.8,0.075,10,21,0.99552,3.41,0.76,11.9,7,2
8.3,0.28,0.48,2.1,0.093,6,12,0.99408,3.26,0.62,12.4,7,4
8.2,0.31,0.4,2.2,0.058,6,10,0.99536,3.31,0.68,11.2,7,4
10.2,0.34,0.48,2.1,0.052,5,9,0.99458,3.2,0.69,12.1,7,4
7.6,0.43,0.4,2.7,0.082,6,11,0.99538,3.44,0.54,12.2,6,4
8.5,0.21,0.52,1.9,0.09,9,23,0.99648,3.36,0.67,10.4,5,2
9,0.36,0.52,2.1,0.111,5,10,0.99568,3.31,0.62,11.3,6,4
9.5,0.37,0.52,2,0.088,12,51,0.99613,3.29,0.58,11.1,6,0
6.4,0.57,0.12,2.3,0.12,25,36,0.99519,3.47,0.71,11.3,7,0
8,0.59,0.05,2,0.089,12,32,0.99735,3.36,0.61,10,5,2
8.5,0.47,0.27,1.9,0.058,18,38,0.99518,3.16,0.85,11.1,6,0
7.1,0.56,0.14,1.6,0.078,7,18,0.99592,3.27,0.62,9.3,5,2
6.6,0.57,0.02,2.1,0.115,6,16,0.99654,3.38,0.69,9.5,5,4
8.8,0.27,0.39,2,0.1,20,27,0.99546,3.15,0.69,11.2,6,2
8.5,0.47,0.27,1.9,0.058,18,38,0.99518,3.16,0.85,11.1,6,0
8.3,0.34,0.4,2.4,0.065,24,48,0.99554,3.34,0.86,11,6,0
9,0.38,0.41,2.4,0.103,6,10,0.99604,3.13,0.58,11.9,7,4
8.5,0.66,0.2,2.1,0.097,23,113,0.99733,3.13,0.48,9.2,5,1
9,0.4,0.43,2.4,0.068,29,46,0.9943,3.2,0.6,12.2,6,0
6.7,0.56,0.09,2.9,0.079,7,22,0.99669,3.46,0.61,10.2,5,2
10.4,0.26,0.48,1.9,0.066,6,10,0.99724,3.33,0.87,10.9,6,4
10.4,0.26,0.48,1.9,0.066,6,10,0.99724,3.33,0.87,10.9,6,4
10.1,0.38,0.5,2.4,0.104,6,13,0.99643,3.22,0.65,11.6,7,4
8.5,0.34,0.44,1.7,0.079,6,12,0.99605,3.52,0.63,10.7,5,4
8.8,0.33,0.41,5.9,0.073,7,13,0.99658,3.3,0.62,12.1,7,4
7.2,0.41,0.3,2.1,0.083,35,72,0.997,3.44,0.52,9.4,5,0
7.2,0.41,0.3,2.1,0.083,35,72,0.997,3.44,0.52,9.4,5,0
8.4,0.59,0.29,2.6,0.109,31,119,0.99801,3.15,0.5,9.1,5,1
7,0.4,0.32,3.6,0.061,9,29,0.99416,3.28,0.49,11.3,7,2
12.2,0.45,0.49,1.4,0.075,3,6,0.9969,3.13,0.63,10.4,5,4
9.1,0.5,0.3,1.9,0.065,8,17,0.99774,3.32,0.71,10.5,6,2
9.5,0.86,0.26,1.9,0.079,13,28,0.99712,3.25,0.62,10,5,2
7.3,0.52,0.32,2.1,0.07,51,70,0.99418,3.34,0.82,12.9,6,0
9.1,0.5,0.3,1.9,0.065,8,17,0.99774,3.32,0.71,10.5,6,2
12.2,0.45,0.49,1.4,0.075,3,6,0.9969,3.13,0.63,10.4,5,4
7.4,0.58,0,2,0.064,7,11,0.99562,3.45,0.58,11.3,6,4
9.8,0.34,0.39,1.4,0.066,3,7,0.9947,3.19,0.55,11.4,7,4
7.1,0.36,0.3,1.6,0.08,35,70,0.99693,3.44,0.5,9.4,5,0
7.7,0.39,0.12,1.7,0.097,19,27,0.99596,3.16,0.49,9.4,5,2
9.7,0.295,0.4,1.5,0.073,14,21,0.99556,3.14,0.51,10.9,6,2
7.7,0.39,0.12,1.7,0.097,19,27,0.99596,3.16,0.49,9.4,5,2
7.1,0.34,0.28,2,0.082,31,68,0.99694,3.45,0.48,9.4,5,0
6.5,0.4,0.1,2,0.076,30,47,0.99554,3.36,0.48,9.4,6,0
7.1,0.34,0.28,2,0.082,31,68,0.99694,3.45,0.48,9.4,5,0
10,0.35,0.45,2.5,0.092,20,88,0.99918,3.15,0.43,9.4,5,1
7.7,0.6,0.06,2,0.079,19,41,0.99697,3.39,0.62,10.1,6,0
5.6,0.66,0,2.2,0.087,3,11,0.99378,3.71,0.63,12.8,7,4
5.6,0.66,0,2.2,0.087,3,11,0.99378,3.71,0.63,12.8,7,4
8.9,0.84,0.34,1.4,0.05,4,10,0.99554,3.12,0.48,9.1,6,4
6.4,0.69,0,1.65,0.055,7,12,0.99162,3.47,0.53,12.9,6,4
7.5,0.43,0.3,2.2,0.062,6,12,0.99495,3.44,0.72,11.5,7,4
9.9,0.35,0.38,1.5,0.058,31,47,0.99676,3.26,0.82,10.6,7,0
9.1,0.29,0.33,2.05,0.063,13,27,0.99516,3.26,0.84,11.7,7,2
6.8,0.36,0.32,1.8,0.067,4,8,0.9928,3.36,0.55,12.8,7,4
8.2,0.43,0.29,1.6,0.081,27,45,0.99603,3.25,0.54,10.3,5,0
6.8,0.36,0.32,1.8,0.067,4,8,0.9928,3.36,0.55,12.8,7,4
9.1,0.29,0.33,2.05,0.063,13,27,0.99516,3.26,0.84,11.7,7,2
9.1,0.3,0.34,2,0.064,12,25,0.99516,3.26,0.84,11.7,7,2
8.9,0.35,0.4,3.6,0.11,12,24,0.99549,3.23,0.7,12,7,2
9.6,0.5,0.36,2.8,0.116,26,55,0.99722,3.18,0.68,10.9,5,0
8.9,0.28,0.45,1.7,0.067,7,12,0.99354,3.25,0.55,12.3,7,4
8.9,0.32,0.31,2,0.088,12,19,0.9957,3.17,0.55,10.4,6,2
7.7,1.005,0.15,2.1,0.102,11,32,0.99604,3.23,0.48,10,5,2
7.5,0.71,0,1.6,0.092,22,31,0.99635,3.38,0.58,10,6,0
8,0.58,0.16,2,0.12,3,7,0.99454,3.22,0.58,11.2,6,4
10.5,0.39,0.46,2.2,0.075,14,27,0.99598,3.06,0.84,11.4,6,2
8.9,0.38,0.4,2.2,0.068,12,28,0.99486,3.27,0.75,12.6,7,2
8,0.18,0.37,0.9,0.049,36,109,0.99007,2.89,0.44,12.7,6,1
8,0.18,0.37,0.9,0.049,36,109,0.99007,2.89,0.44,12.7,6,1
7,0.5,0.14,1.8,0.078,10,23,0.99636,3.53,0.61,10.4,5,2
11.3,0.36,0.66,2.4,0.123,3,8,0.99642,3.2,0.53,11.9,6,4
11.3,0.36,0.66,2.4,0.123,3,8,0.99642,3.2,0.53,11.9,6,4
7,0.51,0.09,2.1,0.062,4,9,0.99584,3.35,0.54,10.5,5,4
8.2,0.32,0.42,2.3,0.098,3,9,0.99506,3.27,0.55,12.3,6,4
7.7,0.58,0.01,1.8,0.088,12,18,0.99568,3.32,0.56,10.5,7,2
8.6,0.83,0,2.8,0.095,17,43,0.99822,3.33,0.6,10.4,6,0
7.9,0.31,0.32,1.9,0.066,14,36,0.99364,3.41,0.56,12.6,6,0
6.4,0.795,0,2.2,0.065,28,52,0.99378,3.49,0.52,11.6,5,0
7.2,0.34,0.21,2.5,0.075,41,68,0.99586,3.37,0.54,10.1,6,0
7.7,0.58,0.01,1.8,0.088,12,18,0.99568,3.32,0.56,10.5,7,2
7.1,0.59,0,2.1,0.091,9,14,0.99488,3.42,0.55,11.5,7,4
7.3,0.55,0.01,1.8,0.093,9,15,0.99514,3.35,0.58,11,7,4
8.1,0.82,0,4.1,0.095,5,14,0.99854,3.36,0.53,9.6,5,4
7.5,0.57,0.08,2.6,0.089,14,27,0.99592,3.3,0.59,10.4,6,2
8.9,0.745,0.18,2.5,0.077,15,48,0.99739,3.2,0.47,9.7,6,0
10.1,0.37,0.34,2.4,0.085,5,17,0.99683,3.17,0.65,10.6,7,4
7.6,0.31,0.34,2.5,0.082,26,35,0.99356,3.22,0.59,12.5,7,0
7.3,0.91,0.1,1.8,0.074,20,56,0.99672,3.35,0.56,9.2,5,0
8.7,0.41,0.41,6.2,0.078,25,42,0.9953,3.24,0.77,12.6,7,0
8.9,0.5,0.21,2.2,0.088,21,39,0.99692,3.33,0.83,11.1,6,0
7.4,0.965,0,2.2,0.088,16,32,0.99756,3.58,0.67,10.2,5,2
6.9,0.49,0.19,1.7,0.079,13,26,0.99547,3.38,0.64,9.8,6,2
8.9,0.5,0.21,2.2,0.088,21,39,0.99692,3.33,0.83,11.1,6,0
9.5,0.39,0.41,8.9,0.069,18,39,0.99859,3.29,0.81,10.9,7,0
6.4,0.39,0.33,3.3,0.046,12,53,0.99294,3.36,0.62,12.2,6,0
6.9,0.44,0,1.4,0.07,32,38,0.99438,3.32,0.58,11.4,6,0
7.6,0.78,0,1.7,0.076,33,45,0.99612,3.31,0.62,10.7,6,0
7.1,0.43,0.17,1.8,0.082,27,51,0.99634,3.49,0.64,10.4,5,0
9.3,0.49,0.36,1.7,0.081,3,14,0.99702,3.27,0.78,10.9,6,4
9.3,0.5,0.36,1.8,0.084,6,17,0.99704,3.27,0.77,10.8,6,2
7.1,0.43,0.17,1.8,0.082,27,51,0.99634,3.49,0.64,10.4,5,0
8.5,0.46,0.59,1.4,0.414,16,45,0.99702,3.03,1.34,9.2,5,0
5.6,0.605,0.05,2.4,0.073,19,25,0.99258,3.56,0.55,12.9,5,2
8.3,0.33,0.42,2.3,0.07,9,20,0.99426,3.38,0.77,12.7,7,2
8.2,0.64,0.27,2,0.095,5,77,0.99747,3.13,0.62,9.1,6,0
8.2,0.64,0.27,2,0.095,5,77,0.99747,3.13,0.62,9.1,6,0
8.9,0.48,0.53,4,0.101,3,10,0.99586,3.21,0.59,12.1,7,4
7.6,0.42,0.25,3.9,0.104,28,90,0.99784,3.15,0.57,9.1,5,1
9.9,0.53,0.57,2.4,0.093,30,52,0.9971,3.19,0.76,11.6,7,0
8.9,0.48,0.53,4,0.101,3,10,0.99586,3.21,0.59,12.1,7,4
11.6,0.23,0.57,1.8,0.074,3,8,0.9981,3.14,0.7,9.9,6,4
9.1,0.4,0.5,1.8,0.071,7,16,0.99462,3.21,0.69,12.5,8,4
8,0.38,0.44,1.9,0.098,6,15,0.9956,3.3,0.64,11.4,6,4
10.2,0.29,0.65,2.4,0.075,6,17,0.99565,3.22,0.63,11.8,6,2
8.2,0.74,0.09,2,0.067,5,10,0.99418,3.28,0.57,11.8,6,4
7.7,0.61,0.18,2.4,0.083,6,20,0.9963,3.29,0.6,10.2,6,2
6.6,0.52,0.08,2.4,0.07,13,26,0.99358,3.4,0.72,12.5,7,2
11.1,0.31,0.53,2.2,0.06,3,10,0.99572,3.02,0.83,10.9,7,4
11.1,0.31,0.53,2.2,0.06,3,10,0.99572,3.02,0.83,10.9,7,4
8,0.62,0.35,2.8,0.086,28,52,0.997,3.31,0.62,10.8,5,0
9.3,0.33,0.45,1.5,0.057,19,37,0.99498,3.18,0.89,11.1,7,0
7.5,0.77,0.2,8.1,0.098,30,92,0.99892,3.2,0.58,9.2,5,1
7.2,0.35,0.26,1.8,0.083,33,75,0.9968,3.4,0.58,9.5,6,1
8,0.62,0.33,2.7,0.088,16,37,0.9972,3.31,0.58,10.7,6,0
7.5,0.77,0.2,8.1,0.098,30,92,0.99892,3.2,0.58,9.2,5,1
9.1,0.25,0.34,2,0.071,45,67,0.99769,3.44,0.86,10.2,7,0
9.9,0.32,0.56,2,0.073,3,8,0.99534,3.15,0.73,11.4,6,4
8.6,0.37,0.65,6.4,0.08,3,8,0.99817,3.27,0.58,11,5,4
8.6,0.37,0.65,6.4,0.08,3,8,0.99817,3.27,0.58,11,5,4
7.9,0.3,0.68,8.3,0.05,37.5,278,0.99316,3.01,0.51,12.3,7,3
10.3,0.27,0.56,1.4,0.047,3,8,0.99471,3.16,0.51,11.8,6,4
7.9,0.3,0.68,8.3,0.05,37.5,289,0.99316,3.01,0.51,12.3,7,3
7.2,0.38,0.3,1.8,0.073,31,70,0.99685,3.42,0.59,9.5,6,0
8.7,0.42,0.45,2.4,0.072,32,59,0.99617,3.33,0.77,12,6,0
7.2,0.38,0.3,1.8,0.073,31,70,0.99685,3.42,0.59,9.5,6,0
6.8,0.48,0.08,1.8,0.074,40,64,0.99529,3.12,0.49,9.6,5,0
8.5,0.34,0.4,4.7,0.055,3,9,0.99738,3.38,0.66,11.6,7,4
7.9,0.19,0.42,1.6,0.057,18,30,0.994,3.29,0.69,11.2,6,2
11.6,0.41,0.54,1.5,0.095,22,41,0.99735,3.02,0.76,9.9,7,0
11.6,0.41,0.54,1.5,0.095,22,41,0.99735,3.02,0.76,9.9,7,0
10,0.26,0.54,1.9,0.083,42,74,0.99451,2.98,0.63,11.8,8,1
7.9,0.34,0.42,2,0.086,8,19,0.99546,3.35,0.6,11.4,6,2
7,0.54,0.09,2,0.081,10,16,0.99479,3.43,0.59,11.5,6,2
9.2,0.31,0.36,2.2,0.079,11,31,0.99615,3.33,0.86,12,7,2
6.6,0.725,0.09,5.5,0.117,9,17,0.99655,3.35,0.49,10.8,6,2
9.4,0.4,0.47,2.5,0.087,6,20,0.99772,3.15,0.5,10.5,5,2
6.6,0.725,0.09,5.5,0.117,9,17,0.99655,3.35,0.49,10.8,6,2
8.6,0.52,0.38,1.5,0.096,5,18,0.99666,3.2,0.52,9.4,5,2
8,0.31,0.45,2.1,0.216,5,16,0.99358,3.15,0.81,12.5,7,4
8.6,0.52,0.38,1.5,0.096,5,18,0.99666,3.2,0.52,9.4,5,2
8.4,0.34,0.42,2.1,0.072,23,36,0.99392,3.11,0.78,12.4,6,0
7.4,0.49,0.27,2.1,0.071,14,25,0.99388,3.35,0.63,12,6,2
6.1,0.48,0.09,1.7,0.078,18,30,0.99402,3.45,0.54,11.2,6,2
7.4,0.49,0.27,2.1,0.071,14,25,0.99388,3.35,0.63,12,6,2
8,0.48,0.34,2.2,0.073,16,25,0.9936,3.28,0.66,12.4,6,2
6.3,0.57,0.28,2.1,0.048,13,49,0.99374,3.41,0.6,12.8,5,0
8.2,0.23,0.42,1.9,0.069,9,17,0.99376,3.21,0.54,12.3,6,2
9.1,0.3,0.41,2,0.068,10,24,0.99523,3.27,0.85,11.7,7,2
8.1,0.78,0.1,3.3,0.09,4,13,0.99855,3.36,0.49,9.5,5,4
10.8,0.47,0.43,2.1,0.171,27,66,0.9982,3.17,0.76,10.8,6,0
8.3,0.53,0,1.4,0.07,6,14,0.99593,3.25,0.64,10,6,4
5.4,0.42,0.27,2,0.092,23,55,0.99471,3.78,0.64,12.3,7,0
7.9,0.33,0.41,1.5,0.056,6,35,0.99396,3.29,0.71,11,6,2
8.9,0.24,0.39,1.6,0.074,3,10,0.99698,3.12,0.59,9.5,6,4
5,0.4,0.5,4.3,0.046,29,80,0.9902,3.49,0.66,13.6,6,1
7,0.69,0.07,2.5,0.091,15,21,0.99572,3.38,0.6,11.3,6,2
7,0.69,0.07,2.5,0.091,15,21,0.99572,3.38,0.6,11.3,6,2
7,0.69,0.07,2.5,0.091,15,21,0.99572,3.38,0.6,11.3,6,2
7.1,0.39,0.12,2.1,0.065,14,24,0.99252,3.3,0.53,13.3,6,2
5.6,0.66,0,2.5,0.066,7,15,0.99256,3.52,0.58,12.9,5,4
7.9,0.54,0.34,2.5,0.076,8,17,0.99235,3.2,0.72,13.1,8,2
6.6,0.5,0,1.8,0.062,21,28,0.99352,3.44,0.55,12.3,6,2
6.3,0.47,0,1.4,0.055,27,33,0.9922,3.45,0.48,12.3,6,0
10.7,0.4,0.37,1.9,0.081,17,29,0.99674,3.12,0.65,11.2,6,2
6.5,0.58,0,2.2,0.096,3,13,0.99557,3.62,0.62,11.5,4,4
8.8,0.24,0.35,1.7,0.055,13,27,0.99394,3.14,0.59,11.3,7,2
5.8,0.29,0.26,1.7,0.063,3,11,0.9915,3.39,0.54,13.5,6,4
6.3,0.76,0,2.9,0.072,26,52,0.99379,3.51,0.6,11.5,6,0
10,0.43,0.33,2.7,0.095,28,89,0.9984,3.22,0.68,10,5,1
10.5,0.43,0.35,3.3,0.092,24,70,0.99798,3.21,0.69,10.5,6,0
9.1,0.6,0,1.9,0.058,5,10,0.9977,3.18,0.63,10.4,6,4
5.9,0.19,0.21,1.7,0.045,57,135,0.99341,3.32,0.44,9.5,5,3
7.4,0.36,0.34,1.8,0.075,18,38,0.9933,3.38,0.88,13.6,7,0
7.2,0.48,0.07,5.5,0.089,10,18,0.99684,3.37,0.68,11.2,7,2
8.5,0.28,0.35,1.7,0.061,6,15,0.99524,3.3,0.74,11.8,7,4
8,0.25,0.43,1.7,0.067,22,50,0.9946,3.38,0.6,11.9,6,0
10.4,0.52,0.45,2,0.08,6,13,0.99774,3.22,0.76,11.4,6,4
10.4,0.52,0.45,2,0.08,6,13,0.99774,3.22,0.76,11.4,6,4
7.5,0.41,0.15,3.7,0.104,29,94,0.99786,3.14,0.58,9.1,5,1
8.2,0.51,0.24,2,0.079,16,86,0.99764,3.34,0.64,9.5,6,1
7.3,0.4,0.3,1.7,0.08,33,79,0.9969,3.41,0.65,9.5,6,1
8.2,0.38,0.32,2.5,0.08,24,71,0.99624,3.27,0.85,11,6,0
6.9,0.45,0.11,2.4,0.043,6,12,0.99354,3.3,0.65,11.4,6,4
7,0.22,0.3,1.8,0.065,16,20,0.99672,3.61,0.82,10,6,2
7.3,0.32,0.23,2.3,0.066,35,70,0.99588,3.43,0.62,10.1,5,0
8.2,0.2,0.43,2.5,0.076,31,51,0.99672,3.53,0.81,10.4,6,0
7.8,0.5,0.12,1.8,0.178,6,21,0.996,3.28,0.87,9.8,6,2
10,0.41,0.45,6.2,0.071,6,14,0.99702,3.21,0.49,11.8,7,4
7.8,0.39,0.42,2,0.086,9,21,0.99526,3.39,0.66,11.6,6,2
10,0.35,0.47,2,0.061,6,11,0.99585,3.23,0.52,12,6,4
8.2,0.33,0.32,2.8,0.067,4,12,0.99473,3.3,0.76,12.8,7,4
6.1,0.58,0.23,2.5,0.044,16,70,0.99352,3.46,0.65,12.5,6,0
8.3,0.6,0.25,2.2,0.118,9,38,0.99616,3.15,0.53,9.8,5,0
9.6,0.42,0.35,2.1,0.083,17,38,0.99622,3.23,0.66,11.1,6,0
6.6,0.58,0,2.2,0.1,50,63,0.99544,3.59,0.68,11.4,6,0
8.3,0.6,0.25,2.2,0.118,9,38,0.99616,3.15,0.53,9.8,5,0
8.5,0.18,0.51,1.75,0.071,45,88,0.99524,3.33,0.76,11.8,7,1
5.1,0.51,0.18,2.1,0.042,16,101,0.9924,3.46,0.87,12.9,7,1
6.7,0.41,0.43,2.8,0.076,22,54,0.99572,3.42,1.16,10.6,6,0
10.2,0.41,0.43,2.2,0.11,11,37,0.99728,3.16,0.67,10.8,5,0
10.6,0.36,0.57,2.3,0.087,6,20,0.99676,3.14,0.72,11.1,7,2
8.8,0.45,0.43,1.4,0.076,12,21,0.99551,3.21,0.75,10.2,6,2
8.5,0.32,0.42,2.3,0.075,12,19,0.99434,3.14,0.71,11.8,7,2
9,0.785,0.24,1.7,0.078,10,21,0.99692,3.29,0.67,10,5,2
9,0.785,0.24,1.7,0.078,10,21,0.99692,3.29,0.67,10,5,2
8.5,0.44,0.5,1.9,0.369,15,38,0.99634,3.01,1.1,9.4,5,0
9.9,0.54,0.26,2,0.111,7,60,0.99709,2.94,0.98,10.2,5,0
8.2,0.33,0.39,2.5,0.074,29,48,0.99528,3.32,0.88,12.4,7,0
6.5,0.34,0.27,2.8,0.067,8,44,0.99384,3.21,0.56,12,6,0
7.6,0.5,0.29,2.3,0.086,5,14,0.99502,3.32,0.62,11.5,6,4
9.2,0.36,0.34,1.6,0.062,5,12,0.99667,3.2,0.67,10.5,6,4
7.1,0.59,0,2.2,0.078,26,44,0.99522,3.42,0.68,10.8,6,0
9.7,0.42,0.46,2.1,0.074,5,16,0.99649,3.27,0.74,12.3,6,4
7.6,0.36,0.31,1.7,0.079,26,65,0.99716,3.46,0.62,9.5,6,0
7.6,0.36,0.31,1.7,0.079,26,65,0.99716,3.46,0.62,9.5,6,0
6.5,0.61,0,2.2,0.095,48,59,0.99541,3.61,0.7,11.5,6,0
6.5,0.88,0.03,5.6,0.079,23,47,0.99572,3.58,0.5,11.2,4,0
7.1,0.66,0,2.4,0.052,6,11,0.99318,3.35,0.66,12.7,7,4
5.6,0.915,0,2.1,0.041,17,78,0.99346,3.68,0.73,11.4,5,1
8.2,0.35,0.33,2.4,0.076,11,47,0.99599,3.27,0.81,11,6,0
8.2,0.35,0.33,2.4,0.076,11,47,0.99599,3.27,0.81,11,6,0
9.8,0.39,0.43,1.65,0.068,5,11,0.99478,3.19,0.46,11.4,5,4
10.2,0.4,0.4,2.5,0.068,41,54,0.99754,3.38,0.86,10.5,6,0
6.8,0.66,0.07,1.6,0.07,16,61,0.99572,3.29,0.6,9.3,5,0
6.7,0.64,0.23,2.1,0.08,11,119,0.99538,3.36,0.7,10.9,5,1
7,0.43,0.3,2,0.085,6,39,0.99346,3.33,0.46,11.9,6,0
6.6,0.8,0.03,7.8,0.079,6,12,0.9963,3.52,0.5,12.2,5,4
7,0.43,0.3,2,0.085,6,39,0.99346,3.33,0.46,11.9,6,0
6.7,0.64,0.23,2.1,0.08,11,119,0.99538,3.36,0.7,10.9,5,1
8.8,0.955,0.05,1.8,0.075,5,19,0.99616,3.3,0.44,9.6,4,2
9.1,0.4,0.57,4.6,0.08,6,20,0.99652,3.28,0.57,12.5,6,2
6.5,0.885,0,2.3,0.166,6,12,0.99551,3.56,0.51,10.8,5,4
7.2,0.25,0.37,2.5,0.063,11,41,0.99439,3.52,0.8,12.4,7,0
6.4,0.885,0,2.3,0.166,6,12,0.99551,3.56,0.51,10.8,5,4
7,0.745,0.12,1.8,0.114,15,64,0.99588,3.22,0.59,9.5,6,0
6.2,0.43,0.22,1.8,0.078,21,56,0.99633,3.52,0.6,9.5,6,0
7.9,0.58,0.23,2.3,0.076,23,94,0.99686,3.21,0.58,9.5,6,1
7.7,0.57,0.21,1.5,0.069,4,9,0.99458,3.16,0.54,9.8,6,4
7.7,0.26,0.26,2,0.052,19,77,0.9951,3.15,0.79,10.9,6,1
7.9,0.58,0.23,2.3,0.076,23,94,0.99686,3.21,0.58,9.5,6,1
7.7,0.57,0.21,1.5,0.069,4,9,0.99458,3.16,0.54,9.8,6,4
7.9,0.34,0.36,1.9,0.065,5,10,0.99419,3.27,0.54,11.2,7,4
8.6,0.42,0.39,1.8,0.068,6,12,0.99516,3.35,0.69,11.7,8,4
9.9,0.74,0.19,5.8,0.111,33,76,0.99878,3.14,0.55,9.4,5,1
7.2,0.36,0.46,2.1,0.074,24,44,0.99534,3.4,0.85,11,7,0
7.2,0.36,0.46,2.1,0.074,24,44,0.99534,3.4,0.85,11,7,0
7.2,0.36,0.46,2.1,0.074,24,44,0.99534,3.4,0.85,11,7,0
9.9,0.72,0.55,1.7,0.136,24,52,0.99752,3.35,0.94,10,5,0
7.2,0.36,0.46,2.1,0.074,24,44,0.99534,3.4,0.85,11,7,0
6.2,0.39,0.43,2,0.071,14,24,0.99428,3.45,0.87,11.2,7,2
6.8,0.65,0.02,2.1,0.078,8,15,0.99498,3.35,0.62,10.4,6,4
6.6,0.44,0.15,2.1,0.076,22,53,0.9957,3.32,0.62,9.3,5,0
6.8,0.65,0.02,2.1,0.078,8,15,0.99498,3.35,0.62,10.4,6,4
9.6,0.38,0.42,1.9,0.071,5,13,0.99659,3.15,0.75,10.5,6,4
10.2,0.33,0.46,1.9,0.081,6,9,0.99628,3.1,0.48,10.4,6,4
8.8,0.27,0.46,2.1,0.095,20,29,0.99488,3.26,0.56,11.3,6,2
7.9,0.57,0.31,2,0.079,10,79,0.99677,3.29,0.69,9.5,6,1
8.2,0.34,0.37,1.9,0.057,43,74,0.99408,3.23,0.81,12,6,1
8.2,0.4,0.31,1.9,0.082,8,24,0.996,3.24,0.69,10.6,6,2
9,0.39,0.4,1.3,0.044,25,50,0.99478,3.2,0.83,10.9,6,0
10.9,0.32,0.52,1.8,0.132,17,44,0.99734,3.28,0.77,11.5,6,0
10.9,0.32,0.52,1.8,0.132,17,44,0.99734,3.28,0.77,11.5,6,0
8.1,0.53,0.22,2.2,0.078,33,89,0.99678,3.26,0.46,9.6,6,1
10.5,0.36,0.47,2.2,0.074,9,23,0.99638,3.23,0.76,12,6,2
12.6,0.39,0.49,2.5,0.08,8,20,0.9992,3.07,0.82,10.3,6,2
9.2,0.46,0.23,2.6,0.091,18,77,0.99922,3.15,0.51,9.4,5,1
7.5,0.58,0.03,4.1,0.08,27,46,0.99592,3.02,0.47,9.2,5,0
9,0.58,0.25,2,0.104,8,21,0.99769,3.27,0.72,9.6,5,2
5.1,0.42,0,1.8,0.044,18,88,0.99157,3.68,0.73,13.6,7,1
7.6,0.43,0.29,2.1,0.075,19,66,0.99718,3.4,0.64,9.5,5,0
7.7,0.18,0.34,2.7,0.066,15,58,0.9947,3.37,0.78,11.8,6,0
7.8,0.815,0.01,2.6,0.074,48,90,0.99621,3.38,0.62,10.8,5,1
7.6,0.43,0.29,2.1,0.075,19,66,0.99718,3.4,0.64,9.5,5,0
10.2,0.23,0.37,2.2,0.057,14,36,0.99614,3.23,0.49,9.3,4,0
7.1,0.75,0.01,2.2,0.059,11,18,0.99242,3.39,0.4,12.8,6,2
6,0.33,0.32,12.9,0.054,6,113,0.99572,3.3,0.56,11.5,4,1
7.8,0.55,0,1.7,0.07,7,17,0.99659,3.26,0.64,9.4,6,2
7.1,0.75,0.01,2.2,0.059,11,18,0.99242,3.39,0.4,12.8,6,2
8.1,0.73,0,2.5,0.081,12,24,0.99798,3.38,0.46,9.6,4,2
6.5,0.67,0,4.3,0.057,11,20,0.99488,3.45,0.56,11.8,4,2
7.5,0.61,0.2,1.7,0.076,36,60,0.99494,3.1,0.4,9.3,5,0
9.8,0.37,0.39,2.5,0.079,28,65,0.99729,3.16,0.59,9.8,5,0
9,0.4,0.41,2,0.058,15,40,0.99414,3.22,0.6,12.2,6,0
8.3,0.56,0.22,2.4,0.082,10,86,0.9983,3.37,0.62,9.5,5,1
5.9,0.29,0.25,13.4,0.067,72,160,0.99721,3.33,0.54,10.3,6,3
7.4,0.55,0.19,1.8,0.082,15,34,0.99655,3.49,0.68,10.5,5,0
7.4,0.74,0.07,1.7,0.086,15,48,0.99502,3.12,0.48,10,5,0
7.4,0.55,0.19,1.8,0.082,15,34,0.99655,3.49,0.68,10.5,5,0
6.9,0.41,0.33,2.2,0.081,22,36,0.9949,3.41,0.75,11.1,6,0
7.1,0.6,0.01,2.3,0.079,24,37,0.99514,3.4,0.61,10.9,6,0
7.1,0.6,0.01,2.3,0.079,24,37,0.99514,3.4,0.61,10.9,6,0
7.5,0.58,0.14,2.2,0.077,27,60,0.9963,3.28,0.59,9.8,5,0
7.1,0.72,0,1.8,0.123,6,14,0.99627,3.45,0.58,9.8,5,4
7.9,0.66,0,1.4,0.096,6,13,0.99569,3.43,0.58,9.5,5,4
7.8,0.7,0.06,1.9,0.079,20,35,0.99628,3.4,0.69,10.9,5,0
6.1,0.64,0.02,2.4,0.069,26,46,0.99358,3.47,0.45,11,5,0
7.5,0.59,0.22,1.8,0.082,43,60,0.99499,3.1,0.42,9.2,5,0
7,0.58,0.28,4.8,0.085,12,69,0.99633,3.32,0.7,11,6,0
6.8,0.64,0,2.7,0.123,15,33,0.99538,3.44,0.63,11.3,6,0
6.8,0.64,0,2.7,0.123,15,33,0.99538,3.44,0.63,11.3,6,0
8.6,0.635,0.68,1.8,0.403,19,56,0.99632,3.02,1.15,9.3,5,0
6.3,1.02,0,2,0.083,17,24,0.99437,3.59,0.55,11.2,4,2
9.8,0.45,0.38,2.5,0.081,34,66,0.99726,3.15,0.58,9.8,5,0
8.2,0.78,0,2.2,0.089,13,26,0.9978,3.37,0.46,9.6,4,2
8.5,0.37,0.32,1.8,0.066,26,51,0.99456,3.38,0.72,11.8,6,0
7.2,0.57,0.05,2.3,0.081,16,36,0.99564,3.38,0.6,10.3,6,0
7.2,0.57,0.05,2.3,0.081,16,36,0.99564,3.38,0.6,10.3,6,0
10.4,0.43,0.5,2.3,0.068,13,19,0.996,3.1,0.87,11.4,6,2
6.9,0.41,0.31,2,0.079,21,51,0.99668,3.47,0.55,9.5,6,0
5.5,0.49,0.03,1.8,0.044,28,87,0.9908,3.5,0.82,14,8,1
5,0.38,0.01,1.6,0.048,26,60,0.99084,3.7,0.75,14,6,0
7.3,0.44,0.2,1.6,0.049,24,64,0.9935,3.38,0.57,11.7,6,0
5.9,0.46,0,1.9,0.077,25,44,0.99385,3.5,0.53,11.2,5,0
7.5,0.58,0.2,2,0.073,34,44,0.99494,3.1,0.43,9.3,5,0
7.8,0.58,0.13,2.1,0.102,17,36,0.9944,3.24,0.53,11.2,6,0
8,0.715,0.22,2.3,0.075,13,81,0.99688,3.24,0.54,9.5,6,1
8.5,0.4,0.4,6.3,0.05,3,10,0.99566,3.28,0.56,12,4,4
7,0.69,0,1.9,0.114,3,10,0.99636,3.35,0.6,9.7,6,4
8,0.715,0.22,2.3,0.075,13,81,0.99688,3.24,0.54,9.5,6,1
9.8,0.3,0.39,1.7,0.062,3,9,0.9948,3.14,0.57,11.5,7,4
7.1,0.46,0.2,1.9,0.077,28,54,0.9956,3.37,0.64,10.4,6,0
7.1,0.46,0.2,1.9,0.077,28,54,0.9956,3.37,0.64,10.4,6,0
7.9,0.765,0,2,0.084,9,22,0.99619,3.33,0.68,10.9,6,2
8.7,0.63,0.28,2.7,0.096,17,69,0.99734,3.26,0.63,10.2,6,0
7,0.42,0.19,2.3,0.071,18,36,0.99476,3.39,0.56,10.9,5,0
11.3,0.37,0.5,1.8,0.09,20,47,0.99734,3.15,0.57,10.5,5,0
7.1,0.16,0.44,2.5,0.068,17,31,0.99328,3.35,0.54,12.4,6,2
8,0.6,0.08,2.6,0.056,3,7,0.99286,3.22,0.37,13,5,4
7,0.6,0.3,4.5,0.068,20,110,0.99914,3.3,1.17,10.2,5,1
7,0.6,0.3,4.5,0.068,20,110,0.99914,3.3,1.17,10.2,5,1
7.6,0.74,0,1.9,0.1,6,12,0.99521,3.36,0.59,11,5,4
8.2,0.635,0.1,2.1,0.073,25,60,0.99638,3.29,0.75,10.9,6,0
5.9,0.395,0.13,2.4,0.056,14,28,0.99362,3.62,0.67,12.4,6,2
7.5,0.755,0,1.9,0.084,6,12,0.99672,3.34,0.49,9.7,4,4
8.2,0.635,0.1,2.1,0.073,25,60,0.99638,3.29,0.75,10.9,6,0
6.6,0.63,0,4.3,0.093,51,77.5,0.99558,3.2,0.45,9.5,5,1
6.6,0.63,0,4.3,0.093,51,77.5,0.99558,3.2,0.45,9.5,5,1
7.2,0.53,0.14,2.1,0.064,15,29,0.99323,3.35,0.61,12.1,6,2
5.7,0.6,0,1.4,0.063,11,18,0.99191,3.45,0.56,12.2,6,2
7.6,1.58,0,2.1,0.137,5,9,0.99476,3.5,0.4,10.9,3,4
5.2,0.645,0,2.15,0.08,15,28,0.99444,3.78,0.61,12.5,6,2
6.7,0.86,0.07,2,0.1,20,57,0.99598,3.6,0.74,11.7,6,0
9.1,0.37,0.32,2.1,0.064,4,15,0.99576,3.3,0.8,11.2,6,4
8,0.28,0.44,1.8,0.081,28,68,0.99501,3.36,0.66,11.2,5,0
7.6,0.79,0.21,2.3,0.087,21,68,0.9955,3.12,0.44,9.2,5,0
7.5,0.61,0.26,1.9,0.073,24,88,0.99612,3.3,0.53,9.8,5,1
9.7,0.69,0.32,2.5,0.088,22,91,0.9979,3.29,0.62,10.1,5,1
6.8,0.68,0.09,3.9,0.068,15,29,0.99524,3.41,0.52,11.1,4,2
9.7,0.69,0.32,2.5,0.088,22,91,0.9979,3.29,0.62,10.1,5,1
7,0.62,0.1,1.4,0.071,27,63,0.996,3.28,0.61,9.2,5,0
7.5,0.61,0.26,1.9,0.073,24,88,0.99612,3.3,0.53,9.8,5,1
6.5,0.51,0.15,3,0.064,12,27,0.9929,3.33,0.59,12.8,6,2
8,1.18,0.21,1.9,0.083,14,41,0.99532,3.34,0.47,10.5,5,0
7,0.36,0.21,2.3,0.086,20,65,0.99558,3.4,0.54,10.1,6,0
7,0.36,0.21,2.4,0.086,24,69,0.99556,3.4,0.53,10.1,6,0
7.5,0.63,0.27,2,0.083,17,91,0.99616,3.26,0.58,9.8,6,1
5.4,0.74,0,1.2,0.041,16,46,0.99258,4.01,0.59,12.5,6,0
9.9,0.44,0.46,2.2,0.091,10,41,0.99638,3.18,0.69,11.9,6,0
7.5,0.63,0.27,2,0.083,17,91,0.99616,3.26,0.58,9.8,6,1
9.1,0.76,0.68,1.7,0.414,18,64,0.99652,2.9,1.33,9.1,6,0
9.7,0.66,0.34,2.6,0.094,12,88,0.99796,3.26,0.66,10.1,5,1
5,0.74,0,1.2,0.041,16,46,0.99258,4.01,0.59,12.5,6,0
9.1,0.34,0.42,1.8,0.058,9,18,0.99392,3.18,0.55,11.4,5,2
9.1,0.36,0.39,1.8,0.06,21,55,0.99495,3.18,0.82,11,7,0
6.7,0.46,0.24,1.7,0.077,18,34,0.9948,3.39,0.6,10.6,6,0
6.7,0.46,0.24,1.7,0.077,18,34,0.9948,3.39,0.6,10.6,6,0
6.7,0.46,0.24,1.7,0.077,18,34,0.9948,3.39,0.6,10.6,6,0
6.7,0.46,0.24,1.7,0.077,18,34,0.9948,3.39,0.6,10.6,6,0
6.5,0.52,0.11,1.8,0.073,13,38,0.9955,3.34,0.52,9.3,5,0
7.4,0.6,0.26,2.1,0.083,17,91,0.99616,3.29,0.56,9.8,6,1
7.4,0.6,0.26,2.1,0.083,17,91,0.99616,3.29,0.56,9.8,6,1
7.8,0.87,0.26,3.8,0.107,31,67,0.99668,3.26,0.46,9.2,5,0
8.4,0.39,0.1,1.7,0.075,6,25,0.99581,3.09,0.43,9.7,6,2
9.1,0.775,0.22,2.2,0.079,12,48,0.9976,3.18,0.51,9.6,5,0
7.2,0.835,0,2,0.166,4,11,0.99608,3.39,0.52,10,5,4
6.6,0.58,0.02,2.4,0.069,19,40,0.99387,3.38,0.66,12.6,6,0
6,0.5,0,1.4,0.057,15,26,0.99448,3.36,0.45,9.5,5,2
6,0.5,0,1.4,0.057,15,26,0.99448,3.36,0.45,9.5,5,2
6,0.5,0,1.4,0.057,15,26,0.99448,3.36,0.45,9.5,5,2
7.5,0.51,0.02,1.7,0.084,13,31,0.99538,3.36,0.54,10.5,6,2
7.5,0.51,0.02,1.7,0.084,13,31,0.99538,3.36,0.54,10.5,6,2
7.5,0.51,0.02,1.7,0.084,13,31,0.99538,3.36,0.54,10.5,6,2
7.6,0.54,0.02,1.7,0.085,17,31,0.99589,3.37,0.51,10.4,6,2
7.5,0.51,0.02,1.7,0.084,13,31,0.99538,3.36,0.54,10.5,6,2
11.5,0.42,0.48,2.6,0.077,8,20,0.99852,3.09,0.53,11,5,2
8.2,0.44,0.24,2.3,0.063,10,28,0.99613,3.25,0.53,10.2,6,2
6.1,0.59,0.01,2.1,0.056,5,13,0.99472,3.52,0.56,11.4,5,4
7.2,0.655,0.03,1.8,0.078,7,12,0.99587,3.34,0.39,9.5,5,4
7.2,0.655,0.03,1.8,0.078,7,12,0.99587,3.34,0.39,9.5,5,4
6.9,0.57,0,2.8,0.081,21,41,0.99518,3.41,0.52,10.8,5,0
9,0.6,0.29,2,0.069,32,73,0.99654,3.34,0.57,10,5,0
7.2,0.62,0.01,2.3,0.065,8,46,0.99332,3.32,0.51,11.8,6,0
7.6,0.645,0.03,1.9,0.086,14,57,0.9969,3.37,0.46,10.3,5,0
7.6,0.645,0.03,1.9,0.086,14,57,0.9969,3.37,0.46,10.3,5,0
7.2,0.58,0.03,2.3,0.077,7,28,0.99568,3.35,0.52,10,5,2
6.1,0.32,0.25,1.8,0.086,5,32,0.99464,3.36,0.44,10.1,5,2
6.1,0.34,0.25,1.8,0.084,4,28,0.99464,3.36,0.44,10.1,5,2
7.3,0.43,0.24,2.5,0.078,27,67,0.99648,3.6,0.59,11.1,6,0
7.4,0.64,0.17,5.4,0.168,52,98,0.99736,3.28,0.5,9.5,5,1
11.6,0.475,0.4,1.4,0.091,6,28,0.99704,3.07,0.65,10.0333,6,2
9.2,0.54,0.31,2.3,0.112,11,38,0.99699,3.24,0.56,10.9,5,0
8.3,0.85,0.14,2.5,0.093,13,54,0.99724,3.36,0.54,10.1,5,0
11.6,0.475,0.4,1.4,0.091,6,28,0.99704,3.07,0.65,10.0333,6,2
8,0.83,0.27,2,0.08,11,63,0.99652,3.29,0.48,9.8,4,0
7.2,0.605,0.02,1.9,0.096,10,31,0.995,3.46,0.53,11.8,6,2
7.8,0.5,0.09,2.2,0.115,10,42,0.9971,3.18,0.62,9.5,5,0
7.3,0.74,0.08,1.7,0.094,10,45,0.99576,3.24,0.5,9.8,5,0
6.9,0.54,0.3,2.2,0.088,9,105,0.99725,3.25,1.18,10.5,6,1
8,0.77,0.32,2.1,0.079,16,74,0.99656,3.27,0.5,9.8,6,0
6.6,0.61,0,1.6,0.069,4,8,0.99396,3.33,0.37,10.4,4,4
8.7,0.78,0.51,1.7,0.415,12,66,0.99623,3,1.17,9.2,5,0
7.5,0.58,0.56,3.1,0.153,5,14,0.99476,3.21,1.03,11.6,6,4
8.7,0.78,0.51,1.7,0.415,12,66,0.99623,3,1.17,9.2,5,0
7.7,0.75,0.27,3.8,0.11,34,89,0.99664,3.24,0.45,9.3,5,1
6.8,0.815,0,1.2,0.267,16,29,0.99471,3.32,0.51,9.8,3,2
7.2,0.56,0.26,2,0.083,13,100,0.99586,3.26,0.52,9.9,5,1
8.2,0.885,0.2,1.4,0.086,7,31,0.9946,3.11,0.46,10,5,2
5.2,0.49,0.26,2.3,0.09,23,74,0.9953,3.71,0.62,12.2,6,0
7.2,0.45,0.15,2,0.078,10,28,0.99609,3.29,0.51,9.9,6,2
7.5,0.57,0.02,2.6,0.077,11,35,0.99557,3.36,0.62,10.8,6,0
7.5,0.57,0.02,2.6,0.077,11,35,0.99557,3.36,0.62,10.8,6,0
6.8,0.83,0.09,1.8,0.074,4,25,0.99534,3.38,0.45,9.6,5,2
8,0.6,0.22,2.1,0.08,25,105,0.99613,3.3,0.49,9.9,5,1
8,0.6,0.22,2.1,0.08,25,105,0.99613,3.3,0.49,9.9,5,1
7.1,0.755,0.15,1.8,0.107,20,84,0.99593,3.19,0.5,9.5,5,1
8,0.81,0.25,3.4,0.076,34,85,0.99668,3.19,0.42,9.2,5,1
7.4,0.64,0.07,1.8,0.1,8,23,0.9961,3.3,0.58,9.6,5,2
7.4,0.64,0.07,1.8,0.1,8,23,0.9961,3.3,0.58,9.6,5,2
6.6,0.64,0.31,6.1,0.083,7,49,0.99718,3.35,0.68,10.3,5,0
6.7,0.48,0.02,2.2,0.08,36,111,0.99524,3.1,0.53,9.7,5,1
6,0.49,0,2.3,0.068,15,33,0.99292,3.58,0.59,12.5,6,0
8,0.64,0.22,2.4,0.094,5,33,0.99612,3.37,0.58,11,5,2
7.1,0.62,0.06,1.3,0.07,5,12,0.9942,3.17,0.48,9.8,5,4
8,0.52,0.25,2,0.078,19,59,0.99612,3.3,0.48,10.2,5,0
6.4,0.57,0.14,3.9,0.07,27,73,0.99669,3.32,0.48,9.2,5,0
8.6,0.685,0.1,1.6,0.092,3,12,0.99745,3.31,0.65,9.55,6,4
8.7,0.675,0.1,1.6,0.09,4,11,0.99745,3.31,0.65,9.55,5,4
7.3,0.59,0.26,2,0.08,17,104,0.99584,3.28,0.52,9.9,5,1
7,0.6,0.12,2.2,0.083,13,28,0.9966,3.52,0.62,10.2,7,2
7.2,0.67,0,2.2,0.068,10,24,0.9956,3.42,0.72,11.1,6,2
7.9,0.69,0.21,2.1,0.08,33,141,0.9962,3.25,0.51,9.9,5,3
7.9,0.69,0.21,2.1,0.08,33,141,0.9962,3.25,0.51,9.9,5,3
7.6,0.3,0.42,2,0.052,6,24,0.9963,3.44,0.82,11.9,6,2
7.2,0.33,0.33,1.7,0.061,3,13,0.996,3.23,1.1,10,8,4
8,0.5,0.39,2.6,0.082,12,46,0.9985,3.43,0.62,10.7,6,0
7.7,0.28,0.3,2,0.062,18,34,0.9952,3.28,0.9,11.3,7,0
8.2,0.24,0.34,5.1,0.062,8,22,0.9974,3.22,0.94,10.9,6,2
6,0.51,0,2.1,0.064,40,54,0.995,3.54,0.93,10.7,6,0
8.1,0.29,0.36,2.2,0.048,35,53,0.995,3.27,1.01,12.4,7,0
6,0.51,0,2.1,0.064,40,54,0.995,3.54,0.93,10.7,6,0
6.6,0.96,0,1.8,0.082,5,16,0.9936,3.5,0.44,11.9,6,4
6.4,0.47,0.4,2.4,0.071,8,19,0.9963,3.56,0.73,10.6,6,2
8.2,0.24,0.34,5.1,0.062,8,22,0.9974,3.22,0.94,10.9,6,2
9.9,0.57,0.25,2,0.104,12,89,0.9963,3.04,0.9,10.1,5,1
10,0.32,0.59,2.2,0.077,3,15,0.9994,3.2,0.78,9.6,5,4
6.2,0.58,0,1.6,0.065,8,18,0.9966,3.56,0.84,9.4,5,2
10,0.32,0.59,2.2,0.077,3,15,0.9994,3.2,0.78,9.6,5,4
7.3,0.34,0.33,2.5,0.064,21,37,0.9952,3.35,0.77,12.1,7,0
7.8,0.53,0.01,1.6,0.077,3,19,0.995,3.16,0.46,9.8,5,2
7.7,0.64,0.21,2.2,0.077,32,133,0.9956,3.27,0.45,9.9,5,3
7.8,0.53,0.01,1.6,0.077,3,19,0.995,3.16,0.46,9.8,5,2
7.5,0.4,0.18,1.6,0.079,24,58,0.9965,3.34,0.58,9.4,5,0
7,0.54,0,2.1,0.079,39,55,0.9956,3.39,0.84,11.4,6,0
6.4,0.53,0.09,3.9,0.123,14,31,0.9968,3.5,0.67,11,4,2
8.3,0.26,0.37,1.4,0.076,8,23,0.9974,3.26,0.7,9.6,6,2
8.3,0.26,0.37,1.4,0.076,8,23,0.9974,3.26,0.7,9.6,6,2
7.7,0.23,0.37,1.8,0.046,23,60,0.9971,3.41,0.71,12.1,6,0
7.6,0.41,0.33,2.5,0.078,6,23,0.9957,3.3,0.58,11.2,5,2
7.8,0.64,0,1.9,0.072,27,55,0.9962,3.31,0.63,11,5,0
7.9,0.18,0.4,2.2,0.049,38,67,0.996,3.33,0.93,11.3,5,0
7.4,0.41,0.24,1.8,0.066,18,47,0.9956,3.37,0.62,10.4,5,0
7.6,0.43,0.31,2.1,0.069,13,74,0.9958,3.26,0.54,9.9,6,0
5.9,0.44,0,1.6,0.042,3,11,0.9944,3.48,0.85,11.7,6,4
6.1,0.4,0.16,1.8,0.069,11,25,0.9955,3.42,0.74,10.1,7,2
10.2,0.54,0.37,15.4,0.214,55,95,1.00369,3.18,0.77,9,6,1
10.2,0.54,0.37,15.4,0.214,55,95,1.00369,3.18,0.77,9,6,1
10,0.38,0.38,1.6,0.169,27,90,0.99914,3.15,0.65,8.5,5,1
6.8,0.915,0.29,4.8,0.07,15,39,0.99577,3.53,0.54,11.1,5,0
7,0.59,0,1.7,0.052,3,8,0.996,3.41,0.47,10.3,5,4
7.3,0.67,0.02,2.2,0.072,31,92,0.99566,3.32,0.68,11.0667,6,1
7.2,0.37,0.32,2,0.062,15,28,0.9947,3.23,0.73,11.3,7,2
7.4,0.785,0.19,5.2,0.094,19,98,0.99713,3.16,0.52,9.56667,6,1
6.9,0.63,0.02,1.9,0.078,18,30,0.99712,3.4,0.75,9.8,5,2
6.9,0.58,0.2,1.75,0.058,8,22,0.99322,3.38,0.49,11.7,5,2
7.3,0.67,0.02,2.2,0.072,31,92,0.99566,3.32,0.68,11.1,6,1
7.4,0.785,0.19,5.2,0.094,19,98,0.99713,3.16,0.52,9.6,6,1
6.9,0.63,0.02,1.9,0.078,18,30,0.99712,3.4,0.75,9.8,5,2
6.8,0.67,0,1.9,0.08,22,39,0.99701,3.4,0.74,9.7,5,0
6.9,0.58,0.01,1.9,0.08,40,54,0.99683,3.4,0.73,9.7,5,0
7.2,0.38,0.31,2,0.056,15,29,0.99472,3.23,0.76,11.3,8,2
7.2,0.37,0.32,2,0.062,15,28,0.9947,3.23,0.73,11.3,7,2
7.8,0.32,0.44,2.7,0.104,8,17,0.99732,3.33,0.78,11,7,2
6.6,0.58,0.02,2,0.062,37,53,0.99374,3.35,0.76,11.6,7,0
7.6,0.49,0.33,1.9,0.074,27,85,0.99706,3.41,0.58,9,5,1
11.7,0.45,0.63,2.2,0.073,7,23,0.99974,3.21,0.69,10.9,6,2
6.5,0.9,0,1.6,0.052,9,17,0.99467,3.5,0.63,10.9,6,2
6,0.54,0.06,1.8,0.05,38,89,0.99236,3.3,0.5,10.55,6,1
7.6,0.49,0.33,1.9,0.074,27,85,0.99706,3.41,0.58,9,5,1
8.4,0.29,0.4,1.7,0.067,8,20,0.99603,3.39,0.6,10.5,5,2
7.9,0.2,0.35,1.7,0.054,7,15,0.99458,3.32,0.8,11.9,7,4
6.4,0.42,0.09,2.3,0.054,34,64,0.99724,3.41,0.68,10.4,6,0
6.2,0.785,0,2.1,0.06,6,13,0.99664,3.59,0.61,10,4,4
6.8,0.64,0.03,2.3,0.075,14,31,0.99545,3.36,0.58,10.4,6,2
6.9,0.63,0.01,2.4,0.076,14,39,0.99522,3.34,0.53,10.8,6,0
6.8,0.59,0.1,1.7,0.063,34,53,0.9958,3.41,0.67,9.7,5,0
6.8,0.59,0.1,1.7,0.063,34,53,0.9958,3.41,0.67,9.7,5,0
7.3,0.48,0.32,2.1,0.062,31,54,0.99728,3.3,0.65,10,7,0
6.7,1.04,0.08,2.3,0.067,19,32,0.99648,3.52,0.57,11,4,0
7.3,0.48,0.32,2.1,0.062,31,54,0.99728,3.3,0.65,10,7,0
7.3,0.98,0.05,2.1,0.061,20,49,0.99705,3.31,0.55,9.7,3,0
10,0.69,0.11,1.4,0.084,8,24,0.99578,2.88,0.47,9.7,5,2
6.7,0.7,0.08,3.75,0.067,8,16,0.99334,3.43,0.52,12.6,5,2
7.6,0.35,0.6,2.6,0.073,23,44,0.99656,3.38,0.79,11.1,6,0
6.1,0.6,0.08,1.8,0.071,14,45,0.99336,3.38,0.54,11,5,0
9.9,0.5,0.5,13.8,0.205,48,82,1.00242,3.16,0.75,8.8,5,1
5.3,0.47,0.11,2.2,0.048,16,89,0.99182,3.54,0.88,13.5667,7,1
9.9,0.5,0.5,13.8,0.205,48,82,1.00242,3.16,0.75,8.8,5,1
5.3,0.47,0.11,2.2,0.048,16,89,0.99182,3.54,0.88,13.6,7,1
7.1,0.875,0.05,5.7,0.082,3,14,0.99808,3.4,0.52,10.2,3,4
8.2,0.28,0.6,3,0.104,10,22,0.99828,3.39,0.68,10.6,5,2
5.6,0.62,0.03,1.5,0.08,6,13,0.99498,3.66,0.62,10.1,4,4
8.2,0.28,0.6,3,0.104,10,22,0.99828,3.39,0.68,10.6,5,2
7.2,0.58,0.54,2.1,0.114,3,9,0.99719,3.33,0.57,10.3,4,4
8.1,0.33,0.44,1.5,0.042,6,12,0.99542,3.35,0.61,10.7,5,4
6.8,0.91,0.06,2,0.06,4,11,0.99592,3.53,0.64,10.9,4,4
7,0.655,0.16,2.1,0.074,8,25,0.99606,3.37,0.55,9.7,5,2
6.8,0.68,0.21,2.1,0.07,9,23,0.99546,3.38,0.6,10.3,5,2
6,0.64,0.05,1.9,0.066,9,17,0.99496,3.52,0.78,10.6,5,2
5.6,0.54,0.04,1.7,0.049,5,13,0.9942,3.72,0.58,11.4,5,4
6.2,0.57,0.1,2.1,0.048,4,11,0.99448,3.44,0.76,10.8,6,4
7.1,0.22,0.49,1.8,0.039,8,18,0.99344,3.39,0.56,12.4,6,2
5.6,0.54,0.04,1.7,0.049,5,13,0.9942,3.72,0.58,11.4,5,4
6.2,0.65,0.06,1.6,0.05,6,18,0.99348,3.57,0.54,11.95,5,2
7.7,0.54,0.26,1.9,0.089,23,147,0.99636,3.26,0.59,9.7,5,3
6.4,0.31,0.09,1.4,0.066,15,28,0.99459,3.42,0.7,10,7,2
7,0.43,0.02,1.9,0.08,15,28,0.99492,3.35,0.81,10.6,6,2
7.7,0.54,0.26,1.9,0.089,23,147,0.99636,3.26,0.59,9.7,5,3
6.9,0.74,0.03,2.3,0.054,7,16,0.99508,3.45,0.63,11.5,6,4
6.6,0.895,0.04,2.3,0.068,7,13,0.99582,3.53,0.58,10.8,6,4
6.9,0.74,0.03,2.3,0.054,7,16,0.99508,3.45,0.63,11.5,6,4
7.5,0.725,0.04,1.5,0.076,8,15,0.99508,3.26,0.53,9.6,5,4
7.8,0.82,0.29,4.3,0.083,21,64,0.99642,3.16,0.53,9.4,5,0
7.3,0.585,0.18,2.4,0.078,15,60,0.99638,3.31,0.54,9.8,5,0
6.2,0.44,0.39,2.5,0.077,6,14,0.99555,3.51,0.69,11,6,4
7.5,0.38,0.57,2.3,0.106,5,12,0.99605,3.36,0.55,11.4,6,4
6.7,0.76,0.02,1.8,0.078,6,12,0.996,3.55,0.63,9.95,3,4
6.8,0.81,0.05,2,0.07,6,14,0.99562,3.51,0.66,10.8,6,4
7.5,0.38,0.57,2.3,0.106,5,12,0.99605,3.36,0.55,11.4,6,4
7.1,0.27,0.6,2.1,0.074,17,25,0.99814,3.38,0.72,10.6,6,2
7.9,0.18,0.4,1.8,0.062,7,20,0.9941,3.28,0.7,11.1,5,2
6.4,0.36,0.21,2.2,0.047,26,48,0.99661,3.47,0.77,9.7,6,0
7.1,0.69,0.04,2.1,0.068,19,27,0.99712,3.44,0.67,9.8,5,2
6.4,0.79,0.04,2.2,0.061,11,17,0.99588,3.53,0.65,10.4,6,2
6.4,0.56,0.15,1.8,0.078,17,65,0.99294,3.33,0.6,10.5,6,0
6.9,0.84,0.21,4.1,0.074,16,65,0.99842,3.53,0.72,9.23333,6,0
6.9,0.84,0.21,4.1,0.074,16,65,0.99842,3.53,0.72,9.25,6,0
6.1,0.32,0.25,2.3,0.071,23,58,0.99633,3.42,0.97,10.6,5,0
6.5,0.53,0.06,2,0.063,29,44,0.99489,3.38,0.83,10.3,6,0
7.4,0.47,0.46,2.2,0.114,7,20,0.99647,3.32,0.63,10.5,5,2
6.6,0.7,0.08,2.6,0.106,14,27,0.99665,3.44,0.58,10.2,5,2
6.5,0.53,0.06,2,0.063,29,44,0.99489,3.38,0.83,10.3,6,0
6.9,0.48,0.2,1.9,0.082,9,23,0.99585,3.39,0.43,9.05,4,2
6.1,0.32,0.25,2.3,0.071,23,58,0.99633,3.42,0.97,10.6,5,0
6.8,0.48,0.25,2,0.076,29,61,0.9953,3.34,0.6,10.4,5,0
6,0.42,0.19,2,0.075,22,47,0.99522,3.39,0.78,10,6,0
6.7,0.48,0.08,2.1,0.064,18,34,0.99552,3.33,0.64,9.7,5,0
6.8,0.47,0.08,2.2,0.064,18,38,0.99553,3.3,0.65,9.6,6,0
7.1,0.53,0.07,1.7,0.071,15,24,0.9951,3.29,0.66,10.8,6,2
7.9,0.29,0.49,2.2,0.096,21,59,0.99714,3.31,0.67,10.1,6,0
7.1,0.69,0.08,2.1,0.063,42,52,0.99608,3.42,0.6,10.2,6,0
6.6,0.44,0.09,2.2,0.063,9,18,0.99444,3.42,0.69,11.3,6,2
6.1,0.705,0.1,2.8,0.081,13,28,0.99631,3.6,0.66,10.2,5,2
7.2,0.53,0.13,2,0.058,18,22,0.99573,3.21,0.68,9.9,6,2
8,0.39,0.3,1.9,0.074,32,84,0.99717,3.39,0.61,9,5,1
6.6,0.56,0.14,2.4,0.064,13,29,0.99397,3.42,0.62,11.7,7,2
7,0.55,0.13,2.2,0.075,15,35,0.9959,3.36,0.59,9.7,6,0
6.1,0.53,0.08,1.9,0.077,24,45,0.99528,3.6,0.68,10.3,6,0
5.4,0.58,0.08,1.9,0.059,20,31,0.99484,3.5,0.64,10.2,6,2
6.2,0.64,0.09,2.5,0.081,15,26,0.99538,3.57,0.63,12,5,2
7.2,0.39,0.32,1.8,0.065,34,60,0.99714,3.46,0.78,9.9,5,0
6.2,0.52,0.08,4.4,0.071,11,32,0.99646,3.56,0.63,11.6,6,2
7.4,0.25,0.29,2.2,0.054,19,49,0.99666,3.4,0.76,10.9,7,0
6.7,0.855,0.02,1.9,0.064,29,38,0.99472,3.3,0.56,10.75,6,0
11.1,0.44,0.42,2.2,0.064,14,19,0.99758,3.25,0.57,10.4,6,2
8.4,0.37,0.43,2.3,0.063,12,19,0.9955,3.17,0.81,11.2,7,2
6.5,0.63,0.33,1.8,0.059,16,28,0.99531,3.36,0.64,10.1,6,2
7,0.57,0.02,2,0.072,17,26,0.99575,3.36,0.61,10.2,5,2
6.3,0.6,0.1,1.6,0.048,12,26,0.99306,3.55,0.51,12.1,5,2
11.2,0.4,0.5,2,0.099,19,50,0.99783,3.1,0.58,10.4,5,0
7.4,0.36,0.3,1.8,0.074,17,24,0.99419,3.24,0.7,11.4,8,2
7.1,0.68,0,2.3,0.087,17,26,0.99783,3.45,0.53,9.5,5,2
7.1,0.67,0,2.3,0.083,18,27,0.99768,3.44,0.54,9.4,5,2
6.3,0.68,0.01,3.7,0.103,32,54,0.99586,3.51,0.66,11.3,6,0
7.3,0.735,0,2.2,0.08,18,28,0.99765,3.41,0.6,9.4,5,2
6.6,0.855,0.02,2.4,0.062,15,23,0.99627,3.54,0.6,11,6,2
7,0.56,0.17,1.7,0.065,15,24,0.99514,3.44,0.68,10.55,7,2
6.6,0.88,0.04,2.2,0.066,12,20,0.99636,3.53,0.56,9.9,5,2
6.6,0.855,0.02,2.4,0.062,15,23,0.99627,3.54,0.6,11,6,2
6.9,0.63,0.33,6.7,0.235,66,115,0.99787,3.22,0.56,9.5,5,1
7.8,0.6,0.26,2,0.08,31,131,0.99622,3.21,0.52,9.9,5,3
7.8,0.6,0.26,2,0.08,31,131,0.99622,3.21,0.52,9.9,5,3
7.8,0.6,0.26,2,0.08,31,131,0.99622,3.21,0.52,9.9,5,3
7.2,0.695,0.13,2,0.076,12,20,0.99546,3.29,0.54,10.1,5,2
7.2,0.695,0.13,2,0.076,12,20,0.99546,3.29,0.54,10.1,5,2
7.2,0.695,0.13,2,0.076,12,20,0.99546,3.29,0.54,10.1,5,2
6.7,0.67,0.02,1.9,0.061,26,42,0.99489,3.39,0.82,10.9,6,0
6.7,0.16,0.64,2.1,0.059,24,52,0.99494,3.34,0.71,11.2,6,0
7.2,0.695,0.13,2,0.076,12,20,0.99546,3.29,0.54,10.1,5,2
7,0.56,0.13,1.6,0.077,25,42,0.99629,3.34,0.59,9.2,5,0
6.2,0.51,0.14,1.9,0.056,15,34,0.99396,3.48,0.57,11.5,6,0
6.4,0.36,0.53,2.2,0.23,19,35,0.9934,3.37,0.93,12.4,6,0
6.4,0.38,0.14,2.2,0.038,15,25,0.99514,3.44,0.65,11.1,6,2
7.3,0.69,0.32,2.2,0.069,35,104,0.99632,3.33,0.51,9.5,5,1
6,0.58,0.2,2.4,0.075,15,50,0.99467,3.58,0.67,12.5,6,0
5.6,0.31,0.78,13.9,0.074,23,92,0.99677,3.39,0.48,10.5,6,1
7.5,0.52,0.4,2.2,0.06,12,20,0.99474,3.26,0.64,11.8,6,2
8,0.3,0.63,1.6,0.081,16,29,0.99588,3.3,0.78,10.8,6,2
6.2,0.7,0.15,5.1,0.076,13,27,0.99622,3.54,0.6,11.9,6,2
6.8,0.67,0.15,1.8,0.118,13,20,0.9954,3.42,0.67,11.3,6,2
6.2,0.56,0.09,1.7,0.053,24,32,0.99402,3.54,0.6,11.3,5,0
7.4,0.35,0.33,2.4,0.068,9,26,0.9947,3.36,0.6,11.9,6,2
6.2,0.56,0.09,1.7,0.053,24,32,0.99402,3.54,0.6,11.3,5,0
6.1,0.715,0.1,2.6,0.053,13,27,0.99362,3.57,0.5,11.9,5,2
6.2,0.46,0.29,2.1,0.074,32,98,0.99578,3.33,0.62,9.8,5,1
6.7,0.32,0.44,2.4,0.061,24,34,0.99484,3.29,0.8,11.6,7,0
7.2,0.39,0.44,2.6,0.066,22,48,0.99494,3.3,0.84,11.5,6,0
7.5,0.31,0.41,2.4,0.065,34,60,0.99492,3.34,0.85,11.4,6,0
5.8,0.61,0.11,1.8,0.066,18,28,0.99483,3.55,0.66,10.9,6,2
7.2,0.66,0.33,2.5,0.068,34,102,0.99414,3.27,0.78,12.8,6,1
6.6,0.725,0.2,7.8,0.073,29,79,0.9977,3.29,0.54,9.2,5,1
6.3,0.55,0.15,1.8,0.077,26,35,0.99314,3.32,0.82,11.6,6,0
5.4,0.74,0.09,1.7,0.089,16,26,0.99402,3.67,0.56,11.6,6,2
6.3,0.51,0.13,2.3,0.076,29,40,0.99574,3.42,0.75,11,6,0
6.8,0.62,0.08,1.9,0.068,28,38,0.99651,3.42,0.82,9.5,6,0
6.2,0.6,0.08,2,0.09,32,44,0.9949,3.45,0.58,10.5,5,0
5.9,0.55,0.1,2.2,0.062,39,51,0.99512,3.52,0.76,11.2,6,0
6.3,0.51,0.13,2.3,0.076,29,40,0.99574,3.42,0.75,11,6,0
5.9,0.645,0.12,2,0.075,32,44,0.99547,3.57,0.71,10.2,5,0
6,0.31,0.47,3.6,0.067,18,42,0.99549,3.39,0.66,11,6,0
9.18446,0.503063,0.397146,4.68617,0.076446,13.4258,98.4165,0.998195,3.23863,0.750117,9.92913,5.25991,1
8.74092,0.185229,0,1.74602,0.0397973,19.162,16.598,0.994081,3.53739,0.619878,10.4949,4.48544,2
7.37181,0.547682,0.0467608,3.06851,0.0591973,12.8238,26.6745,1.00024,3.30903,0.478859,11.2995,4.65011,2
8.68329,0.176923,0.0122435,2.81637,0.122223,17.6675,42.6635,0.996178,3.08285,0.53613,9.9321,6.48972,0
8.91791,0.212131,0.334108,1.99587,0.055607,22.2732,80.3829,0.998504,3.18155,0.605735,10.776,6.42384,1
7.48535,0.494576,0.0554603,0.9,0.125708,30.0614,44.099,0.998641,3.36694,0.548797,10.8081,6.87809,0
8.25726,0.807985,0,3.69763,0.0915634,12.7473,49.4863,0.992996,3.2772,0.718682,11.9979,5.21748,0
6.91197,0.437976,0.449297,3.00232,0.0625332,21.2438,49.6612,0.998575,3.20273,0.602608,10.0051,4.45413,0
8.83521,0.574565,0.271972,2.20805,0.0208517,11.4749,35.1941,0.995233,3.28621,0.726638,12.433,5.77701,0
8.76806,0.51449,0,2.50142,0.0903013,41.6408,40.14,0.997316,3.30575,0.46005,11.6409,6.24326,0
9.6969,0.364986,0.544242,0.9,0.115087,38.7874,13.8838,0.995678,3.3265,0.572806,8.77049,5.69139,2
6.47006,0.612622,0.0918707,4.7241,0.0506025,12.5061,73.2287,0.994424,3.34623,0.879719,8.70994,5.78513,0
8.77212,0.667813,0.0300162,0.9,0.112032,18.9814,54.7078,0.997401,3.20613,0.697517,10.7353,5.05913,0
11.5681,0.612665,0.0389083,3.4645,0.0415929,24.108,84.5802,0.995198,3.45985,0.728118,11.299,7.16781,1
7.89239,0.392857,0.0976972,1.38857,0.0838377,19.4434,55.5696,0.998308,3.31312,0.904533,10.1409,7.83275,0
9.40898,0.374338,0.0623645,3.21906,0.0769492,23.3435,62.0351,0.996609,3.18038,0.401372,9.94715,6.32762,0
8.6924,0.304759,0.304711,3.08208,0.0458675,17.4829,48.3826,0.99459,3.36635,0.753206,11.5772,6.48704,0
5.92098,0.359894,0.371305,3.26321,0.111707,56.1751,65.2474,0.99889,3.4584,0.768564,10.087,6.24894,0
6.97407,0.485416,0.176426,2.65424,0.196407,1,69.0425,0.993703,3.23825,0.842734,10.4915,4.76567,0
7.07422,0.649509,0.128699,2.844,0.0896114,9.05908,116.994,0.997943,2.99846,0.689754,9.71774,6.32442,1
6.93978,0.507276,0.369348,3.75946,0.0309742,12.376,30.8443,0.995514,3.58368,0.726796,9.0793,6.37726,2
12.0145,0.712693,0,1.85607,0.147094,8.47259,61.0674,0.998209,3.16801,0.648059,8.4,4.80876,0
7.87989,0.304393,0.588971,0.9,0.0667557,17.2425,93.8789,0.994037,3.49069,0.659883,9.37702,6.0092,1
8.66622,0.420346,0.284573,1.99554,0.0928093,22.8009,98.6403,0.994411,3.64042,0.33,10.2612,6.11113,1
8.80887,0.41632,0.230433,1.84371,0.0597279,24.7619,58.2119,0.995439,3.45,0.710238,11.2892,6.14449,0
6.87628,0.427515,0.416549,3.39938,0.0864828,17.1022,88.497,0.99563,3.39558,0.623876,10.191,6.52336,1
9.75677,0.673487,0.525284,2.56842,0.119563,12.6295,57.1314,0.996501,3.32609,0.759032,9.55103,7.32577,0
6.56806,0.310408,0.496577,3.65499,0.116841,22.4475,46.0649,0.995053,3.32282,0.543365,11.4621,5.51726,0
6.88237,0.470273,0.351415,1.74399,0.0487685,18.4239,54.526,0.99579,3.23839,0.697483,8.87981,4.4994,0
7.06876,0.489601,0.331541,4.61895,0.127833,14.2019,45.8422,0.994855,3.30825,0.609219,10.7669,4.96798,0
9.22387,0.802272,0.249789,3.10519,0.119948,11.6781,53.8394,0.99677,3.32619,0.527118,10.4491,6.03819,0
10.8462,0.699587,0.690418,1.4569,0.128523,17.7927,118.502,0.995221,3.18147,0.556548,8.4,5.21144,1
6.99791,0.55475,0.33755,5.18407,0.132199,9.84042,16.9142,0.997675,3.10729,0.968594,11.6799,5.25713,2
5.33691,0.770244,0.248663,4.28404,0.0124243,9.60536,46.6403,0.996835,3.24163,0.763726,9.28525,5.52104,0
8.52908,0.619936,0.409599,0.953141,0.015263,29.2396,57.3994,0.995334,3.55059,0.677756,11.6797,5.69055,0
11.9076,0.842131,0.222477,3.90865,0.117841,30.191,14.7263,0.998042,3.47452,0.36003,9.16202,3.9892,2
7.85057,0.656303,0.563636,2.64327,0.164118,1.43884,6,0.996642,3.37041,0.652607,8.4,5.56405,4
6.04843,0.647732,0.342389,1.21364,0.0632812,4.79538,44.4059,0.998549,3.15893,0.743588,9.8579,4.99572,0
8.13329,0.34245,0.163124,0.9,0.179937,16.2438,23.4501,0.997151,3.29377,0.620693,11.0775,6.24776,2
7.39598,0.424715,0.217395,0.9,0.0161536,30.1726,100.58,0.996277,3.40013,0.710908,13.704,6.54016,1
8.09692,0.356722,0,2.82567,0.0518687,1,25.1986,0.994705,3.57158,0.807593,10.4145,6.83118,2
8.45434,0.373599,0.567682,3.29863,0.0386482,13.8839,17.664,0.994137,3.4541,0.981808,8.93258,6.09066,2
7.18681,0.440596,0.155577,1.32064,0.0897502,7.18305,55.3646,0.996652,3.27422,0.50431,9.80834,6.24605,0
9.19178,0.35278,0.290326,3.59821,0.012,21.5586,24.6706,0.997824,3.19328,0.352209,8.68856,5.67485,2
8.77184,0.365894,0.395374,0.9,0.0843565,3.2075,25.0254,0.996836,3.17828,0.592964,11.4954,5.17014,2
9.77466,0.325536,0.374182,4.57131,0.012,7.53927,65.4508,0.996363,3.36841,0.555769,10.5153,5.5103,0
10.3529,0.573377,0.336741,1.95809,0.0645172,11.3503,59.4434,0.995952,3.35585,1.00994,11.3513,5.37274,0
10.4111,0.454751,0,1.11748,0.012,12.198,47.0737,0.999911,3.36159,0.62101,11.3069,3.85038,0
8.72987,0.665851,0,4.15142,0.103398,11.5309,67.2834,1.00103,3.33919,0.700224,9.93346,4.94971,0
9.76533,0.37453,0.284917,1.86534,0.11001,19.3651,80.598,0.995784,3.26945,0.492242,9.94951,5.94072,1
9.63763,0.362698,0.440376,4.45016,0.106925,35.5065,21.0137,0.994398,3.0365,0.911739,11.1203,5.59113,2
8.80709,0.326291,0.747411,2.721,0.0926152,23.4666,62.2907,0.997169,3.18907,0.738066,12.4286,6.72254,0
11.0935,0.436282,0.0781995,2.36145,0.0900893,27.3203,6,0.999633,3.28672,0.58579,9.34442,4.29961,4
9.75286,0.540949,0.0196898,0.9,0.0716627,33.3331,37.9285,0.99391,3.27317,0.61192,8.4,5.59218,0
7.91756,0.652483,0.631154,4.12718,0.0748112,4.30049,131.119,0.996858,3.31326,0.654059,10.6341,5.51944,3
7.32084,0.4299,0.264595,1.77262,0.0539162,16.9882,38.0802,0.999585,2.90184,0.843167,11.7509,3.96162,0
7.72299,0.46131,0,1.44214,0.035197,34.2039,77.2472,0.999147,3.42253,0.466767,9.86402,6.03123,1
6.19179,0.65549,0.22416,2.01034,0.120928,20.522,34.5937,0.998935,3.14421,0.762554,11.055,5.38604,0
8.88747,0.303796,0.450977,2.27811,0.0628644,26.8477,23.2982,0.994088,3.07079,0.760872,9.05847,7.05314,2
4.6948,0.831587,0.312082,2.40245,0.0618198,20.0499,45.2298,0.998829,3.32875,0.683626,10.0355,5.59003,0
8.85555,0.221598,0.00834756,3.58675,0.0955084,13.9504,47.0742,0.997403,3.22778,0.526221,10.6317,4.84592,0
9.03045,0.222956,0.471456,3.20513,0.0995167,26.154,101.254,0.998661,3.02691,0.441252,9.75713,5.65709,1
9.22093,0.397869,0.307358,1.47377,0.0586853,1.16103,16.0977,0.994196,3.16045,0.836748,9.41124,7.76185,4
9.17855,0.560917,0.103767,3.52619,0.060374,17.1512,130.683,0.996565,3.48855,0.538956,10.3857,7.06607,3
7.22803,0.852357,0.408846,1.74577,0.117231,26.048,66.9224,0.993783,3.19885,0.616193,10.3437,6.13726,0
8.62903,0.288714,0.345039,3.39969,0.113813,27.1801,73.8999,0.997613,3.30028,0.376604,10.8808,5.80374,0
8.79248,0.299206,0.0603846,4.02368,0.0856049,23.0035,47.3993,0.996803,3.45597,0.570676,10.5254,5.2627,0
7.56314,0.47246,0.314248,1.8638,0.146569,6.51719,40.3206,0.995917,3.53451,0.691466,11.5226,4.43633,0
8.7846,0.687118,0.287005,4.04106,0.0631202,30.6169,122.091,0.996062,3.24233,0.904508,12.1063,5.21378,1
7.58805,0.477364,0.00907512,1.24357,0.0402064,7.84364,45.3268,0.997189,3.55049,0.488921,11.4719,5.46321,0
8.23352,0.648654,0.0522681,3.07798,0.0953007,21.026,55.9801,1.00138,3.21265,0.568141,9.75892,5.18744,0
7.20989,0.740725,0.547691,1.73409,0.0482915,20.806,28.3022,0.997941,3.34244,0.40122,12.0721,7.08632,2
7.25271,0.458399,0.326663,3.01037,0.118461,36.902,40.6471,0.99524,3.09817,0.534251,10.3877,7.08525,0
7.41843,0.567892,0.267776,4.21435,0.206397,10.322,30.3675,0.998717,3.41639,0.971179,11.0453,5.34587,2
9.34802,0.726345,0.430806,3.25403,0.13767,28.1059,91.9344,0.997971,3.28531,0.683018,11.7087,4.97629,1
8.96153,0.457389,0.276575,4.34133,0.0964607,16.3607,6,0.998155,3.41077,1.02484,10.095,5.813,4
8.75384,0.810279,0.252412,2.93221,0.116077,17.8269,31.7822,0.997113,3.47687,0.484147,10.5647,5.07063,2
10.4003,0.255079,0.162097,3.07065,0.161148,15.1872,28.2043,1.0003,3.08756,0.33,10.8919,5.23058,2
6.54157,0.654659,0.318468,1.7435,0.0272086,25.001,67.8564,0.99656,3.59621,0.476762,8.79728,5.07726,0
8.24027,0.571393,0.223983,3.03518,0.0285625,30.9769,43.7654,0.998855,3.36403,0.735572,11.0302,5.99758,0
9.43868,0.765818,0.309258,3.53845,0.0832431,30.9388,24.2176,1.00015,3.30491,0.415622,10.5595,5.08603,2
9.78328,0.410962,0.184059,0.9,0.0661786,1,6,0.998182,3.43243,0.730267,9.39251,5.59749,4
8.31336,0.320404,0.563839,3.77582,0.0770668,16.1562,53.3226,0.992893,3.27295,0.542548,9.35559,5.40901,0
11.4496,0.64257,0.159709,3.34611,0.153328,25.5467,48.4294,0.995526,3.41891,0.724847,11.377,6.14897,0
10.147,0.431981,0.527605,2.81741,0.185139,8.66591,103.573,0.99712,3.21054,0.576127,10.0816,5.97857,1
9.22994,0.425094,0.266231,5.55925,0.168774,20.4389,47.7179,0.996973,3.40583,0.484778,10.1487,4.28853,0
9.01472,0.643707,0.17685,4.75801,0.0297755,1,53.8512,0.998723,3.57109,0.580365,11.5725,5.60492,0
8.01908,0.686048,0.398049,0.9,0.15696,30.3109,25.8897,0.997494,3.38738,0.702335,9.83654,5.09364,2
8.27515,0.737809,0.37687,2.01627,0.123787,1,84.2568,0.993463,3.25516,0.468357,9.04328,6.57347,1
7.50532,0.589865,0.261835,3.2114,0.0910822,2.45462,79.2403,0.995815,3.0708,0.58558,12.0223,6.32264,1
7.7126,0.465283,0.208321,5.46687,0.105442,20.3732,80.3593,0.997197,3.27112,0.624866,10.3467,5.60596,1
9.58651,0.537122,0.413695,2.425,0.0911675,1,76.6107,0.997401,3.46519,0.33,12.6485,5.52329,0
10.2491,0.341615,0.390345,1.05357,0.0581087,35.896,40.1952,0.997157,3.44544,0.74217,10.5833,5.93075,0
12.5042,0.517503,0.31015,4.02015,0.139498,28.2914,67.479,0.994589,3.56329,0.463835,10.7455,5.02689,0
8.20797,0.586689,0.333576,3.13368,0.163416,20.619,38.4362,0.998566,3.49475,0.450061,11.0596,6.20227,0
7.80155,0.774154,0.241745,2.71586,0.0793209,16.0379,10.4055,0.994029,3.55728,0.514583,9.36649,3.89701,4
7.20714,0.290908,0.590842,3.96257,0.0550785,39.4358,78.7633,0.996134,2.92524,1.04648,8.94216,4.30725,1
10.1,0.964682,0.540633,3.33388,0.115459,24.8018,71.433,0.997277,3.3272,0.647539,9.61951,5.40936,0
5.37204,0.510212,0.0783969,0.982824,0.0959333,30.4355,76.6761,0.993783,3.15833,0.817616,9.37598,5.45462,1
9.27733,0.354429,0.291503,0.9,0.059163,19.2199,6,0.997578,3.30808,0.7518,10.6616,6.73766,4
7.4,0.7,0,1.9,0.076,11,34,0.9978,3.51,0.56,9.4,5,0
7.8,0.88,0,2.6,0.098,25,67,0.9968,3.2,0.68,9.8,5,0
7.8,0.76,0.04,2.3,0.092,15,54,0.997,3.26,0.65,9.8,5,0
11.2,0.28,0.56,1.9,0.075,17,60,0.998,3.16,0.58,9.8,6,0
7.4,0.7,0,1.9,0.076,11,34,0.9978,3.51,0.56,9.4,5,0
7.4,0.66,0,1.8,0.075,13,40,0.9978,3.51,0.56,9.4,5,0
7.9,0.6,0.06,1.6,0.069,15,59,0.9964,3.3,0.46,9.4,5,0
7.3,0.65,0,1.2,0.065,15,21,0.9946,3.39,0.47,10,7,2
7.8,0.58,0.02,2,0.073,9,18,0.9968,3.36,0.57,9.5,7,2
7.5,0.5,0.36,6.1,0.071,17,102,0.9978,3.35,0.8,10.5,5,1
6.7,0.58,0.08,1.8,0.097,15,65,0.9959,3.28,0.54,9.2,5,0
7.5,0.5,0.36,6.1,0.071,17,102,0.9978,3.35,0.8,10.5,5,1
5.6,0.615,0,1.6,0.089,16,59,0.9943,3.58,0.52,9.9,5,0
7.8,0.61,0.29,1.6,0.114,9,29,0.9974,3.26,1.56,9.1,5,2
8.9,0.62,0.18,3.8,0.176,52,145,0.9986,3.16,0.88,9.2,5,3
8.9,0.62,0.19,3.9,0.17,51,148,0.9986,3.17,0.93,9.2,5,3
8.5,0.28,0.56,1.8,0.092,35,103,0.9969,3.3,0.75,10.5,7,1
8.1,0.56,0.28,1.7,0.368,16,56,0.9968,3.11,1.28,9.3,5,0
7.4,0.59,0.08,4.4,0.086,6,29,0.9974,3.38,0.5,9,4,2
7.9,0.32,0.51,1.8,0.341,17,56,0.9969,3.04,1.08,9.2,6,0
8.9,0.22,0.48,1.8,0.077,29,60,0.9968,3.39,0.53,9.4,6,0
7.6,0.39,0.31,2.3,0.082,23,71,0.9982,3.52,0.65,9.7,5,0
7.9,0.43,0.21,1.6,0.106,10,37,0.9966,3.17,0.91,9.5,5,0
8.5,0.49,0.11,2.3,0.084,9,67,0.9968,3.17,0.53,9.4,5,0
6.9,0.4,0.14,2.4,0.085,21,40,0.9968,3.43,0.63,9.7,6,0
6.3,0.39,0.16,1.4,0.08,11,23,0.9955,3.34,0.56,9.3,5,2
7.6,0.41,0.24,1.8,0.08,4,11,0.9962,3.28,0.59,9.5,5,4
7.9,0.43,0.21,1.6,0.106,10,37,0.9966,3.17,0.91,9.5,5,0
7.1,0.71,0,1.9,0.08,14,35,0.9972,3.47,0.55,9.4,5,0
7.8,0.645,0,2,0.082,8,16,0.9964,3.38,0.59,9.8,6,2
6.7,0.675,0.07,2.4,0.089,17,82,0.9958,3.35,0.54,10.1,5,1
6.9,0.685,0,2.5,0.105,22,37,0.9966,3.46,0.57,10.6,6,0
8.3,0.655,0.12,2.3,0.083,15,113,0.9966,3.17,0.66,9.8,5,1
6.9,0.605,0.12,10.7,0.073,40,83,0.9993,3.45,0.52,9.4,6,1
5.2,0.32,0.25,1.8,0.103,13,50,0.9957,3.38,0.55,9.2,5,0
7.8,0.645,0,5.5,0.086,5,18,0.9986,3.4,0.55,9.6,6,2
7.8,0.6,0.14,2.4,0.086,3,15,0.9975,3.42,0.6,10.8,6,4
8.1,0.38,0.28,2.1,0.066,13,30,0.9968,3.23,0.73,9.7,7,2
5.7,1.13,0.09,1.5,0.172,7,19,0.994,3.5,0.48,9.8,4,2
7.3,0.45,0.36,5.9,0.074,12,87,0.9978,3.33,0.83,10.5,5,1
7.3,0.45,0.36,5.9,0.074,12,87,0.9978,3.33,0.83,10.5,5,1
8.8,0.61,0.3,2.8,0.088,17,46,0.9976,3.26,0.51,9.3,4,0
7.5,0.49,0.2,2.6,0.332,8,14,0.9968,3.21,0.9,10.5,6,4
8.1,0.66,0.22,2.2,0.069,9,23,0.9968,3.3,1.2,10.3,5,2
6.8,0.67,0.02,1.8,0.05,5,11,0.9962,3.48,0.52,9.5,5,4
4.6,0.52,0.15,2.1,0.054,8,65,0.9934,3.9,0.56,13.1,4,0
7.7,0.935,0.43,2.2,0.114,22,114,0.997,3.25,0.73,9.2,5,1
8.7,0.29,0.52,1.6,0.113,12,37,0.9969,3.25,0.58,9.5,5,0
6.4,0.4,0.23,1.6,0.066,5,12,0.9958,3.34,0.56,9.2,5,4
5.6,0.31,0.37,1.4,0.074,12,96,0.9954,3.32,0.58,9.2,5,1
8.8,0.66,0.26,1.7,0.074,4,23,0.9971,3.15,0.74,9.2,5,2
6.6,0.52,0.04,2.2,0.069,8,15,0.9956,3.4,0.63,9.4,6,4
6.6,0.5,0.04,2.1,0.068,6,14,0.9955,3.39,0.64,9.4,6,4
8.6,0.38,0.36,3,0.081,30,119,0.997,3.2,0.56,9.4,5,1
7.6,0.51,0.15,2.8,0.11,33,73,0.9955,3.17,0.63,10.2,6,0
7.7,0.62,0.04,3.8,0.084,25,45,0.9978,3.34,0.53,9.5,5,0
10.2,0.42,0.57,3.4,0.07,4,10,0.9971,3.04,0.63,9.6,5,4
7.5,0.63,0.12,5.1,0.111,50,110,0.9983,3.26,0.77,9.4,5,1
7.8,0.59,0.18,2.3,0.076,17,54,0.9975,3.43,0.59,10,5,0
7.3,0.39,0.31,2.4,0.074,9,46,0.9962,3.41,0.54,9.4,6,0
8.8,0.4,0.4,2.2,0.079,19,52,0.998,3.44,0.64,9.2,5,0
7.7,0.69,0.49,1.8,0.115,20,112,0.9968,3.21,0.71,9.3,5,1
7.5,0.52,0.16,1.9,0.085,12,35,0.9968,3.38,0.62,9.5,7,0
7,0.735,0.05,2,0.081,13,54,0.9966,3.39,0.57,9.8,5,0
7.2,0.725,0.05,4.65,0.086,4,11,0.9962,3.41,0.39,10.9,5,4
7.2,0.725,0.05,4.65,0.086,4,11,0.9962,3.41,0.39,10.9,5,4
7.5,0.52,0.11,1.5,0.079,11,39,0.9968,3.42,0.58,9.6,5,0
6.6,0.705,0.07,1.6,0.076,6,15,0.9962,3.44,0.58,10.7,5,4
9.3,0.32,0.57,2,0.074,27,65,0.9969,3.28,0.79,10.7,5,0
8,0.705,0.05,1.9,0.074,8,19,0.9962,3.34,0.95,10.5,6,2
7.7,0.63,0.08,1.9,0.076,15,27,0.9967,3.32,0.54,9.5,6,2
7.7,0.67,0.23,2.1,0.088,17,96,0.9962,3.32,0.48,9.5,5,1
7.7,0.69,0.22,1.9,0.084,18,94,0.9961,3.31,0.48,9.5,5,1
8.3,0.675,0.26,2.1,0.084,11,43,0.9976,3.31,0.53,9.2,4,0
9.7,0.32,0.54,2.5,0.094,28,83,0.9984,3.28,0.82,9.6,5,1
8.8,0.41,0.64,2.2,0.093,9,42,0.9986,3.54,0.66,10.5,5,0
8.8,0.41,0.64,2.2,0.093,9,42,0.9986,3.54,0.66,10.5,5,0
6.8,0.785,0,2.4,0.104,14,30,0.9966,3.52,0.55,10.7,6,2
6.7,0.75,0.12,2,0.086,12,80,0.9958,3.38,0.52,10.1,5,1
8.3,0.625,0.2,1.5,0.08,27,119,0.9972,3.16,1.12,9.1,4,1
6.2,0.45,0.2,1.6,0.069,3,15,0.9958,3.41,0.56,9.2,5,4
7.8,0.43,0.7,1.9,0.464,22,67,0.9974,3.13,1.28,9.4,5,0
7.4,0.5,0.47,2,0.086,21,73,0.997,3.36,0.57,9.1,5,0
7.3,0.67,0.26,1.8,0.401,16,51,0.9969,3.16,1.14,9.4,5,0
6.3,0.3,0.48,1.8,0.069,18,61,0.9959,3.44,0.78,10.3,6,0
6.9,0.55,0.15,2.2,0.076,19,40,0.9961,3.41,0.59,10.1,5,0
8.6,0.49,0.28,1.9,0.11,20,136,0.9972,2.93,1.95,9.9,6,3
7.7,0.49,0.26,1.9,0.062,9,31,0.9966,3.39,0.64,9.6,5,2
9.3,0.39,0.44,2.1,0.107,34,125,0.9978,3.14,1.22,9.5,5,3
7,0.62,0.08,1.8,0.076,8,24,0.9978,3.48,0.53,9,5,2
7.9,0.52,0.26,1.9,0.079,42,140,0.9964,3.23,0.54,9.5,5,3
8.6,0.49,0.28,1.9,0.11,20,136,0.9972,2.93,1.95,9.9,6,3
8.6,0.49,0.29,2,0.11,19,133,0.9972,2.93,1.98,9.8,5,3
7.7,0.49,0.26,1.9,0.062,9,31,0.9966,3.39,0.64,9.6,5,2
5,1.02,0.04,1.4,0.045,41,85,0.9938,3.75,0.48,10.5,4,1
4.7,0.6,0.17,2.3,0.058,17,106,0.9932,3.85,0.6,12.9,6,1
6.8,0.775,0,3,0.102,8,23,0.9965,3.45,0.56,10.7,5,2
7,0.5,0.25,2,0.07,3,22,0.9963,3.25,0.63,9.2,5,2
7.6,0.9,0.06,2.5,0.079,5,10,0.9967,3.39,0.56,9.8,5,4
8.1,0.545,0.18,1.9,0.08,13,35,0.9972,3.3,0.59,9,6,0
8.3,0.61,0.3,2.1,0.084,11,50,0.9972,3.4,0.61,10.2,6,0
7.8,0.5,0.3,1.9,0.075,8,22,0.9959,3.31,0.56,10.4,6,2
8.1,0.545,0.18,1.9,0.08,13,35,0.9972,3.3,0.59,9,6,0
8.1,0.575,0.22,2.1,0.077,12,65,0.9967,3.29,0.51,9.2,5,0
7.2,0.49,0.24,2.2,0.07,5,36,0.996,3.33,0.48,9.4,5,0
8.1,0.575,0.22,2.1,0.077,12,65,0.9967,3.29,0.51,9.2,5,0
7.8,0.41,0.68,1.7,0.467,18,69,0.9973,3.08,1.31,9.3,5,0
6.2,0.63,0.31,1.7,0.088,15,64,0.9969,3.46,0.79,9.3,5,0
8,0.33,0.53,2.5,0.091,18,80,0.9976,3.37,0.8,9.6,6,1
8.1,0.785,0.52,2,0.122,37,153,0.9969,3.21,0.69,9.3,5,3
7.8,0.56,0.19,1.8,0.104,12,47,0.9964,3.19,0.93,9.5,5,0
8.4,0.62,0.09,2.2,0.084,11,108,0.9964,3.15,0.66,9.8,5,1
8.4,0.6,0.1,2.2,0.085,14,111,0.9964,3.15,0.66,9.8,5,1
10.1,0.31,0.44,2.3,0.08,22,46,0.9988,3.32,0.67,9.7,6,0
7.8,0.56,0.19,1.8,0.104,12,47,0.9964,3.19,0.93,9.5,5,0
9.4,0.4,0.31,2.2,0.09,13,62,0.9966,3.07,0.63,10.5,6,0
8.3,0.54,0.28,1.9,0.077,11,40,0.9978,3.39,0.61,10,6,0
7.8,0.56,0.12,2,0.082,7,28,0.997,3.37,0.5,9.4,6,2
8.8,0.55,0.04,2.2,0.119,14,56,0.9962,3.21,0.6,10.9,6,0
7,0.69,0.08,1.8,0.097,22,89,0.9959,3.34,0.54,9.2,6,1
7.3,1.07,0.09,1.7,0.178,10,89,0.9962,3.3,0.57,9,5,1
8.8,0.55,0.04,2.2,0.119,14,56,0.9962,3.21,0.6,10.9,6,0
7.3,0.695,0,2.5,0.075,3,13,0.998,3.49,0.52,9.2,5,4
8,0.71,0,2.6,0.08,11,34,0.9976,3.44,0.53,9.5,5,0
7.8,0.5,0.17,1.6,0.082,21,102,0.996,3.39,0.48,9.5,5,1
9,0.62,0.04,1.9,0.146,27,90,0.9984,3.16,0.7,9.4,5,1
8.2,1.33,0,1.7,0.081,3,12,0.9964,3.53,0.49,10.9,5,4
8.1,1.33,0,1.8,0.082,3,12,0.9964,3.54,0.48,10.9,5,4
8,0.59,0.16,1.8,0.065,3,16,0.9962,3.42,0.92,10.5,7,4
6.1,0.38,0.15,1.8,0.072,6,19,0.9955,3.42,0.57,9.4,5,2
8,0.745,0.56,2,0.118,30,134,0.9968,3.24,0.66,9.4,5,3
5.6,0.5,0.09,2.3,0.049,17,99,0.9937,3.63,0.63,13,5,1
5.6,0.5,0.09,2.3,0.049,17,99,0.9937,3.63,0.63,13,5,1
6.6,0.5,0.01,1.5,0.06,17,26,0.9952,3.4,0.58,9.8,6,2
7.9,1.04,0.05,2.2,0.084,13,29,0.9959,3.22,0.55,9.9,6,2
8.4,0.745,0.11,1.9,0.09,16,63,0.9965,3.19,0.82,9.6,5,0
8.3,0.715,0.15,1.8,0.089,10,52,0.9968,3.23,0.77,9.5,5,0
7.2,0.415,0.36,2,0.081,13,45,0.9972,3.48,0.64,9.2,5,0
7.8,0.56,0.19,2.1,0.081,15,105,0.9962,3.33,0.54,9.5,5,1
7.8,0.56,0.19,2,0.081,17,108,0.9962,3.32,0.54,9.5,5,1
8.4,0.745,0.11,1.9,0.09,16,63,0.9965,3.19,0.82,9.6,5,0
8.3,0.715,0.15,1.8,0.089,10,52,0.9968,3.23,0.77,9.5,5,0
5.2,0.34,0,1.8,0.05,27,63,0.9916,3.68,0.79,14,6,0
6.3,0.39,0.08,1.7,0.066,3,20,0.9954,3.34,0.58,9.4,5,2
5.2,0.34,0,1.8,0.05,27,63,0.9916,3.68,0.79,14,6,0
8.1,0.67,0.55,1.8,0.117,32,141,0.9968,3.17,0.62,9.4,5,3
5.8,0.68,0.02,1.8,0.087,21,94,0.9944,3.54,0.52,10,5,1
7.6,0.49,0.26,1.6,0.236,10,88,0.9968,3.11,0.8,9.3,5,1
6.9,0.49,0.1,2.3,0.074,12,30,0.9959,3.42,0.58,10.2,6,2
8.2,0.4,0.44,2.8,0.089,11,43,0.9975,3.53,0.61,10.5,6,0
7.3,0.33,0.47,2.1,0.077,5,11,0.9958,3.33,0.53,10.3,6,4
9.2,0.52,1,3.4,0.61,32,69,0.9996,2.74,2,9.4,4,0
7.5,0.6,0.03,1.8,0.095,25,99,0.995,3.35,0.54,10.1,5,1
7.5,0.6,0.03,1.8,0.095,25,99,0.995,3.35,0.54,10.1,5,1
7.1,0.43,0.42,5.5,0.07,29,129,0.9973,3.42,0.72,10.5,5,3
7.1,0.43,0.42,5.5,0.071,28,128,0.9973,3.42,0.71,10.5,5,3
7.1,0.43,0.42,5.5,0.07,29,129,0.9973,3.42,0.72,10.5,5,3
7.1,0.43,0.42,5.5,0.071,28,128,0.9973,3.42,0.71,10.5,5,3
7.1,0.68,0,2.2,0.073,12,22,0.9969,3.48,0.5,9.3,5,2
6.8,0.6,0.18,1.9,0.079,18,86,0.9968,3.59,0.57,9.3,6,1
7.6,0.95,0.03,2,0.09,7,20,0.9959,3.2,0.56,9.6,5,2
7.6,0.68,0.02,1.3,0.072,9,20,0.9965,3.17,1.08,9.2,4,2
7.8,0.53,0.04,1.7,0.076,17,31,0.9964,3.33,0.56,10,6,2
7.4,0.6,0.26,7.3,0.07,36,121,0.9982,3.37,0.49,9.4,5,1
7.3,0.59,0.26,7.2,0.07,35,121,0.9981,3.37,0.49,9.4,5,1
7.8,0.63,0.48,1.7,0.1,14,96,0.9961,3.19,0.62,9.5,5,1
6.8,0.64,0.1,2.1,0.085,18,101,0.9956,3.34,0.52,10.2,5,1
7.3,0.55,0.03,1.6,0.072,17,42,0.9956,3.37,0.48,9,4,0
6.8,0.63,0.07,2.1,0.089,11,44,0.9953,3.47,0.55,10.4,6,0
7.5,0.705,0.24,1.8,0.36,15,63,0.9964,3,1.59,9.5,5,0
7.9,0.885,0.03,1.8,0.058,4,8,0.9972,3.36,0.33,9.1,4,4
8,0.42,0.17,2,0.073,6,18,0.9972,3.29,0.61,9.2,6,2
8,0.42,0.17,2,0.073,6,18,0.9972,3.29,0.61,9.2,6,2
7.4,0.62,0.05,1.9,0.068,24,42,0.9961,3.42,0.57,11.5,6,0
7.3,0.38,0.21,2,0.08,7,35,0.9961,3.33,0.47,9.5,5,2
6.9,0.5,0.04,1.5,0.085,19,49,0.9958,3.35,0.78,9.5,5,0
7.3,0.38,0.21,2,0.08,7,35,0.9961,3.33,0.47,9.5,5,2
7.5,0.52,0.42,2.3,0.087,8,38,0.9972,3.58,0.61,10.5,6,0
7,0.805,0,2.5,0.068,7,20,0.9969,3.48,0.56,9.6,5,2
8.8,0.61,0.14,2.4,0.067,10,42,0.9969,3.19,0.59,9.5,5,0
8.8,0.61,0.14,2.4,0.067,10,42,0.9969,3.19,0.59,9.5,5,0
8.9,0.61,0.49,2,0.27,23,110,0.9972,3.12,1.02,9.3,5,1
7.2,0.73,0.02,2.5,0.076,16,42,0.9972,3.44,0.52,9.3,5,0
6.8,0.61,0.2,1.8,0.077,11,65,0.9971,3.54,0.58,9.3,5,0
6.7,0.62,0.21,1.9,0.079,8,62,0.997,3.52,0.58,9.3,6,0
8.9,0.31,0.57,2,0.111,26,85,0.9971,3.26,0.53,9.7,5,1
7.4,0.39,0.48,2,0.082,14,67,0.9972,3.34,0.55,9.2,5,0
7.7,0.705,0.1,2.6,0.084,9,26,0.9976,3.39,0.49,9.7,5,2
7.9,0.5,0.33,2,0.084,15,143,0.9968,3.2,0.55,9.5,5,3
7.9,0.49,0.32,1.9,0.082,17,144,0.9968,3.2,0.55,9.5,5,3
8.2,0.5,0.35,2.9,0.077,21,127,0.9976,3.23,0.62,9.4,5,3
6.4,0.37,0.25,1.9,0.074,21,49,0.9974,3.57,0.62,9.8,6,0
6.8,0.63,0.12,3.8,0.099,16,126,0.9969,3.28,0.61,9.5,5,3
7.6,0.55,0.21,2.2,0.071,7,28,0.9964,3.28,0.55,9.7,5,2
7.6,0.55,0.21,2.2,0.071,7,28,0.9964,3.28,0.55,9.7,5,2
7.8,0.59,0.33,2,0.074,24,120,0.9968,3.25,0.54,9.4,5,1
7.3,0.58,0.3,2.4,0.074,15,55,0.9968,3.46,0.59,10.2,5,0
11.5,0.3,0.6,2,0.067,12,27,0.9981,3.11,0.97,10.1,6,2
5.4,0.835,0.08,1.2,0.046,13,93,0.9924,3.57,0.85,13,7,1
6.9,1.09,0.06,2.1,0.061,12,31,0.9948,3.51,0.43,11.4,4,2
9.6,0.32,0.47,1.4,0.056,9,24,0.99695,3.22,0.82,10.3,7,2
8.8,0.37,0.48,2.1,0.097,39,145,0.9975,3.04,1.03,9.3,5,3
6.8,0.5,0.11,1.5,0.075,16,49,0.99545,3.36,0.79,9.5,5,0
7,0.42,0.35,1.6,0.088,16,39,0.9961,3.34,0.55,9.2,5,0
7,0.43,0.36,1.6,0.089,14,37,0.99615,3.34,0.56,9.2,6,0
12.8,0.3,0.74,2.6,0.095,9,28,0.9994,3.2,0.77,10.8,7,2
12.8,0.3,0.74,2.6,0.095,9,28,0.9994,3.2,0.77,10.8,7,2
7.8,0.57,0.31,1.8,0.069,26,120,0.99625,3.29,0.53,9.3,5,1
7.8,0.44,0.28,2.7,0.1,18,95,0.9966,3.22,0.67,9.4,5,1
11,0.3,0.58,2.1,0.054,7,19,0.998,3.31,0.88,10.5,7,2
9.7,0.53,0.6,2,0.039,5,19,0.99585,3.3,0.86,12.4,6,2
8,0.725,0.24,2.8,0.083,10,62,0.99685,3.35,0.56,10,6,0
11.6,0.44,0.64,2.1,0.059,5,15,0.998,3.21,0.67,10.2,6,4
8.2,0.57,0.26,2.2,0.06,28,65,0.9959,3.3,0.43,10.1,5,0
7.8,0.735,0.08,2.4,0.092,10,41,0.9974,3.24,0.71,9.8,6,0
7,0.49,0.49,5.6,0.06,26,121,0.9974,3.34,0.76,10.5,5,1
8.7,0.625,0.16,2,0.101,13,49,0.9962,3.14,0.57,11,5,0
8.1,0.725,0.22,2.2,0.072,11,41,0.9967,3.36,0.55,9.1,5,0
7.5,0.49,0.19,1.9,0.076,10,44,0.9957,3.39,0.54,9.7,5,0
7.8,0.53,0.33,2.4,0.08,24,144,0.99655,3.3,0.6,9.5,5,3
7.8,0.34,0.37,2,0.082,24,58,0.9964,3.34,0.59,9.4,6,0
7.4,0.53,0.26,2,0.101,16,72,0.9957,3.15,0.57,9.4,5,0
6.8,0.61,0.04,1.5,0.057,5,10,0.99525,3.42,0.6,9.5,5,4
8.6,0.645,0.25,2,0.083,8,28,0.99815,3.28,0.6,10,6,2
8.4,0.635,0.36,2,0.089,15,55,0.99745,3.31,0.57,10.4,4,0
7.7,0.43,0.25,2.6,0.073,29,63,0.99615,3.37,0.58,10.5,6,0
8.9,0.59,0.5,2,0.337,27,81,0.9964,3.04,1.61,9.5,6,1
9,0.82,0.14,2.6,0.089,9,23,0.9984,3.39,0.63,9.8,5,2
7.7,0.43,0.25,2.6,0.073,29,63,0.99615,3.37,0.58,10.5,6,0
6.9,0.52,0.25,2.6,0.081,10,37,0.99685,3.46,0.5,11,5,0
5.2,0.48,0.04,1.6,0.054,19,106,0.9927,3.54,0.62,12.2,7,1
8,0.38,0.06,1.8,0.078,12,49,0.99625,3.37,0.52,9.9,6,0
8.5,0.37,0.2,2.8,0.09,18,58,0.998,3.34,0.7,9.6,6,0
6.9,0.52,0.25,2.6,0.081,10,37,0.99685,3.46,0.5,11,5,0
8.2,1,0.09,2.3,0.065,7,37,0.99685,3.32,0.55,9,6,0
7.2,0.63,0,1.9,0.097,14,38,0.99675,3.37,0.58,9,6,0
7.2,0.63,0,1.9,0.097,14,38,0.99675,3.37,0.58,9,6,0
7.2,0.645,0,1.9,0.097,15,39,0.99675,3.37,0.58,9.2,6,0
7.2,0.63,0,1.9,0.097,14,38,0.99675,3.37,0.58,9,6,0
8.2,1,0.09,2.3,0.065,7,37,0.99685,3.32,0.55,9,6,0
8.9,0.635,0.37,1.7,0.263,5,62,0.9971,3,1.09,9.3,5,0
12,0.38,0.56,2.1,0.093,6,24,0.99925,3.14,0.71,10.9,6,2
7.7,0.58,0.1,1.8,0.102,28,109,0.99565,3.08,0.49,9.8,6,1
15,0.21,0.44,2.2,0.075,10,24,1.00005,3.07,0.84,9.2,7,2
15,0.21,0.44,2.2,0.075,10,24,1.00005,3.07,0.84,9.2,7,2
7.3,0.66,0,2,0.084,6,23,0.9983,3.61,0.96,9.9,6,2
7.1,0.68,0.07,1.9,0.075,16,51,0.99685,3.38,0.52,9.5,5,0
8.2,0.6,0.17,2.3,0.072,11,73,0.9963,3.2,0.45,9.3,5,0
7.7,0.53,0.06,1.7,0.074,9,39,0.99615,3.35,0.48,9.8,6,0
7.3,0.66,0,2,0.084,6,23,0.9983,3.61,0.96,9.9,6,2
10.8,0.32,0.44,1.6,0.063,16,37,0.9985,3.22,0.78,10,6,0
7.1,0.6,0,1.8,0.074,16,34,0.9972,3.47,0.7,9.9,6,0
11.1,0.35,0.48,3.1,0.09,5,21,0.9986,3.17,0.53,10.5,5,2
7.7,0.775,0.42,1.9,0.092,8,86,0.9959,3.23,0.59,9.5,5,1
7.1,0.6,0,1.8,0.074,16,34,0.9972,3.47,0.7,9.9,6,0
8,0.57,0.23,3.2,0.073,17,119,0.99675,3.26,0.57,9.3,5,1
9.4,0.34,0.37,2.2,0.075,5,13,0.998,3.22,0.62,9.2,5,4
6.6,0.695,0,2.1,0.075,12,56,0.9968,3.49,0.67,9.2,5,0
7.7,0.41,0.76,1.8,0.611,8,45,0.9968,3.06,1.26,9.4,5,0
10,0.31,0.47,2.6,0.085,14,33,0.99965,3.36,0.8,10.5,7,2
7.9,0.33,0.23,1.7,0.077,18,45,0.99625,3.29,0.65,9.3,5,0
7,0.975,0.04,2,0.087,12,67,0.99565,3.35,0.6,9.4,4,0
8,0.52,0.03,1.7,0.07,10,35,0.99575,3.34,0.57,10,5,0
7.9,0.37,0.23,1.8,0.077,23,49,0.9963,3.28,0.67,9.3,5,0
12.5,0.56,0.49,2.4,0.064,5,27,0.9999,3.08,0.87,10.9,5,2
11.8,0.26,0.52,1.8,0.071,6,10,0.9968,3.2,0.72,10.2,7,4
8.1,0.87,0,3.3,0.096,26,61,1.00025,3.6,0.72,9.8,4,0
7.9,0.35,0.46,3.6,0.078,15,37,0.9973,3.35,0.86,12.8,8,0
6.9,0.54,0.04,3,0.077,7,27,0.9987,3.69,0.91,9.4,6,2
11.5,0.18,0.51,4,0.104,4,23,0.9996,3.28,0.97,10.1,6,2
7.9,0.545,0.06,4,0.087,27,61,0.9965,3.36,0.67,10.7,6,0
11.5,0.18,0.51,4,0.104,4,23,0.9996,3.28,0.97,10.1,6,2
10.9,0.37,0.58,4,0.071,17,65,0.99935,3.22,0.78,10.1,5,0
8.4,0.715,0.2,2.4,0.076,10,38,0.99735,3.31,0.64,9.4,5,0
7.5,0.65,0.18,7,0.088,27,94,0.99915,3.38,0.77,9.4,5,1
7.9,0.545,0.06,4,0.087,27,61,0.9965,3.36,0.67,10.7,6,0
6.9,0.54,0.04,3,0.077,7,27,0.9987,3.69,0.91,9.4,6,2
11.5,0.18,0.51,4,0.104,4,23,0.9996,3.28,0.97,10.1,6,2
10.3,0.32,0.45,6.4,0.073,5,13,0.9976,3.23,0.82,12.6,8,4
8.9,0.4,0.32,5.6,0.087,10,47,0.9991,3.38,0.77,10.5,7,0
11.4,0.26,0.44,3.6,0.071,6,19,0.9986,3.12,0.82,9.3,6,2
7.7,0.27,0.68,3.5,0.358,5,10,0.9972,3.25,1.08,9.9,7,4
7.6,0.52,0.12,3,0.067,12,53,0.9971,3.36,0.57,9.1,5,0
8.9,0.4,0.32,5.6,0.087,10,47,0.9991,3.38,0.77,10.5,7,0
9.9,0.59,0.07,3.4,0.102,32,71,1.00015,3.31,0.71,9.8,5,0
9.9,0.59,0.07,3.4,0.102,32,71,1.00015,3.31,0.71,9.8,5,0
12,0.45,0.55,2,0.073,25,49,0.9997,3.1,0.76,10.3,6,0
7.5,0.4,0.12,3,0.092,29,53,0.9967,3.37,0.7,10.3,6,0
8.7,0.52,0.09,2.5,0.091,20,49,0.9976,3.34,0.86,10.6,7,0
11.6,0.42,0.53,3.3,0.105,33,98,1.001,3.2,0.95,9.2,5,1
8.7,0.52,0.09,2.5,0.091,20,49,0.9976,3.34,0.86,10.6,7,0
11,0.2,0.48,2,0.343,6,18,0.9979,3.3,0.71,10.5,5,2
10.4,0.55,0.23,2.7,0.091,18,48,0.9994,3.22,0.64,10.3,6,0
6.9,0.36,0.25,2.4,0.098,5,16,0.9964,3.41,0.6,10.1,6,4
13.3,0.34,0.52,3.2,0.094,17,53,1.0014,3.05,0.81,9.5,6,0
10.8,0.5,0.46,2.5,0.073,5,27,1.0001,3.05,0.64,9.5,5,2
10.6,0.83,0.37,2.6,0.086,26,70,0.9981,3.16,0.52,9.9,5,0
7.1,0.63,0.06,2,0.083,8,29,0.99855,3.67,0.73,9.6,5,2
7.2,0.65,0.02,2.3,0.094,5,31,0.9993,3.67,0.8,9.7,5,2
6.9,0.67,0.06,2.1,0.08,8,33,0.99845,3.68,0.71,9.6,5,2
7.5,0.53,0.06,2.6,0.086,20,44,0.9965,3.38,0.59,10.7,6,0
11.1,0.18,0.48,1.5,0.068,7,15,0.9973,3.22,0.64,10.1,6,4
8.3,0.705,0.12,2.6,0.092,12,28,0.9994,3.51,0.72,10,5,2
7.4,0.67,0.12,1.6,0.186,5,21,0.996,3.39,0.54,9.5,5,2
8.4,0.65,0.6,2.1,0.112,12,90,0.9973,3.2,0.52,9.2,5,1
10.3,0.53,0.48,2.5,0.063,6,25,0.9998,3.12,0.59,9.3,6,2
7.6,0.62,0.32,2.2,0.082,7,54,0.9966,3.36,0.52,9.4,5,0
10.3,0.41,0.42,2.4,0.213,6,14,0.9994,3.19,0.62,9.5,6,4
10.3,0.43,0.44,2.4,0.214,5,12,0.9994,3.19,0.63,9.5,6,4
7.4,0.29,0.38,1.7,0.062,9,30,0.9968,3.41,0.53,9.5,6,2
10.3,0.53,0.48,2.5,0.063,6,25,0.9998,3.12,0.59,9.3,6,2
7.9,0.53,0.24,2,0.072,15,105,0.996,3.27,0.54,9.4,6,1
9,0.46,0.31,2.8,0.093,19,98,0.99815,3.32,0.63,9.5,6,1
8.6,0.47,0.3,3,0.076,30,135,0.9976,3.3,0.53,9.4,5,3
7.4,0.36,0.29,2.6,0.087,26,72,0.99645,3.39,0.68,11,5,0
7.1,0.35,0.29,2.5,0.096,20,53,0.9962,3.42,0.65,11,6,0
9.6,0.56,0.23,3.4,0.102,37,92,0.9996,3.3,0.65,10.1,5,1
9.6,0.77,0.12,2.9,0.082,30,74,0.99865,3.3,0.64,10.4,6,1
9.8,0.66,0.39,3.2,0.083,21,59,0.9989,3.37,0.71,11.5,7,0
9.6,0.77,0.12,2.9,0.082,30,74,0.99865,3.3,0.64,10.4,6,1
9.8,0.66,0.39,3.2,0.083,21,59,0.9989,3.37,0.71,11.5,7,0
9.3,0.61,0.26,3.4,0.09,25,87,0.99975,3.24,0.62,9.7,5,1
7.8,0.62,0.05,2.3,0.079,6,18,0.99735,3.29,0.63,9.3,5,2
10.3,0.59,0.42,2.8,0.09,35,73,0.999,3.28,0.7,9.5,6,1
10,0.49,0.2,11,0.071,13,50,1.0015,3.16,0.69,9.2,6,0
10,0.49,0.2,11,0.071,13,50,1.0015,3.16,0.69,9.2,6,0
11.6,0.53,0.66,3.65,0.121,6,14,0.9978,3.05,0.74,11.5,7,4
10.3,0.44,0.5,4.5,0.107,5,13,0.998,3.28,0.83,11.5,5,4
13.4,0.27,0.62,2.6,0.082,6,21,1.0002,3.16,0.67,9.7,6,2
10.7,0.46,0.39,2,0.061,7,15,0.9981,3.18,0.62,9.5,5,4
10.2,0.36,0.64,2.9,0.122,10,41,0.998,3.23,0.66,12.5,6,0
10.2,0.36,0.64,2.9,0.122,10,41,0.998,3.23,0.66,12.5,6,0
8,0.58,0.28,3.2,0.066,21,114,0.9973,3.22,0.54,9.4,6,1
8.4,0.56,0.08,2.1,0.105,16,44,0.9958,3.13,0.52,11,5,0
7.9,0.65,0.01,2.5,0.078,17,38,0.9963,3.34,0.74,11.7,7,0
11.9,0.695,0.53,3.4,0.128,7,21,0.9992,3.17,0.84,12.2,7,2
8.9,0.43,0.45,1.9,0.052,6,16,0.9948,3.35,0.7,12.5,6,4
7.8,0.43,0.32,2.8,0.08,29,58,0.9974,3.31,0.64,10.3,5,0
12.4,0.49,0.58,3,0.103,28,99,1.0008,3.16,1,11.5,6,1
12.5,0.28,0.54,2.3,0.082,12,29,0.9997,3.11,1.36,9.8,7,2
12.2,0.34,0.5,2.4,0.066,10,21,1,3.12,1.18,9.2,6,2
10.6,0.42,0.48,2.7,0.065,5,18,0.9972,3.21,0.87,11.3,6,2
10.9,0.39,0.47,1.8,0.118,6,14,0.9982,3.3,0.75,9.8,6,4
10.9,0.39,0.47,1.8,0.118,6,14,0.9982,3.3,0.75,9.8,6,4
11.9,0.57,0.5,2.6,0.082,6,32,1.0006,3.12,0.78,10.7,6,2
7,0.685,0,1.9,0.067,40,63,0.9979,3.6,0.81,9.9,5,0
6.6,0.815,0.02,2.7,0.072,17,34,0.9955,3.58,0.89,12.3,7,0
13.8,0.49,0.67,3,0.093,6,15,0.9986,3.02,0.93,12,6,4
9.6,0.56,0.31,2.8,0.089,15,46,0.9979,3.11,0.92,10,6,0
9.1,0.785,0,2.6,0.093,11,28,0.9994,3.36,0.86,9.4,6,2
10.7,0.67,0.22,2.7,0.107,17,34,1.0004,3.28,0.98,9.9,6,0
9.1,0.795,0,2.6,0.096,11,26,0.9994,3.35,0.83,9.4,6,2
7.7,0.665,0,2.4,0.09,8,19,0.9974,3.27,0.73,9.3,5,2
13.5,0.53,0.79,4.8,0.12,23,77,1.0018,3.18,0.77,13,5,1
6.1,0.21,0.4,1.4,0.066,40.5,165,0.9912,3.25,0.59,11.9,6,3
6.7,0.75,0.01,2.4,0.078,17,32,0.9955,3.55,0.61,12.8,6,2
11.5,0.41,0.52,3,0.08,29,55,1.0001,3.26,0.88,11,5,0
10.5,0.42,0.66,2.95,0.116,12,29,0.997,3.24,0.75,11.7,7,2
11.9,0.43,0.66,3.1,0.109,10,23,1,3.15,0.85,10.4,7,2
12.6,0.38,0.66,2.6,0.088,10,41,1.001,3.17,0.68,9.8,6,0
8.2,0.7,0.23,2,0.099,14,81,0.9973,3.19,0.7,9.4,5,1
8.6,0.45,0.31,2.6,0.086,21,50,0.9982,3.37,0.91,9.9,6,0
11.9,0.58,0.66,2.5,0.072,6,37,0.9992,3.05,0.56,10,5,0
12.5,0.46,0.63,2,0.071,6,15,0.9988,2.99,0.87,10.2,5,4
12.8,0.615,0.66,5.8,0.083,7,42,1.0022,3.07,0.73,10,7,0
10,0.42,0.5,3.4,0.107,7,21,0.9979,3.26,0.93,11.8,6,2
12.8,0.615,0.66,5.8,0.083,7,42,1.0022,3.07,0.73,10,7,0
10.4,0.575,0.61,2.6,0.076,11,24,1,3.16,0.69,9,5,2
10.3,0.34,0.52,2.8,0.159,15,75,0.9998,3.18,0.64,9.4,5,0
9.4,0.27,0.53,2.4,0.074,6,18,0.9962,3.2,1.13,12,7,2
6.9,0.765,0.02,2.3,0.063,35,63,0.9975,3.57,0.78,9.9,5,0
7.9,0.24,0.4,1.6,0.056,11,25,0.9967,3.32,0.87,8.7,6,2
9.1,0.28,0.48,1.8,0.067,26,46,0.9967,3.32,1.04,10.6,6,0
7.4,0.55,0.22,2.2,0.106,12,72,0.9959,3.05,0.63,9.2,5,0
14,0.41,0.63,3.8,0.089,6,47,1.0014,3.01,0.81,10.8,6,0
11.5,0.54,0.71,4.4,0.124,6,15,0.9984,3.01,0.83,11.8,7,4
11.5,0.45,0.5,3,0.078,19,47,1.0003,3.26,1.11,11,6,0
9.4,0.27,0.53,2.4,0.074,6,18,0.9962,3.2,1.13,12,7,2
11.4,0.625,0.66,6.2,0.088,6,24,0.9988,3.11,0.99,13.3,6,2
8.3,0.42,0.38,2.5,0.094,24,60,0.9979,3.31,0.7,10.8,6,0
8.3,0.26,0.42,2,0.08,11,27,0.9974,3.21,0.8,9.4,6,2
13.7,0.415,0.68,2.9,0.085,17,43,1.0014,3.06,0.8,10,6,0
8.3,0.26,0.42,2,0.08,11,27,0.9974,3.21,0.8,9.4,6,2
8.3,0.26,0.42,2,0.08,11,27,0.9974,3.21,0.8,9.4,6,2
7.7,0.51,0.28,2.1,0.087,23,54,0.998,3.42,0.74,9.2,5,0
7.4,0.63,0.07,2.4,0.09,11,37,0.9979,3.43,0.76,9.7,6,0
7.8,0.54,0.26,2,0.088,23,48,0.9981,3.41,0.74,9.2,6,0
8.3,0.66,0.15,1.9,0.079,17,42,0.9972,3.31,0.54,9.6,6,0
7.8,0.46,0.26,1.9,0.088,23,53,0.9981,3.43,0.74,9.2,6,0
9.6,0.38,0.31,2.5,0.096,16,49,0.9982,3.19,0.7,10,7,0
5.6,0.85,0.05,1.4,0.045,12,88,0.9924,3.56,0.82,12.9,8,1
13.7,0.415,0.68,2.9,0.085,17,43,1.0014,3.06,0.8,10,6,0
9.5,0.37,0.52,2,0.082,6,26,0.998,3.18,0.51,9.5,5,2
8.4,0.665,0.61,2,0.112,13,95,0.997,3.16,0.54,9.1,5,1
12.7,0.6,0.65,2.3,0.063,6,25,0.9997,3.03,0.57,9.9,5,2
12,0.37,0.76,4.2,0.066,7,38,1.0004,3.22,0.6,13,7,0
6.6,0.735,0.02,7.9,0.122,68,124,0.9994,3.47,0.53,9.9,5,3
11.5,0.59,0.59,2.6,0.087,13,49,0.9988,3.18,0.65,11,6,0
11.5,0.59,0.59,2.6,0.087,13,49,0.9988,3.18,0.65,11,6,0
8.7,0.765,0.22,2.3,0.064,9,42,0.9963,3.1,0.55,9.4,5,0
6.6,0.735,0.02,7.9,0.122,68,124,0.9994,3.47,0.53,9.9,5,3
7.7,0.26,0.3,1.7,0.059,20,38,0.9949,3.29,0.47,10.8,6,0
12.2,0.48,0.54,2.6,0.085,19,64,1,3.1,0.61,10.5,6,0
11.4,0.6,0.49,2.7,0.085,10,41,0.9994,3.15,0.63,10.5,6,0
7.7,0.69,0.05,2.7,0.075,15,27,0.9974,3.26,0.61,9.1,5,2
8.7,0.31,0.46,1.4,0.059,11,25,0.9966,3.36,0.76,10.1,6,2
9.8,0.44,0.47,2.5,0.063,9,28,0.9981,3.24,0.65,10.8,6,2
12,0.39,0.66,3,0.093,12,30,0.9996,3.18,0.63,10.8,7,2
10.4,0.34,0.58,3.7,0.174,6,16,0.997,3.19,0.7,11.3,6,4
12.5,0.46,0.49,4.5,0.07,26,49,0.9981,3.05,0.57,9.6,4,0
9,0.43,0.34,2.5,0.08,26,86,0.9987,3.38,0.62,9.5,6,1
9.1,0.45,0.35,2.4,0.08,23,78,0.9987,3.38,0.62,9.5,5,1
7.1,0.735,0.16,1.9,0.1,15,77,0.9966,3.27,0.64,9.3,5,1
9.9,0.4,0.53,6.7,0.097,6,19,0.9986,3.27,0.82,11.7,7,2
8.8,0.52,0.34,2.7,0.087,24,122,0.9982,3.26,0.61,9.5,5,1
8.6,0.725,0.24,6.6,0.117,31,134,1.0014,3.32,1.07,9.3,5,3
10.6,0.48,0.64,2.2,0.111,6,20,0.997,3.26,0.66,11.7,6,2
7,0.58,0.12,1.9,0.091,34,124,0.9956,3.44,0.48,10.5,5,3
11.9,0.38,0.51,2,0.121,7,20,0.9996,3.24,0.76,10.4,6,2
6.8,0.77,0,1.8,0.066,34,52,0.9976,3.62,0.68,9.9,5,0
9.5,0.56,0.33,2.4,0.089,35,67,0.9972,3.28,0.73,11.8,7,0
6.6,0.84,0.03,2.3,0.059,32,48,0.9952,3.52,0.56,12.3,7,0
7.7,0.96,0.2,2,0.047,15,60,0.9955,3.36,0.44,10.9,5,0
10.5,0.24,0.47,2.1,0.066,6,24,0.9978,3.15,0.9,11,7,2
7.7,0.96,0.2,2,0.047,15,60,0.9955,3.36,0.44,10.9,5,0
6.6,0.84,0.03,2.3,0.059,32,48,0.9952,3.52,0.56,12.3,7,0
6.4,0.67,0.08,2.1,0.045,19,48,0.9949,3.49,0.49,11.4,6,0
9.5,0.78,0.22,1.9,0.077,6,32,0.9988,3.26,0.56,10.6,6,2
9.1,0.52,0.33,1.3,0.07,9,30,0.9978,3.24,0.6,9.3,5,2
12.8,0.84,0.63,2.4,0.088,13,35,0.9997,3.1,0.6,10.4,6,0
10.5,0.24,0.47,2.1,0.066,6,24,0.9978,3.15,0.9,11,7,2
7.8,0.55,0.35,2.2,0.074,21,66,0.9974,3.25,0.56,9.2,5,0
11.9,0.37,0.69,2.3,0.078,12,24,0.9958,3,0.65,12.8,6,2
12.3,0.39,0.63,2.3,0.091,6,18,1.0004,3.16,0.49,9.5,5,2
10.4,0.41,0.55,3.2,0.076,22,54,0.9996,3.15,0.89,9.9,6,0
12.3,0.39,0.63,2.3,0.091,6,18,1.0004,3.16,0.49,9.5,5,2
8,0.67,0.3,2,0.06,38,62,0.9958,3.26,0.56,10.2,6,0
11.1,0.45,0.73,3.2,0.066,6,22,0.9986,3.17,0.66,11.2,6,2
10.4,0.41,0.55,3.2,0.076,22,54,0.9996,3.15,0.89,9.9,6,0
7,0.62,0.18,1.5,0.062,7,50,0.9951,3.08,0.6,9.3,5,0
12.6,0.31,0.72,2.2,0.072,6,29,0.9987,2.88,0.82,9.8,8,2
11.9,0.4,0.65,2.15,0.068,7,27,0.9988,3.06,0.68,11.3,6,2
15.6,0.685,0.76,3.7,0.1,6,43,1.0032,2.95,0.68,11.2,7,0
10,0.44,0.49,2.7,0.077,11,19,0.9963,3.23,0.63,11.6,7,2
5.3,0.57,0.01,1.7,0.054,5,27,0.9934,3.57,0.84,12.5,7,2
9.5,0.735,0.1,2.1,0.079,6,31,0.9986,3.23,0.56,10.1,6,2
12.5,0.38,0.6,2.6,0.081,31,72,0.9996,3.1,0.73,10.5,5,0
9.3,0.48,0.29,2.1,0.127,6,16,0.9968,3.22,0.72,11.2,5,4
8.6,0.53,0.22,2,0.1,7,27,0.9967,3.2,0.56,10.2,6,2
11.9,0.39,0.69,2.8,0.095,17,35,0.9994,3.1,0.61,10.8,6,0
11.9,0.39,0.69,2.8,0.095,17,35,0.9994,3.1,0.61,10.8,6,0
8.4,0.37,0.53,1.8,0.413,9,26,0.9979,3.06,1.06,9.1,6,2
6.8,0.56,0.03,1.7,0.084,18,35,0.9968,3.44,0.63,10,6,0
10.4,0.33,0.63,2.8,0.084,5,22,0.9998,3.26,0.74,11.2,7,2
7,0.23,0.4,1.6,0.063,21,67,0.9952,3.5,0.63,11.1,5,0
11.3,0.62,0.67,5.2,0.086,6,19,0.9988,3.22,0.69,13.4,8,2
8.9,0.59,0.39,2.3,0.095,5,22,0.9986,3.37,0.58,10.3,5,2
9.2,0.63,0.21,2.7,0.097,29,65,0.9988,3.28,0.58,9.6,5,0
10.4,0.33,0.63,2.8,0.084,5,22,0.9998,3.26,0.74,11.2,7,2
11.6,0.58,0.66,2.2,0.074,10,47,1.0008,3.25,0.57,9,3,0
9.2,0.43,0.52,2.3,0.083,14,23,0.9976,3.35,0.61,11.3,6,2
8.3,0.615,0.22,2.6,0.087,6,19,0.9982,3.26,0.61,9.3,5,2
11,0.26,0.68,2.55,0.085,10,25,0.997,3.18,0.61,11.8,5,2
8.1,0.66,0.7,2.2,0.098,25,129,0.9972,3.08,0.53,9,5,3
11.5,0.315,0.54,2.1,0.084,5,15,0.9987,2.98,0.7,9.2,6,4
10,0.29,0.4,2.9,0.098,10,26,1.0006,3.48,0.91,9.7,5,2
10.3,0.5,0.42,2,0.069,21,51,0.9982,3.16,0.72,11.5,6,0
8.8,0.46,0.45,2.6,0.065,7,18,0.9947,3.32,0.79,14,6,2
11.4,0.36,0.69,2.1,0.09,6,21,1,3.17,0.62,9.2,6,2
8.7,0.82,0.02,1.2,0.07,36,48,0.9952,3.2,0.58,9.8,5,0
13,0.32,0.65,2.6,0.093,15,47,0.9996,3.05,0.61,10.6,5,0
9.6,0.54,0.42,2.4,0.081,25,52,0.997,3.2,0.71,11.4,6,0
12.5,0.37,0.55,2.6,0.083,25,68,0.9995,3.15,0.82,10.4,6,0
9.9,0.35,0.55,2.1,0.062,5,14,0.9971,3.26,0.79,10.6,5,4
10.5,0.28,0.51,1.7,0.08,10,24,0.9982,3.2,0.89,9.4,6,2
9.6,0.68,0.24,2.2,0.087,5,28,0.9988,3.14,0.6,10.2,5,2
9.3,0.27,0.41,2,0.091,6,16,0.998,3.28,0.7,9.7,5,4
10.4,0.24,0.49,1.8,0.075,6,20,0.9977,3.18,1.06,11,6,2
9.6,0.68,0.24,2.2,0.087,5,28,0.9988,3.14,0.6,10.2,5,2
9.4,0.685,0.11,2.7,0.077,6,31,0.9984,3.19,0.7,10.1,6,2
10.6,0.28,0.39,15.5,0.069,6,23,1.0026,3.12,0.66,9.2,5,2
9.4,0.3,0.56,2.8,0.08,6,17,0.9964,3.15,0.92,11.7,8,2
10.6,0.36,0.59,2.2,0.152,6,18,0.9986,3.04,1.05,9.4,5,2
10.6,0.36,0.6,2.2,0.152,7,18,0.9986,3.04,1.06,9.4,5,2
10.6,0.44,0.68,4.1,0.114,6,24,0.997,3.06,0.66,13.4,6,2
10.2,0.67,0.39,1.9,0.054,6,17,0.9976,3.17,0.47,10,5,2
10.2,0.67,0.39,1.9,0.054,6,17,0.9976,3.17,0.47,10,5,2
10.2,0.645,0.36,1.8,0.053,5,14,0.9982,3.17,0.42,10,6,4
11.6,0.32,0.55,2.8,0.081,35,67,1.0002,3.32,0.92,10.8,7,0
9.3,0.39,0.4,2.6,0.073,10,26,0.9984,3.34,0.75,10.2,6,2
9.3,0.775,0.27,2.8,0.078,24,56,0.9984,3.31,0.67,10.6,6,0
9.2,0.41,0.5,2.5,0.055,12,25,0.9952,3.34,0.79,13.3,7,2
8.9,0.4,0.51,2.6,0.052,13,27,0.995,3.32,0.9,13.4,7,2
8.7,0.69,0.31,3,0.086,23,81,1.0002,3.48,0.74,11.6,6,1
6.5,0.39,0.23,8.3,0.051,28,91,0.9952,3.44,0.55,12.1,6,1
10.7,0.35,0.53,2.6,0.07,5,16,0.9972,3.15,0.65,11,8,4
7.8,0.52,0.25,1.9,0.081,14,38,0.9984,3.43,0.65,9,6,0
7.2,0.34,0.32,2.5,0.09,43,113,0.9966,3.32,0.79,11.1,5,1
10.7,0.35,0.53,2.6,0.07,5,16,0.9972,3.15,0.65,11,8,4
8.7,0.69,0.31,3,0.086,23,81,1.0002,3.48,0.74,11.6,6,1
7.8,0.52,0.25,1.9,0.081,14,38,0.9984,3.43,0.65,9,6,0
10.4,0.44,0.73,6.55,0.074,38,76,0.999,3.17,0.85,12,7,1
10.4,0.44,0.73,6.55,0.074,38,76,0.999,3.17,0.85,12,7,1
10.5,0.26,0.47,1.9,0.078,6,24,0.9976,3.18,1.04,10.9,7,2
10.5,0.24,0.42,1.8,0.077,6,22,0.9976,3.21,1.05,10.8,7,2
10.2,0.49,0.63,2.9,0.072,10,26,0.9968,3.16,0.78,12.5,7,2
10.4,0.24,0.46,1.8,0.075,6,21,0.9976,3.25,1.02,10.8,7,2
11.2,0.67,0.55,2.3,0.084,6,13,1,3.17,0.71,9.5,6,4
10,0.59,0.31,2.2,0.09,26,62,0.9994,3.18,0.63,10.2,6,0
13.3,0.29,0.75,2.8,0.084,23,43,0.9986,3.04,0.68,11.4,7,0
12.4,0.42,0.49,4.6,0.073,19,43,0.9978,3.02,0.61,9.5,5,0
10,0.59,0.31,2.2,0.09,26,62,0.9994,3.18,0.63,10.2,6,0
10.7,0.4,0.48,2.1,0.125,15,49,0.998,3.03,0.81,9.7,6,0
10.5,0.51,0.64,2.4,0.107,6,15,0.9973,3.09,0.66,11.8,7,4
10.5,0.51,0.64,2.4,0.107,6,15,0.9973,3.09,0.66,11.8,7,4
8.5,0.655,0.49,6.1,0.122,34,151,1.001,3.31,1.14,9.3,5,3
12.5,0.6,0.49,4.3,0.1,5,14,1.001,3.25,0.74,11.9,6,4
10.4,0.61,0.49,2.1,0.2,5,16,0.9994,3.16,0.63,8.4,3,4
10.9,0.21,0.49,2.8,0.088,11,32,0.9972,3.22,0.68,11.7,6,2
7.3,0.365,0.49,2.5,0.088,39,106,0.9966,3.36,0.78,11,5,1
9.8,0.25,0.49,2.7,0.088,15,33,0.9982,3.42,0.9,10,6,0
7.6,0.41,0.49,2,0.088,16,43,0.998,3.48,0.64,9.1,5,0
8.2,0.39,0.49,2.3,0.099,47,133,0.9979,3.38,0.99,9.8,5,3
9.3,0.4,0.49,2.5,0.085,38,142,0.9978,3.22,0.55,9.4,5,3
9.2,0.43,0.49,2.4,0.086,23,116,0.9976,3.23,0.64,9.5,5,1
10.4,0.64,0.24,2.8,0.105,29,53,0.9998,3.24,0.67,9.9,5,0
7.3,0.365,0.49,2.5,0.088,39,106,0.9966,3.36,0.78,11,5,1
7,0.38,0.49,2.5,0.097,33,85,0.9962,3.39,0.77,11.4,6,1
8.2,0.42,0.49,2.6,0.084,32,55,0.9988,3.34,0.75,8.7,6,0
9.9,0.63,0.24,2.4,0.077,6,33,0.9974,3.09,0.57,9.4,5,2
9.1,0.22,0.24,2.1,0.078,1,28,0.999,3.41,0.87,10.3,6,2
11.9,0.38,0.49,2.7,0.098,12,42,1.0004,3.16,0.61,10.3,5,0
11.9,0.38,0.49,2.7,0.098,12,42,1.0004,3.16,0.61,10.3,5,0
10.3,0.27,0.24,2.1,0.072,15,33,0.9956,3.22,0.66,12.8,6,0
10,0.48,0.24,2.7,0.102,13,32,1,3.28,0.56,10,6,2
9.1,0.22,0.24,2.1,0.078,1,28,0.999,3.41,0.87,10.3,6,2
9.9,0.63,0.24,2.4,0.077,6,33,0.9974,3.09,0.57,9.4,5,2
8.1,0.825,0.24,2.1,0.084,5,13,0.9972,3.37,0.77,10.7,6,4
12.9,0.35,0.49,5.8,0.066,5,35,1.0014,3.2,0.66,12,7,2
11.2,0.5,0.74,5.15,0.1,5,17,0.9996,3.22,0.62,11.2,5,4
9.2,0.59,0.24,3.3,0.101,20,47,0.9988,3.26,0.67,9.6,5,0
9.5,0.46,0.49,6.3,0.064,5,17,0.9988,3.21,0.73,11,6,4
9.3,0.715,0.24,2.1,0.07,5,20,0.9966,3.12,0.59,9.9,5,2
11.2,0.66,0.24,2.5,0.085,16,53,0.9993,3.06,0.72,11,6,0
14.3,0.31,0.74,1.8,0.075,6,15,1.0008,2.86,0.79,8.4,6,4
9.1,0.47,0.49,2.6,0.094,38,106,0.9982,3.08,0.59,9.1,5,1
7.5,0.55,0.24,2,0.078,10,28,0.9983,3.45,0.78,9.5,6,2
10.6,0.31,0.49,2.5,0.067,6,21,0.9987,3.26,0.86,10.7,6,2
12.4,0.35,0.49,2.6,0.079,27,69,0.9994,3.12,0.75,10.4,6,0
9,0.53,0.49,1.9,0.171,6,25,0.9975,3.27,0.61,9.4,6,2
6.8,0.51,0.01,2.1,0.074,9,25,0.9958,3.33,0.56,9.5,6,2
9.4,0.43,0.24,2.8,0.092,14,45,0.998,3.19,0.73,10,6,0
9.5,0.46,0.24,2.7,0.092,14,44,0.998,3.12,0.74,10,6,0
5,1.04,0.24,1.6,0.05,32,96,0.9934,3.74,0.62,11.5,5,1
15.5,0.645,0.49,4.2,0.095,10,23,1.00315,2.92,0.74,11.1,5,2
15.5,0.645,0.49,4.2,0.095,10,23,1.00315,2.92,0.74,11.1,5,2
10.9,0.53,0.49,4.6,0.118,10,17,1.0002,3.07,0.56,11.7,6,2
15.6,0.645,0.49,4.2,0.095,10,23,1.00315,2.92,0.74,11.1,5,2
10.9,0.53,0.49,4.6,0.118,10,17,1.0002,3.07,0.56,11.7,6,2
13,0.47,0.49,4.3,0.085,6,47,1.0021,3.3,0.68,12.7,6,0
12.7,0.6,0.49,2.8,0.075,5,19,0.9994,3.14,0.57,11.4,5,2
9,0.44,0.49,2.4,0.078,26,121,0.9978,3.23,0.58,9.2,5,1
9,0.54,0.49,2.9,0.094,41,110,0.9982,3.08,0.61,9.2,5,1
7.6,0.29,0.49,2.7,0.092,25,60,0.9971,3.31,0.61,10.1,6,0
13,0.47,0.49,4.3,0.085,6,47,1.0021,3.3,0.68,12.7,6,0
12.7,0.6,0.49,2.8,0.075,5,19,0.9994,3.14,0.57,11.4,5,2
8.7,0.7,0.24,2.5,0.226,5,15,0.9991,3.32,0.6,9,6,4
8.7,0.7,0.24,2.5,0.226,5,15,0.9991,3.32,0.6,9,6,4
9.8,0.5,0.49,2.6,0.25,5,20,0.999,3.31,0.79,10.7,6,2
6.2,0.36,0.24,2.2,0.095,19,42,0.9946,3.57,0.57,11.7,6,0
11.5,0.35,0.49,3.3,0.07,10,37,1.0003,3.32,0.91,11,6,0
6.2,0.36,0.24,2.2,0.095,19,42,0.9946,3.57,0.57,11.7,6,0
10.2,0.24,0.49,2.4,0.075,10,28,0.9978,3.14,0.61,10.4,5,2
10.5,0.59,0.49,2.1,0.07,14,47,0.9991,3.3,0.56,9.6,4,0
10.6,0.34,0.49,3.2,0.078,20,78,0.9992,3.19,0.7,10,6,1
12.3,0.27,0.49,3.1,0.079,28,46,0.9993,3.2,0.8,10.2,6,0
9.9,0.5,0.24,2.3,0.103,6,14,0.9978,3.34,0.52,10,4,4
8.8,0.44,0.49,2.8,0.083,18,111,0.9982,3.3,0.6,9.5,5,1
8.8,0.47,0.49,2.9,0.085,17,110,0.9982,3.29,0.6,9.8,5,1
10.6,0.31,0.49,2.2,0.063,18,40,0.9976,3.14,0.51,9.8,6,0
12.3,0.5,0.49,2.2,0.089,5,14,1.0002,3.19,0.44,9.6,5,4
12.3,0.5,0.49,2.2,0.089,5,14,1.0002,3.19,0.44,9.6,5,4
11.7,0.49,0.49,2.2,0.083,5,15,1,3.19,0.43,9.2,5,4
12,0.28,0.49,1.9,0.074,10,21,0.9976,2.98,0.66,9.9,7,2
11.8,0.33,0.49,3.4,0.093,54,80,1.0002,3.3,0.76,10.7,7,1
7.6,0.51,0.24,2.4,0.091,8,38,0.998,3.47,0.66,9.6,6,0
11.1,0.31,0.49,2.7,0.094,16,47,0.9986,3.12,1.02,10.6,7,0
7.3,0.73,0.24,1.9,0.108,18,102,0.9967,3.26,0.59,9.3,5,1
5,0.42,0.24,2,0.06,19,50,0.9917,3.72,0.74,14,8,0
10.2,0.29,0.49,2.6,0.059,5,13,0.9976,3.05,0.74,10.5,7,4
9,0.45,0.49,2.6,0.084,21,75,0.9987,3.35,0.57,9.7,5,0
6.6,0.39,0.49,1.7,0.07,23,149,0.9922,3.12,0.5,11.5,6,3
9,0.45,0.49,2.6,0.084,21,75,0.9987,3.35,0.57,9.7,5,0
9.9,0.49,0.58,3.5,0.094,9,43,1.0004,3.29,0.58,9,5,0
7.9,0.72,0.17,2.6,0.096,20,38,0.9978,3.4,0.53,9.5,5,0
8.9,0.595,0.41,7.9,0.086,30,109,0.9998,3.27,0.57,9.3,5,1
12.4,0.4,0.51,2,0.059,6,24,0.9994,3.04,0.6,9.3,6,2
11.9,0.58,0.58,1.9,0.071,5,18,0.998,3.09,0.63,10,6,2
8.5,0.585,0.18,2.1,0.078,5,30,0.9967,3.2,0.48,9.8,6,2
12.7,0.59,0.45,2.3,0.082,11,22,1,3,0.7,9.3,6,2
8.2,0.915,0.27,2.1,0.088,7,23,0.9962,3.26,0.47,10,4,2
13.2,0.46,0.52,2.2,0.071,12,35,1.0006,3.1,0.56,9,6,0
7.7,0.835,0,2.6,0.081,6,14,0.9975,3.3,0.52,9.3,5,4
13.2,0.46,0.52,2.2,0.071,12,35,1.0006,3.1,0.56,9,6,0
8.3,0.58,0.13,2.9,0.096,14,63,0.9984,3.17,0.62,9.1,6,0
8.3,0.6,0.13,2.6,0.085,6,24,0.9984,3.31,0.59,9.2,6,2
9.4,0.41,0.48,4.6,0.072,10,20,0.9973,3.34,0.79,12.2,7,2
8.8,0.48,0.41,3.3,0.092,26,52,0.9982,3.31,0.53,10.5,6,0
10.1,0.65,0.37,5.1,0.11,11,65,1.0026,3.32,0.64,10.4,6,0
6.3,0.36,0.19,3.2,0.075,15,39,0.9956,3.56,0.52,12.7,6,0
8.8,0.24,0.54,2.5,0.083,25,57,0.9983,3.39,0.54,9.2,5,0
13.2,0.38,0.55,2.7,0.081,5,16,1.0006,2.98,0.54,9.4,5,4
7.5,0.64,0,2.4,0.077,18,29,0.9965,3.32,0.6,10,6,2
8.2,0.39,0.38,1.5,0.058,10,29,0.9962,3.26,0.74,9.8,5,2
9.2,0.755,0.18,2.2,0.148,10,103,0.9969,2.87,1.36,10.2,6,1
9.6,0.6,0.5,2.3,0.079,28,71,0.9997,3.5,0.57,9.7,5,0
9.6,0.6,0.5,2.3,0.079,28,71,0.9997,3.5,0.57,9.7,5,0
11.5,0.31,0.51,2.2,0.079,14,28,0.9982,3.03,0.93,9.8,6,2
11.4,0.46,0.5,2.7,0.122,4,17,1.0006,3.13,0.7,10.2,5,4
11.3,0.37,0.41,2.3,0.088,6,16,0.9988,3.09,0.8,9.3,5,4
8.3,0.54,0.24,3.4,0.076,16,112,0.9976,3.27,0.61,9.4,5,1
8.2,0.56,0.23,3.4,0.078,14,104,0.9976,3.28,0.62,9.4,5,1
10,0.58,0.22,1.9,0.08,9,32,0.9974,3.13,0.55,9.5,5,2
7.9,0.51,0.25,2.9,0.077,21,45,0.9974,3.49,0.96,12.1,6,0
6.8,0.69,0,5.6,0.124,21,58,0.9997,3.46,0.72,10.2,5,0
6.8,0.69,0,5.6,0.124,21,58,0.9997,3.46,0.72,10.2,5,0
8.8,0.6,0.29,2.2,0.098,5,15,0.9988,3.36,0.49,9.1,5,4
8.8,0.6,0.29,2.2,0.098,5,15,0.9988,3.36,0.49,9.1,5,4
8.7,0.54,0.26,2.5,0.097,7,31,0.9976,3.27,0.6,9.3,6,2
7.6,0.685,0.23,2.3,0.111,20,84,0.9964,3.21,0.61,9.3,5,1
8.7,0.54,0.26,2.5,0.097,7,31,0.9976,3.27,0.6,9.3,6,2
10.4,0.28,0.54,2.7,0.105,5,19,0.9988,3.25,0.63,9.5,5,2
7.6,0.41,0.14,3,0.087,21,43,0.9964,3.32,0.57,10.5,6,0
10.1,0.935,0.22,3.4,0.105,11,86,1.001,3.43,0.64,11.3,4,1
7.9,0.35,0.21,1.9,0.073,46,102,0.9964,3.27,0.58,9.5,5,1
8.7,0.84,0,1.4,0.065,24,33,0.9954,3.27,0.55,9.7,5,0
9.6,0.88,0.28,2.4,0.086,30,147,0.9979,3.24,0.53,9.4,5,3
9.5,0.885,0.27,2.3,0.084,31,145,0.9978,3.24,0.53,9.4,5,3
7.7,0.915,0.12,2.2,0.143,7,23,0.9964,3.35,0.65,10.2,7,2
8.9,0.29,0.35,1.9,0.067,25,57,0.997,3.18,1.36,10.3,6,0
9.9,0.54,0.45,2.3,0.071,16,40,0.9991,3.39,0.62,9.4,5,0
9.5,0.59,0.44,2.3,0.071,21,68,0.9992,3.46,0.63,9.5,5,0
9.9,0.54,0.45,2.3,0.071,16,40,0.9991,3.39,0.62,9.4,5,0
9.5,0.59,0.44,2.3,0.071,21,68,0.9992,3.46,0.63,9.5,5,0
9.9,0.54,0.45,2.3,0.071,16,40,0.9991,3.39,0.62,9.4,5,0
7.8,0.64,0.1,6,0.115,5,11,0.9984,3.37,0.69,10.1,7,4
7.3,0.67,0.05,3.6,0.107,6,20,0.9972,3.4,0.63,10.1,5,2
8.3,0.845,0.01,2.2,0.07,5,14,0.9967,3.32,0.58,11,4,4
8.7,0.48,0.3,2.8,0.066,10,28,0.9964,3.33,0.67,11.2,7,2
6.7,0.42,0.27,8.6,0.068,24,148,0.9948,3.16,0.57,11.3,6,3
10.7,0.43,0.39,2.2,0.106,8,32,0.9986,2.89,0.5,9.6,5,2
9.8,0.88,0.25,2.5,0.104,35,155,1.001,3.41,0.67,11.2,5,3
15.9,0.36,0.65,7.5,0.096,22,71,0.9976,2.98,0.84,14.9,5,0
9.4,0.33,0.59,2.8,0.079,9,30,0.9976,3.12,0.54,12,6,2
8.6,0.47,0.47,2.4,0.074,7,29,0.9979,3.08,0.46,9.5,5,2
9.7,0.55,0.17,2.9,0.087,20,53,1.0004,3.14,0.61,9.4,5,0
10.7,0.43,0.39,2.2,0.106,8,32,0.9986,2.89,0.5,9.6,5,2
12,0.5,0.59,1.4,0.073,23,42,0.998,2.92,0.68,10.5,7,0
7.2,0.52,0.07,1.4,0.074,5,20,0.9973,3.32,0.81,9.6,6,2
7.1,0.84,0.02,4.4,0.096,5,13,0.997,3.41,0.57,11,4,4
7.2,0.52,0.07,1.4,0.074,5,20,0.9973,3.32,0.81,9.6,6,2
7.5,0.42,0.31,1.6,0.08,15,42,0.9978,3.31,0.64,9,5,0
7.2,0.57,0.06,1.6,0.076,9,27,0.9972,3.36,0.7,9.6,6,2
10.1,0.28,0.46,1.8,0.05,5,13,0.9974,3.04,0.79,10.2,6,4
12.1,0.4,0.52,2,0.092,15,54,1,3.03,0.66,10.2,5,0
9.4,0.59,0.14,2,0.084,25,48,0.9981,3.14,0.56,9.7,5,0
8.3,0.49,0.36,1.8,0.222,6,16,0.998,3.18,0.6,9.5,6,4
11.3,0.34,0.45,2,0.082,6,15,0.9988,2.94,0.66,9.2,6,4
10,0.73,0.43,2.3,0.059,15,31,0.9966,3.15,0.57,11,5,2
11.3,0.34,0.45,2,0.082,6,15,0.9988,2.94,0.66,9.2,6,4
6.9,0.4,0.24,2.5,0.083,30,45,0.9959,3.26,0.58,10,5,0
8.2,0.73,0.21,1.7,0.074,5,13,0.9968,3.2,0.52,9.5,5,4
9.8,1.24,0.34,2,0.079,32,151,0.998,3.15,0.53,9.5,5,3
8.2,0.73,0.21,1.7,0.074,5,13,0.9968,3.2,0.52,9.5,5,4
10.8,0.4,0.41,2.2,0.084,7,17,0.9984,3.08,0.67,9.3,6,2
9.3,0.41,0.39,2.2,0.064,12,31,0.9984,3.26,0.65,10.2,5,2
10.8,0.4,0.41,2.2,0.084,7,17,0.9984,3.08,0.67,9.3,6,2
8.6,0.8,0.11,2.3,0.084,12,31,0.9979,3.4,0.48,9.9,5,2
8.3,0.78,0.1,2.6,0.081,45,87,0.9983,3.48,0.53,10,5,1
10.8,0.26,0.45,3.3,0.06,20,49,0.9972,3.13,0.54,9.6,5,0
13.3,0.43,0.58,1.9,0.07,15,40,1.0004,3.06,0.49,9,5,0
8,0.45,0.23,2.2,0.094,16,29,0.9962,3.21,0.49,10.2,6,2
8.5,0.46,0.31,2.25,0.078,32,58,0.998,3.33,0.54,9.8,5,0
8.1,0.78,0.23,2.6,0.059,5,15,0.997,3.37,0.56,11.3,5,4
9.8,0.98,0.32,2.3,0.078,35,152,0.998,3.25,0.48,9.4,5,3
8.1,0.78,0.23,2.6,0.059,5,15,0.997,3.37,0.56,11.3,5,4
7.1,0.65,0.18,1.8,0.07,13,40,0.997,3.44,0.6,9.1,5,0
9.1,0.64,0.23,3.1,0.095,13,38,0.9998,3.28,0.59,9.7,5,0
7.7,0.66,0.04,1.6,0.039,4,9,0.9962,3.4,0.47,9.4,5,4
8.1,0.38,0.48,1.8,0.157,5,17,0.9976,3.3,1.05,9.4,5,4
7.4,1.185,0,4.25,0.097,5,14,0.9966,3.63,0.54,10.7,3,4
9.2,0.92,0.24,2.6,0.087,12,93,0.9998,3.48,0.54,9.8,5,1
8.6,0.49,0.51,2,0.422,16,62,0.9979,3.03,1.17,9,5,0
9,0.48,0.32,2.8,0.084,21,122,0.9984,3.32,0.62,9.4,5,1
9,0.47,0.31,2.7,0.084,24,125,0.9984,3.31,0.61,9.4,5,3
5.1,0.47,0.02,1.3,0.034,18,44,0.9921,3.9,0.62,12.8,6,0
7,0.65,0.02,2.1,0.066,8,25,0.9972,3.47,0.67,9.5,6,2
7,0.65,0.02,2.1,0.066,8,25,0.9972,3.47,0.67,9.5,6,2
9.4,0.615,0.28,3.2,0.087,18,72,1.0001,3.31,0.53,9.7,5,0
11.8,0.38,0.55,2.1,0.071,5,19,0.9986,3.11,0.62,10.8,6,2
10.6,1.02,0.43,2.9,0.076,26,88,0.9984,3.08,0.57,10.1,6,1
7,0.65,0.02,2.1,0.066,8,25,0.9972,3.47,0.67,9.5,6,2
7,0.64,0.02,2.1,0.067,9,23,0.997,3.47,0.67,9.4,6,2
7.5,0.38,0.48,2.6,0.073,22,84,0.9972,3.32,0.7,9.6,4,1
9.1,0.765,0.04,1.6,0.078,4,14,0.998,3.29,0.54,9.7,4,4
8.4,1.035,0.15,6,0.073,11,54,0.999,3.37,0.49,9.9,5,0
7,0.78,0.08,2,0.093,10,19,0.9956,3.4,0.47,10,5,2
7.4,0.49,0.19,3,0.077,16,37,0.9966,3.37,0.51,10.5,5,0
7.8,0.545,0.12,2.5,0.068,11,35,0.996,3.34,0.61,11.6,6,0
9.7,0.31,0.47,1.6,0.062,13,33,0.9983,3.27,0.66,10,6,2
10.6,1.025,0.43,2.8,0.08,21,84,0.9985,3.06,0.57,10.1,5,1
8.9,0.565,0.34,3,0.093,16,112,0.9998,3.38,0.61,9.5,5,1
8.7,0.69,0,3.2,0.084,13,33,0.9992,3.36,0.45,9.4,5,2
8,0.43,0.36,2.3,0.075,10,48,0.9976,3.34,0.46,9.4,5,0
9.9,0.74,0.28,2.6,0.078,21,77,0.998,3.28,0.51,9.8,5,1
7.2,0.49,0.18,2.7,0.069,13,34,0.9967,3.29,0.48,9.2,6,0
8,0.43,0.36,2.3,0.075,10,48,0.9976,3.34,0.46,9.4,5,0
7.6,0.46,0.11,2.6,0.079,12,49,0.9968,3.21,0.57,10,5,0
8.4,0.56,0.04,2,0.082,10,22,0.9976,3.22,0.44,9.6,5,2
7.1,0.66,0,3.9,0.086,17,45,0.9976,3.46,0.54,9.5,5,0
8.4,0.56,0.04,2,0.082,10,22,0.9976,3.22,0.44,9.6,5,2
8.9,0.48,0.24,2.85,0.094,35,106,0.9982,3.1,0.53,9.2,5,1
7.6,0.42,0.08,2.7,0.084,15,48,0.9968,3.21,0.59,10,5,0
7.1,0.31,0.3,2.2,0.053,36,127,0.9965,2.94,1.62,9.5,5,3
7.5,1.115,0.1,3.1,0.086,5,12,0.9958,3.54,0.6,11.2,4,4
9,0.66,0.17,3,0.077,5,13,0.9976,3.29,0.55,10.4,5,4
8.1,0.72,0.09,2.8,0.084,18,49,0.9994,3.43,0.72,11.1,6,0
6.4,0.57,0.02,1.8,0.067,4,11,0.997,3.46,0.68,9.5,5,4
6.4,0.57,0.02,1.8,0.067,4,11,0.997,3.46,0.68,9.5,5,4
6.4,0.865,0.03,3.2,0.071,27,58,0.995,3.61,0.49,12.7,6,0
9.5,0.55,0.66,2.3,0.387,12,37,0.9982,3.17,0.67,9.6,5,0
8.9,0.875,0.13,3.45,0.088,4,14,0.9994,3.44,0.52,11.5,5,4
7.3,0.835,0.03,2.1,0.092,10,19,0.9966,3.39,0.47,9.6,5,2
7,0.45,0.34,2.7,0.082,16,72,0.998,3.55,0.6,9.5,5,0
7.7,0.56,0.2,2,0.075,9,39,0.9987,3.48,0.62,9.3,5,0
7.7,0.965,0.1,2.1,0.112,11,22,0.9963,3.26,0.5,9.5,5,2
7.7,0.965,0.1,2.1,0.112,11,22,0.9963,3.26,0.5,9.5,5,2
8.2,0.59,0,2.5,0.093,19,58,1.0002,3.5,0.65,9.3,6,0
9,0.46,0.23,2.8,0.092,28,104,0.9983,3.1,0.56,9.2,5,1
9,0.69,0,2.4,0.088,19,38,0.999,3.35,0.6,9.3,5,0
8.3,0.76,0.29,4.2,0.075,12,16,0.9965,3.45,0.68,11.5,6,2
9.2,0.53,0.24,2.6,0.078,28,139,0.99788,3.21,0.57,9.5,5,3
6.5,0.615,0,1.9,0.065,9,18,0.9972,3.46,0.65,9.2,5,2
11.6,0.41,0.58,2.8,0.096,25,101,1.00024,3.13,0.53,10,5,1
11.1,0.39,0.54,2.7,0.095,21,101,1.0001,3.13,0.51,9.5,5,1
7.3,0.51,0.18,2.1,0.07,12,28,0.99768,3.52,0.73,9.5,6,2
8.2,0.34,0.38,2.5,0.08,12,57,0.9978,3.3,0.47,9,6,0
8.6,0.33,0.4,2.6,0.083,16,68,0.99782,3.3,0.48,9.4,5,0
7.2,0.5,0.18,2.1,0.071,12,31,0.99761,3.52,0.72,9.6,6,2
7.3,0.51,0.18,2.1,0.07,12,28,0.99768,3.52,0.73,9.5,6,2
8.3,0.65,0.1,2.9,0.089,17,40,0.99803,3.29,0.55,9.5,5,0
8.3,0.65,0.1,2.9,0.089,17,40,0.99803,3.29,0.55,9.5,5,0
7.6,0.54,0.13,2.5,0.097,24,66,0.99785,3.39,0.61,9.4,5,0
8.3,0.65,0.1,2.9,0.089,17,40,0.99803,3.29,0.55,9.5,5,0
7.8,0.48,0.68,1.7,0.415,14,32,0.99656,3.09,1.06,9.1,6,2
7.8,0.91,0.07,1.9,0.058,22,47,0.99525,3.51,0.43,10.7,6,0
6.3,0.98,0.01,2,0.057,15,33,0.99488,3.6,0.46,11.2,6,0
8.1,0.87,0,2.2,0.084,10,31,0.99656,3.25,0.5,9.8,5,2
8.1,0.87,0,2.2,0.084,10,31,0.99656,3.25,0.5,9.8,5,2
8.8,0.42,0.21,2.5,0.092,33,88,0.99823,3.19,0.52,9.2,5,1
9,0.58,0.25,2.8,0.075,9,104,0.99779,3.23,0.57,9.7,5,1
9.3,0.655,0.26,2,0.096,5,35,0.99738,3.25,0.42,9.6,5,2
8.8,0.7,0,1.7,0.069,8,19,0.99701,3.31,0.53,10,6,2
9.3,0.655,0.26,2,0.096,5,35,0.99738,3.25,0.42,9.6,5,2
9.1,0.68,0.11,2.8,0.093,11,44,0.99888,3.31,0.55,9.5,6,0
9.2,0.67,0.1,3,0.091,12,48,0.99888,3.31,0.54,9.5,6,0
8.8,0.59,0.18,2.9,0.089,12,74,0.99738,3.14,0.54,9.4,5,0
7.5,0.6,0.32,2.7,0.103,13,98,0.99938,3.45,0.62,9.5,5,1
7.1,0.59,0.02,2.3,0.082,24,94,0.99744,3.55,0.53,9.7,6,1
7.9,0.72,0.01,1.9,0.076,7,32,0.99668,3.39,0.54,9.6,5,2
7.1,0.59,0.02,2.3,0.082,24,94,0.99744,3.55,0.53,9.7,6,1
9.4,0.685,0.26,2.4,0.082,23,143,0.9978,3.28,0.55,9.4,5,3
9.5,0.57,0.27,2.3,0.082,23,144,0.99782,3.27,0.55,9.4,5,3
7.9,0.4,0.29,1.8,0.157,1,44,0.9973,3.3,0.92,9.5,6,0
7.9,0.4,0.3,1.8,0.157,2,45,0.99727,3.31,0.91,9.5,6,0
7.2,1,0,3,0.102,7,16,0.99586,3.43,0.46,10,5,4
6.9,0.765,0.18,2.4,0.243,5.5,48,0.99612,3.4,0.6,10.3,6,0
6.9,0.635,0.17,2.4,0.241,6,18,0.9961,3.4,0.59,10.3,6,2
8.3,0.43,0.3,3.4,0.079,7,34,0.99788,3.36,0.61,10.5,5,2
7.1,0.52,0.03,2.6,0.076,21,92,0.99745,3.5,0.6,9.8,5,1
7,0.57,0,2,0.19,12,45,0.99676,3.31,0.6,9.4,6,0
6.5,0.46,0.14,2.4,0.114,9,37,0.99732,3.66,0.65,9.8,5,0
9,0.82,0.05,2.4,0.081,26,96,0.99814,3.36,0.53,10,5,1
6.5,0.46,0.14,2.4,0.114,9,37,0.99732,3.66,0.65,9.8,5,0
7.1,0.59,0.01,2.5,0.077,20,85,0.99746,3.55,0.59,9.8,5,1
9.9,0.35,0.41,2.3,0.083,11,61,0.9982,3.21,0.5,9.5,5,0
9.9,0.35,0.41,2.3,0.083,11,61,0.9982,3.21,0.5,9.5,5,0
10,0.56,0.24,2.2,0.079,19,58,0.9991,3.18,0.56,10.1,6,0
10,0.56,0.24,2.2,0.079,19,58,0.9991,3.18,0.56,10.1,6,0
8.6,0.63,0.17,2.9,0.099,21,119,0.998,3.09,0.52,9.3,5,1
7.4,0.37,0.43,2.6,0.082,18,82,0.99708,3.33,0.68,9.7,6,1
8.8,0.64,0.17,2.9,0.084,25,130,0.99818,3.23,0.54,9.6,5,3
7.1,0.61,0.02,2.5,0.081,17,87,0.99745,3.48,0.6,9.7,6,1
7.7,0.6,0,2.6,0.055,7,13,0.99639,3.38,0.56,10.8,5,4
10.1,0.27,0.54,2.3,0.065,7,26,0.99531,3.17,0.53,12.5,6,2
10.8,0.89,0.3,2.6,0.132,7,60,0.99786,2.99,1.18,10.2,5,0
8.7,0.46,0.31,2.5,0.126,24,64,0.99746,3.1,0.74,9.6,5,0
9.3,0.37,0.44,1.6,0.038,21,42,0.99526,3.24,0.81,10.8,7,0
9.4,0.5,0.34,3.6,0.082,5,14,0.9987,3.29,0.52,10.7,6,4
9.4,0.5,0.34,3.6,0.082,5,14,0.9987,3.29,0.52,10.7,6,4
7.2,0.61,0.08,4,0.082,26,108,0.99641,3.25,0.51,9.4,5,1
8.6,0.55,0.09,3.3,0.068,8,17,0.99735,3.23,0.44,10,5,2
5.1,0.585,0,1.7,0.044,14,86,0.99264,3.56,0.94,12.9,7,1
7.7,0.56,0.08,2.5,0.114,14,46,0.9971,3.24,0.66,9.6,6,0
8.4,0.52,0.22,2.7,0.084,4,18,0.99682,3.26,0.57,9.9,6,2
8.2,0.28,0.4,2.4,0.052,4,10,0.99356,3.33,0.7,12.8,7,4
8.4,0.25,0.39,2,0.041,4,10,0.99386,3.27,0.71,12.5,7,4
8.2,0.28,0.4,2.4,0.052,4,10,0.99356,3.33,0.7,12.8,7,4
7.4,0.53,0.12,1.9,0.165,4,12,0.99702,3.26,0.86,9.2,5,4
7.6,0.48,0.31,2.8,0.07,4,15,0.99693,3.22,0.55,10.3,6,4
7.3,0.49,0.1,2.6,0.068,4,14,0.99562,3.3,0.47,10.5,5,4
12.9,0.5,0.55,2.8,0.072,7,24,1.00012,3.09,0.68,10.9,6,2
10.8,0.45,0.33,2.5,0.099,20,38,0.99818,3.24,0.71,10.8,5,0
6.9,0.39,0.24,2.1,0.102,4,7,0.99462,3.44,0.58,11.4,4,4
12.6,0.41,0.54,2.8,0.103,19,41,0.99939,3.21,0.76,11.3,6,0
10.8,0.45,0.33,2.5,0.099,20,38,0.99818,3.24,0.71,10.8,5,0
9.8,0.51,0.19,3.2,0.081,8,30,0.9984,3.23,0.58,10.5,6,2
10.8,0.29,0.42,1.6,0.084,19,27,0.99545,3.28,0.73,11.9,6,2
7.1,0.715,0,2.35,0.071,21,47,0.99632,3.29,0.45,9.4,5,0
9.1,0.66,0.15,3.2,0.097,9,59,0.99976,3.28,0.54,9.6,5,0
7,0.685,0,1.9,0.099,9,22,0.99606,3.34,0.6,9.7,5,2
4.9,0.42,0,2.1,0.048,16,42,0.99154,3.71,0.74,14,7,0
6.7,0.54,0.13,2,0.076,15,36,0.9973,3.61,0.64,9.8,5,0
6.7,0.54,0.13,2,0.076,15,36,0.9973,3.61,0.64,9.8,5,0
7.1,0.48,0.28,2.8,0.068,6,16,0.99682,3.24,0.53,10.3,5,4
7.1,0.46,0.14,2.8,0.076,15,37,0.99624,3.36,0.49,10.7,5,0
7.5,0.27,0.34,2.3,0.05,4,8,0.9951,3.4,0.64,11,7,4
7.1,0.46,0.14,2.8,0.076,15,37,0.99624,3.36,0.49,10.7,5,0
7.8,0.57,0.09,2.3,0.065,34,45,0.99417,3.46,0.74,12.7,8,0
5.9,0.61,0.08,2.1,0.071,16,24,0.99376,3.56,0.77,11.1,6,2
7.5,0.685,0.07,2.5,0.058,5,9,0.99632,3.38,0.55,10.9,4,4
5.9,0.61,0.08,2.1,0.071,16,24,0.99376,3.56,0.77,11.1,6,2
10.4,0.44,0.42,1.5,0.145,34,48,0.99832,3.38,0.86,9.9,3,0
11.6,0.47,0.44,1.6,0.147,36,51,0.99836,3.38,0.86,9.9,4,0
8.8,0.685,0.26,1.6,0.088,16,23,0.99694,3.32,0.47,9.4,5,2
7.6,0.665,0.1,1.5,0.066,27,55,0.99655,3.39,0.51,9.3,5,0
6.7,0.28,0.28,2.4,0.012,36,100,0.99064,3.26,0.39,11.7,7,1
6.7,0.28,0.28,2.4,0.012,36,100,0.99064,3.26,0.39,11.7,7,1
10.1,0.31,0.35,1.6,0.075,9,28,0.99672,3.24,0.83,11.2,7,2
6,0.5,0.04,2.2,0.092,13,26,0.99647,3.46,0.47,10,5,2
11.1,0.42,0.47,2.65,0.085,9,34,0.99736,3.24,0.77,12.1,7,2
6.6,0.66,0,3,0.115,21,31,0.99629,3.45,0.63,10.3,5,2
10.6,0.5,0.45,2.6,0.119,34,68,0.99708,3.23,0.72,10.9,6,0
7.1,0.685,0.35,2,0.088,9,92,0.9963,3.28,0.62,9.4,5,1
9.9,0.25,0.46,1.7,0.062,26,42,0.9959,3.18,0.83,10.6,6,0
6.4,0.64,0.21,1.8,0.081,14,31,0.99689,3.59,0.66,9.8,5,2
6.4,0.64,0.21,1.8,0.081,14,31,0.99689,3.59,0.66,9.8,5,2
7.4,0.68,0.16,1.8,0.078,12,39,0.9977,3.5,0.7,9.9,6,0
6.4,0.64,0.21,1.8,0.081,14,31,0.99689,3.59,0.66,9.8,5,2
6.4,0.63,0.21,1.6,0.08,12,32,0.99689,3.58,0.66,9.8,5,2
9.3,0.43,0.44,1.9,0.085,9,22,0.99708,3.28,0.55,9.5,5,2
9.3,0.43,0.44,1.9,0.085,9,22,0.99708,3.28,0.55,9.5,5,2
8,0.42,0.32,2.5,0.08,26,122,0.99801,3.22,1.07,9.7,5,1
9.3,0.36,0.39,1.5,0.08,41,55,0.99652,3.47,0.73,10.9,6,0
9.3,0.36,0.39,1.5,0.08,41,55,0.99652,3.47,0.73,10.9,6,0
7.6,0.735,0.02,2.5,0.071,10,14,0.99538,3.51,0.71,11.7,7,4
9.3,0.36,0.39,1.5,0.08,41,55,0.99652,3.47,0.73,10.9,6,0
8.2,0.26,0.34,2.5,0.073,16,47,0.99594,3.4,0.78,11.3,7,0
11.7,0.28,0.47,1.7,0.054,17,32,0.99686,3.15,0.67,10.6,7,2
6.8,0.56,0.22,1.8,0.074,15,24,0.99438,3.4,0.82,11.2,6,2
7.2,0.62,0.06,2.7,0.077,15,85,0.99746,3.51,0.54,9.5,5,1
5.8,1.01,0.66,2,0.039,15,88,0.99357,3.66,0.6,11.5,6,1
7.5,0.42,0.32,2.7,0.067,7,25,0.99628,3.24,0.44,10.4,5,2
7.2,0.62,0.06,2.5,0.078,17,84,0.99746,3.51,0.53,9.7,5,1
7.2,0.62,0.06,2.7,0.077,15,85,0.99746,3.51,0.54,9.5,5,1
7.2,0.635,0.07,2.6,0.077,16,86,0.99748,3.51,0.54,9.7,5,1
6.8,0.49,0.22,2.3,0.071,13,24,0.99438,3.41,0.83,11.3,6,2
6.9,0.51,0.23,2,0.072,13,22,0.99438,3.4,0.84,11.2,6,2
6.8,0.56,0.22,1.8,0.074,15,24,0.99438,3.4,0.82,11.2,6,2
7.6,0.63,0.03,2,0.08,27,43,0.99578,3.44,0.64,10.9,6,0
7.7,0.715,0.01,2.1,0.064,31,43,0.99371,3.41,0.57,11.8,6,0
6.9,0.56,0.03,1.5,0.086,36,46,0.99522,3.53,0.57,10.6,5,0
7.3,0.35,0.24,2,0.067,28,48,0.99576,3.43,0.54,10,4,0
9.1,0.21,0.37,1.6,0.067,6,10,0.99552,3.23,0.58,11.1,7,4
10.4,0.38,0.46,2.1,0.104,6,10,0.99664,3.12,0.65,11.8,7,4
8.8,0.31,0.4,2.8,0.109,7,16,0.99614,3.31,0.79,11.8,7,4
7.1,0.47,0,2.2,0.067,7,14,0.99517,3.4,0.58,10.9,4,4
7.7,0.715,0.01,2.1,0.064,31,43,0.99371,3.41,0.57,11.8,6,0
8.8,0.61,0.19,4,0.094,30,69,0.99787,3.22,0.5,10,6,0
7.2,0.6,0.04,2.5,0.076,18,88,0.99745,3.53,0.55,9.5,5,1
9.2,0.56,0.18,1.6,0.078,10,21,0.99576,3.15,0.49,9.9,5,2
7.6,0.715,0,2.1,0.068,30,35,0.99533,3.48,0.65,11.4,6,0
8.4,0.31,0.29,3.1,0.194,14,26,0.99536,3.22,0.78,12,6,2
7.2,0.6,0.04,2.5,0.076,18,88,0.99745,3.53,0.55,9.5,5,1
8.8,0.61,0.19,4,0.094,30,69,0.99787,3.22,0.5,10,6,0
8.9,0.75,0.14,2.5,0.086,9,30,0.99824,3.34,0.64,10.5,5,2
9,0.8,0.12,2.4,0.083,8,28,0.99836,3.33,0.65,10.4,6,2
10.7,0.52,0.38,2.6,0.066,29,56,0.99577,3.15,0.79,12.1,7,0
6.8,0.57,0,2.5,0.072,32,64,0.99491,3.43,0.56,11.2,6,0
10.7,0.9,0.34,6.6,0.112,23,99,1.00289,3.22,0.68,9.3,5,1
7.2,0.34,0.24,2,0.071,30,52,0.99576,3.44,0.58,10.1,5,0
7.2,0.66,0.03,2.3,0.078,16,86,0.99743,3.53,0.57,9.7,5,1
10.1,0.45,0.23,1.9,0.082,10,18,0.99774,3.22,0.65,9.3,6,2
7.2,0.66,0.03,2.3,0.078,16,86,0.99743,3.53,0.57,9.7,5,1
7.2,0.63,0.03,2.2,0.08,17,88,0.99745,3.53,0.58,9.8,6,1
7.1,0.59,0.01,2.3,0.08,27,43,0.9955,3.42,0.58,10.7,6,0
8.3,0.31,0.39,2.4,0.078,17,43,0.99444,3.31,0.77,12.5,7,0
7.1,0.59,0.01,2.3,0.08,27,43,0.9955,3.42,0.58,10.7,6,0
8.3,0.31,0.39,2.4,0.078,17,43,0.99444,3.31,0.77,12.5,7,0
8.3,1.02,0.02,3.4,0.084,6,11,0.99892,3.48,0.49,11,3,4
8.9,0.31,0.36,2.6,0.056,10,39,0.99562,3.4,0.69,11.8,5,0
7.4,0.635,0.1,2.4,0.08,16,33,0.99736,3.58,0.69,10.8,7,0
7.4,0.635,0.1,2.4,0.08,16,33,0.99736,3.58,0.69,10.8,7,0
6.8,0.59,0.06,6,0.06,11,18,0.9962,3.41,0.59,10.8,7,2
6.8,0.59,0.06,6,0.06,11,18,0.9962,3.41,0.59,10.8,7,2
9.2,0.58,0.2,3,0.081,15,115,0.998,3.23,0.59,9.5,5,1
7.2,0.54,0.27,2.6,0.084,12,78,0.9964,3.39,0.71,11,5,1
6.1,0.56,0,2.2,0.079,6,9,0.9948,3.59,0.54,11.5,6,4
7.4,0.52,0.13,2.4,0.078,34,61,0.99528,3.43,0.59,10.8,6,0
7.3,0.305,0.39,1.2,0.059,7,11,0.99331,3.29,0.52,11.5,6,4
9.3,0.38,0.48,3.8,0.132,3,11,0.99577,3.23,0.57,13.2,6,4
9.1,0.28,0.46,9,0.114,3,9,0.99901,3.18,0.6,10.9,6,4
10,0.46,0.44,2.9,0.065,4,8,0.99674,3.33,0.62,12.2,6,4
9.4,0.395,0.46,4.6,0.094,3,10,0.99639,3.27,0.64,12.2,7,4
7.3,0.305,0.39,1.2,0.059,7,11,0.99331,3.29,0.52,11.5,6,4
8.6,0.315,0.4,2.2,0.079,3,6,0.99512,3.27,0.67,11.9,6,4
5.3,0.715,0.19,1.5,0.161,7,62,0.99395,3.62,0.61,11,5,0
6.8,0.41,0.31,8.8,0.084,26,45,0.99824,3.38,0.64,10.1,6,0
8.4,0.36,0.32,2.2,0.081,32,79,0.9964,3.3,0.72,11,6,1
8.4,0.62,0.12,1.8,0.072,38,46,0.99504,3.38,0.89,11.8,6,0
9.6,0.41,0.37,2.3,0.091,10,23,0.99786,3.24,0.56,10.5,5,2
8.4,0.36,0.32,2.2,0.081,32,79,0.9964,3.3,0.72,11,6,1
8.4,0.62,0.12,1.8,0.072,38,46,0.99504,3.38,0.89,11.8,6,0
6.8,0.41,0.31,8.8,0.084,26,45,0.99824,3.38,0.64,10.1,6,0
8.6,0.47,0.27,2.3,0.055,14,28,0.99516,3.18,0.8,11.2,5,2
8.6,0.22,0.36,1.9,0.064,53,77,0.99604,3.47,0.87,11,7,1
9.4,0.24,0.33,2.3,0.061,52,73,0.99786,3.47,0.9,10.2,6,1
8.4,0.67,0.19,2.2,0.093,11,75,0.99736,3.2,0.59,9.2,4,0
8.6,0.47,0.27,2.3,0.055,14,28,0.99516,3.18,0.8,11.2,5,2
8.7,0.33,0.38,3.3,0.063,10,19,0.99468,3.3,0.73,12,7,2
6.6,0.61,0.01,1.9,0.08,8,25,0.99746,3.69,0.73,10.5,5,2
7.4,0.61,0.01,2,0.074,13,38,0.99748,3.48,0.65,9.8,5,0
7.6,0.4,0.29,1.9,0.078,29,66,0.9971,3.45,0.59,9.5,6,0
7.4,0.61,0.01,2,0.074,13,38,0.99748,3.48,0.65,9.8,5,0
6.6,0.61,0.01,1.9,0.08,8,25,0.99746,3.69,0.73,10.5,5,2
8.8,0.3,0.38,2.3,0.06,19,72,0.99543,3.39,0.72,11.8,6,0
8.8,0.3,0.38,2.3,0.06,19,72,0.99543,3.39,0.72,11.8,6,0
12,0.63,0.5,1.4,0.071,6,26,0.99791,3.07,0.6,10.4,4,2
7.2,0.38,0.38,2.8,0.068,23,42,0.99356,3.34,0.72,12.9,7,0
6.2,0.46,0.17,1.6,0.073,7,11,0.99425,3.61,0.54,11.4,5,4
9.6,0.33,0.52,2.2,0.074,13,25,0.99509,3.36,0.76,12.4,7,2
9.9,0.27,0.49,5,0.082,9,17,0.99484,3.19,0.52,12.5,7,2
10.1,0.43,0.4,2.6,0.092,13,52,0.99834,3.22,0.64,10,7,0
9.8,0.5,0.34,2.3,0.094,10,45,0.99864,3.24,0.6,9.7,7,0
8.3,0.3,0.49,3.8,0.09,11,24,0.99498,3.27,0.64,12.1,7,2
10.2,0.44,0.42,2,0.071,7,20,0.99566,3.14,0.79,11.1,7,2
10.2,0.44,0.58,4.1,0.092,11,24,0.99745,3.29,0.99,12,7,2
8.3,0.28,0.48,2.1,0.093,6,12,0.99408,3.26,0.62,12.4,7,4
8.9,0.12,0.45,1.8,0.075,10,21,0.99552,3.41,0.76,11.9,7,2
8.9,0.12,0.45,1.8,0.075,10,21,0.99552,3.41,0.76,11.9,7,2
8.9,0.12,0.45,1.8,0.075,10,21,0.99552,3.41,0.76,11.9,7,2
8.3,0.28,0.48,2.1,0.093,6,12,0.99408,3.26,0.62,12.4,7,4
8.2,0.31,0.4,2.2,0.058,6,10,0.99536,3.31,0.68,11.2,7,4
10.2,0.34,0.48,2.1,0.052,5,9,0.99458,3.2,0.69,12.1,7,4
7.6,0.43,0.4,2.7,0.082,6,11,0.99538,3.44,0.54,12.2,6,4
8.5,0.21,0.52,1.9,0.09,9,23,0.99648,3.36,0.67,10.4,5,2
8.57463,0.524761,0.287379,2.44725,0.0865871,5.23386,12.2815,0.996402,3.30614,0.625085,10.7549,5.71082,4
9.5,0.37,0.52,2,0.088,12,51,0.99613,3.29,0.58,11.1,6,0
6.4,0.57,0.12,2.3,0.12,25,36,0.99519,3.47,0.71,11.3,7,0
8,0.59,0.05,2,0.089,12,32,0.99735,3.36,0.61,10,5,2
8.5,0.47,0.27,1.9,0.058,18,38,0.99518,3.16,0.85,11.1,6,0
7.1,0.56,0.14,1.6,0.078,7,18,0.99592,3.27,0.62,9.3,5,2
6.6,0.57,0.02,2.1,0.115,6,16,0.99654,3.38,0.69,9.5,5,4
8.8,0.27,0.39,2,0.1,20,27,0.99546,3.15,0.69,11.2,6,2
8.5,0.47,0.27,1.9,0.058,18,38,0.99518,3.16,0.85,11.1,6,0
8.3,0.34,0.4,2.4,0.065,24,48,0.99554,3.34,0.86,11,6,0
9,0.38,0.41,2.4,0.103,6,10,0.99604,3.13,0.58,11.9,7,4
8.5,0.66,0.2,2.1,0.097,23,113,0.99733,3.13,0.48,9.2,5,1
9,0.4,0.43,2.4,0.068,29,46,0.9943,3.2,0.6,12.2,6,0
6.7,0.56,0.09,2.9,0.079,7,22,0.99669,3.46,0.61,10.2,5,2
10.4,0.26,0.48,1.9,0.066,6,10,0.99724,3.33,0.87,10.9,6,4
10.4,0.26,0.48,1.9,0.066,6,10,0.99724,3.33,0.87,10.9,6,4
10.1,0.38,0.5,2.4,0.104,6,13,0.99643,3.22,0.65,11.6,7,4
8.5,0.34,0.44,1.7,0.079,6,12,0.99605,3.52,0.63,10.7,5,4
8.8,0.33,0.41,5.9,0.073,7,13,0.99658,3.3,0.62,12.1,7,4
7.2,0.41,0.3,2.1,0.083,35,72,0.997,3.44,0.52,9.4,5,0
7.2,0.41,0.3,2.1,0.083,35,72,0.997,3.44,0.52,9.4,5,0
8.4,0.59,0.29,2.6,0.109,31,119,0.99801,3.15,0.5,9.1,5,1
7,0.4,0.32,3.6,0.061,9,29,0.99416,3.28,0.49,11.3,7,2
12.2,0.45,0.49,1.4,0.075,3,6,0.9969,3.13,0.63,10.4,5,4
9.1,0.5,0.3,1.9,0.065,8,17,0.99774,3.32,0.71,10.5,6,2
9.5,0.86,0.26,1.9,0.079,13,28,0.99712,3.25,0.62,10,5,2
7.3,0.52,0.32,2.1,0.07,51,70,0.99418,3.34,0.82,12.9,6,0
9.1,0.5,0.3,1.9,0.065,8,17,0.99774,3.32,0.71,10.5,6,2
12.2,0.45,0.49,1.4,0.075,3,6,0.9969,3.13,0.63,10.4,5,4
7.4,0.58,0,2,0.064,7,11,0.99562,3.45,0.58,11.3,6,4
9.8,0.34,0.39,1.4,0.066,3,7,0.9947,3.19,0.55,11.4,7,4
7.1,0.36,0.3,1.6,0.08,35,70,0.99693,3.44,0.5,9.4,5,0
7.7,0.39,0.12,1.7,0.097,19,27,0.99596,3.16,0.49,9.4,5,2
9.7,0.295,0.4,1.5,0.073,14,21,0.99556,3.14,0.51,10.9,6,2
7.7,0.39,0.12,1.7,0.097,19,27,0.99596,3.16,0.49,9.4,5,2
7.1,0.34,0.28,2,0.082,31,68,0.99694,3.45,0.48,9.4,5,0
6.5,0.4,0.1,2,0.076,30,47,0.99554,3.36,0.48,9.4,6,0
7.1,0.34,0.28,2,0.082,31,68,0.99694,3.45,0.48,9.4,5,0
10,0.35,0.45,2.5,0.092,20,88,0.99918,3.15,0.43,9.4,5,1
7.7,0.6,0.06,2,0.079,19,41,0.99697,3.39,0.62,10.1,6,0
5.6,0.66,0,2.2,0.087,3,11,0.99378,3.71,0.63,12.8,7,4
5.6,0.66,0,2.2,0.087,3,11,0.99378,3.71,0.63,12.8,7,4
8.9,0.84,0.34,1.4,0.05,4,10,0.99554,3.12,0.48,9.1,6,4
6.4,0.69,0,1.65,0.055,7,12,0.99162,3.47,0.53,12.9,6,4
7.5,0.43,0.3,2.2,0.062,6,12,0.99495,3.44,0.72,11.5,7,4
9.9,0.35,0.38,1.5,0.058,31,47,0.99676,3.26,0.82,10.6,7,0
9.1,0.29,0.33,2.05,0.063,13,27,0.99516,3.26,0.84,11.7,7,2
6.8,0.36,0.32,1.8,0.067,4,8,0.9928,3.36,0.55,12.8,7,4
8.2,0.43,0.29,1.6,0.081,27,45,0.99603,3.25,0.54,10.3,5,0
6.8,0.36,0.32,1.8,0.067,4,8,0.9928,3.36,0.55,12.8,7,4
9.1,0.29,0.33,2.05,0.063,13,27,0.99516,3.26,0.84,11.7,7,2
9.1,0.3,0.34,2,0.064,12,25,0.99516,3.26,0.84,11.7,7,2
8.9,0.35,0.4,3.6,0.11,12,24,0.99549,3.23,0.7,12,7,2
9.6,0.5,0.36,2.8,0.116,26,55,0.99722,3.18,0.68,10.9,5,0
8.9,0.28,0.45,1.7,0.067,7,12,0.99354,3.25,0.55,12.3,7,4
8.9,0.32,0.31,2,0.088,12,19,0.9957,3.17,0.55,10.4,6,2
7.7,1.005,0.15,2.1,0.102,11,32,0.99604,3.23,0.48,10,5,2
7.5,0.71,0,1.6,0.092,22,31,0.99635,3.38,0.58,10,6,0
8,0.58,0.16,2,0.12,3,7,0.99454,3.22,0.58,11.2,6,4
10.5,0.39,0.46,2.2,0.075,14,27,0.99598,3.06,0.84,11.4,6,2
8.9,0.38,0.4,2.2,0.068,12,28,0.99486,3.27,0.75,12.6,7,2
8,0.18,0.37,0.9,0.049,36,109,0.99007,2.89,0.44,12.7,6,1
8,0.18,0.37,0.9,0.049,36,109,0.99007,2.89,0.44,12.7,6,1
7,0.5,0.14,1.8,0.078,10,23,0.99636,3.53,0.61,10.4,5,2
11.3,0.36,0.66,2.4,0.123,3,8,0.99642,3.2,0.53,11.9,6,4
11.3,0.36,0.66,2.4,0.123,3,8,0.99642,3.2,0.53,11.9,6,4
7,0.51,0.09,2.1,0.062,4,9,0.99584,3.35,0.54,10.5,5,4
8.2,0.32,0.42,2.3,0.098,3,9,0.99506,3.27,0.55,12.3,6,4
7.7,0.58,0.01,1.8,0.088,12,18,0.99568,3.32,0.56,10.5,7,2
8.6,0.83,0,2.8,0.095,17,43,0.99822,3.33,0.6,10.4,6,0
7.9,0.31,0.32,1.9,0.066,14,36,0.99364,3.41,0.56,12.6,6,0
6.4,0.795,0,2.2,0.065,28,52,0.99378,3.49,0.52,11.6,5,0
7.2,0.34,0.21,2.5,0.075,41,68,0.99586,3.37,0.54,10.1,6,0
7.7,0.58,0.01,1.8,0.088,12,18,0.99568,3.32,0.56,10.5,7,2
7.1,0.59,0,2.1,0.091,9,14,0.99488,3.42,0.55,11.5,7,4
7.3,0.55,0.01,1.8,0.093,9,15,0.99514,3.35,0.58,11,7,4
8.1,0.82,0,4.1,0.095,5,14,0.99854,3.36,0.53,9.6,5,4
7.5,0.57,0.08,2.6,0.089,14,27,0.99592,3.3,0.59,10.4,6,2
8.9,0.745,0.18,2.5,0.077,15,48,0.99739,3.2,0.47,9.7,6,0
10.1,0.37,0.34,2.4,0.085,5,17,0.99683,3.17,0.65,10.6,7,4
7.6,0.31,0.34,2.5,0.082,26,35,0.99356,3.22,0.59,12.5,7,0
7.3,0.91,0.1,1.8,0.074,20,56,0.99672,3.35,0.56,9.2,5,0
8.7,0.41,0.41,6.2,0.078,25,42,0.9953,3.24,0.77,12.6,7,0
8.9,0.5,0.21,2.2,0.088,21,39,0.99692,3.33,0.83,11.1,6,0
7.4,0.965,0,2.2,0.088,16,32,0.99756,3.58,0.67,10.2,5,2
6.9,0.49,0.19,1.7,0.079,13,26,0.99547,3.38,0.64,9.8,6,2
8.9,0.5,0.21,2.2,0.088,21,39,0.99692,3.33,0.83,11.1,6,0
9.5,0.39,0.41,8.9,0.069,18,39,0.99859,3.29,0.81,10.9,7,0
6.4,0.39,0.33,3.3,0.046,12,53,0.99294,3.36,0.62,12.2,6,0
6.9,0.44,0,1.4,0.07,32,38,0.99438,3.32,0.58,11.4,6,0
7.6,0.78,0,1.7,0.076,33,45,0.99612,3.31,0.62,10.7,6,0
7.1,0.43,0.17,1.8,0.082,27,51,0.99634,3.49,0.64,10.4,5,0
9.3,0.49,0.36,1.7,0.081,3,14,0.99702,3.27,0.78,10.9,6,4
9.3,0.5,0.36,1.8,0.084,6,17,0.99704,3.27,0.77,10.8,6,2
7.1,0.43,0.17,1.8,0.082,27,51,0.99634,3.49,0.64,10.4,5,0
8.5,0.46,0.59,1.4,0.414,16,45,0.99702,3.03,1.34,9.2,5,0
5.6,0.605,0.05,2.4,0.073,19,25,0.99258,3.56,0.55,12.9,5,2
8.3,0.33,0.42,2.3,0.07,9,20,0.99426,3.38,0.77,12.7,7,2
8.2,0.64,0.27,2,0.095,5,77,0.99747,3.13,0.62,9.1,6,0
8.2,0.64,0.27,2,0.095,5,77,0.99747,3.13,0.62,9.1,6,0
8.9,0.48,0.53,4,0.101,3,10,0.99586,3.21,0.59,12.1,7,4
7.6,0.42,0.25,3.9,0.104,28,90,0.99784,3.15,0.57,9.1,5,1
9.9,0.53,0.57,2.4,0.093,30,52,0.9971,3.19,0.76,11.6,7,0
8.9,0.48,0.53,4,0.101,3,10,0.99586,3.21,0.59,12.1,7,4
11.6,0.23,0.57,1.8,0.074,3,8,0.9981,3.14,0.7,9.9,6,4
9.1,0.4,0.5,1.8,0.071,7,16,0.99462,3.21,0.69,12.5,8,4
8,0.38,0.44,1.9,0.098,6,15,0.9956,3.3,0.64,11.4,6,4
10.2,0.29,0.65,2.4,0.075,6,17,0.99565,3.22,0.63,11.8,6,2
8.2,0.74,0.09,2,0.067,5,10,0.99418,3.28,0.57,11.8,6,4
7.7,0.61,0.18,2.4,0.083,6,20,0.9963,3.29,0.6,10.2,6,2
6.6,0.52,0.08,2.4,0.07,13,26,0.99358,3.4,0.72,12.5,7,2
11.1,0.31,0.53,2.2,0.06,3,10,0.99572,3.02,0.83,10.9,7,4
11.1,0.31,0.53,2.2,0.06,3,10,0.99572,3.02,0.83,10.9,7,4
8,0.62,0.35,2.8,0.086,28,52,0.997,3.31,0.62,10.8,5,0
9.3,0.33,0.45,1.5,0.057,19,37,0.99498,3.18,0.89,11.1,7,0
7.5,0.77,0.2,8.1,0.098,30,92,0.99892,3.2,0.58,9.2,5,1
7.2,0.35,0.26,1.8,0.083,33,75,0.9968,3.4,0.58,9.5,6,1
8,0.62,0.33,2.7,0.088,16,37,0.9972,3.31,0.58,10.7,6,0
7.5,0.77,0.2,8.1,0.098,30,92,0.99892,3.2,0.58,9.2,5,1
9.1,0.25,0.34,2,0.071,45,67,0.99769,3.44,0.86,10.2,7,0
9.9,0.32,0.56,2,0.073,3,8,0.99534,3.15,0.73,11.4,6,4
8.6,0.37,0.65,6.4,0.08,3,8,0.99817,3.27,0.58,11,5,4
8.6,0.37,0.65,6.4,0.08,3,8,0.99817,3.27,0.58,11,5,4
7.9,0.3,0.68,8.3,0.05,37.5,278,0.99316,3.01,0.51,12.3,7,3
10.3,0.27,0.56,1.4,0.047,3,8,0.99471,3.16,0.51,11.8,6,4
7.9,0.3,0.68,8.3,0.05,37.5,289,0.99316,3.01,0.51,12.3,7,3
7.2,0.38,0.3,1.8,0.073,31,70,0.99685,3.42,0.59,9.5,6,0
8.7,0.42,0.45,2.4,0.072,32,59,0.99617,3.33,0.77,12,6,0
7.2,0.38,0.3,1.8,0.073,31,70,0.99685,3.42,0.59,9.5,6,0
6.8,0.48,0.08,1.8,0.074,40,64,0.99529,3.12,0.49,9.6,5,0
8.5,0.34,0.4,4.7,0.055,3,9,0.99738,3.38,0.66,11.6,7,4
7.9,0.19,0.42,1.6,0.057,18,30,0.994,3.29,0.69,11.2,6,2
11.6,0.41,0.54,1.5,0.095,22,41,0.99735,3.02,0.76,9.9,7,0
11.6,0.41,0.54,1.5,0.095,22,41,0.99735,3.02,0.76,9.9,7,0
10,0.26,0.54,1.9,0.083,42,74,0.99451,2.98,0.63,11.8,8,1
7.9,0.34,0.42,2,0.086,8,19,0.99546,3.35,0.6,11.4,6,2
7,0.54,0.09,2,0.081,10,16,0.99479,3.43,0.59,11.5,6,2
9.2,0.31,0.36,2.2,0.079,11,31,0.99615,3.33,0.86,12,7,2
6.6,0.725,0.09,5.5,0.117,9,17,0.99655,3.35,0.49,10.8,6,2
9.4,0.4,0.47,2.5,0.087,6,20,0.99772,3.15,0.5,10.5,5,2
6.6,0.725,0.09,5.5,0.117,9,17,0.99655,3.35,0.49,10.8,6,2
8.6,0.52,0.38,1.5,0.096,5,18,0.99666,3.2,0.52,9.4,5,2
8,0.31,0.45,2.1,0.216,5,16,0.99358,3.15,0.81,12.5,7,4
8.6,0.52,0.38,1.5,0.096,5,18,0.99666,3.2,0.52,9.4,5,2
8.4,0.34,0.42,2.1,0.072,23,36,0.99392,3.11,0.78,12.4,6,0
7.4,0.49,0.27,2.1,0.071,14,25,0.99388,3.35,0.63,12,6,2
6.1,0.48,0.09,1.7,0.078,18,30,0.99402,3.45,0.54,11.2,6,2
7.4,0.49,0.27,2.1,0.071,14,25,0.99388,3.35,0.63,12,6,2
8,0.48,0.34,2.2,0.073,16,25,0.9936,3.28,0.66,12.4,6,2
6.3,0.57,0.28,2.1,0.048,13,49,0.99374,3.41,0.6,12.8,5,0
8.2,0.23,0.42,1.9,0.069,9,17,0.99376,3.21,0.54,12.3,6,2
9.1,0.3,0.41,2,0.068,10,24,0.99523,3.27,0.85,11.7,7,2
8.1,0.78,0.1,3.3,0.09,4,13,0.99855,3.36,0.49,9.5,5,4
10.8,0.47,0.43,2.1,0.171,27,66,0.9982,3.17,0.76,10.8,6,0
8.3,0.53,0,1.4,0.07,6,14,0.99593,3.25,0.64,10,6,4
5.4,0.42,0.27,2,0.092,23,55,0.99471,3.78,0.64,12.3,7,0
7.9,0.33,0.41,1.5,0.056,6,35,0.99396,3.29,0.71,11,6,2
8.9,0.24,0.39,1.6,0.074,3,10,0.99698,3.12,0.59,9.5,6,4
5,0.4,0.5,4.3,0.046,29,80,0.9902,3.49,0.66,13.6,6,1
7,0.69,0.07,2.5,0.091,15,21,0.99572,3.38,0.6,11.3,6,2
7,0.69,0.07,2.5,0.091,15,21,0.99572,3.38,0.6,11.3,6,2
7,0.69,0.07,2.5,0.091,15,21,0.99572,3.38,0.6,11.3,6,2
7.1,0.39,0.12,2.1,0.065,14,24,0.99252,3.3,0.53,13.3,6,2
5.6,0.66,0,2.5,0.066,7,15,0.99256,3.52,0.58,12.9,5,4
7.9,0.54,0.34,2.5,0.076,8,17,0.99235,3.2,0.72,13.1,8,2
6.6,0.5,0,1.8,0.062,21,28,0.99352,3.44,0.55,12.3,6,2
6.3,0.47,0,1.4,0.055,27,33,0.9922,3.45,0.48,12.3,6,0
10.7,0.4,0.37,1.9,0.081,17,29,0.99674,3.12,0.65,11.2,6,2
6.5,0.58,0,2.2,0.096,3,13,0.99557,3.62,0.62,11.5,4,4
8.8,0.24,0.35,1.7,0.055,13,27,0.99394,3.14,0.59,11.3,7,2
5.8,0.29,0.26,1.7,0.063,3,11,0.9915,3.39,0.54,13.5,6,4
6.3,0.76,0,2.9,0.072,26,52,0.99379,3.51,0.6,11.5,6,0
10,0.43,0.33,2.7,0.095,28,89,0.9984,3.22,0.68,10,5,1
10.5,0.43,0.35,3.3,0.092,24,70,0.99798,3.21,0.69,10.5,6,0
9.1,0.6,0,1.9,0.058,5,10,0.9977,3.18,0.63,10.4,6,4
5.9,0.19,0.21,1.7,0.045,57,135,0.99341,3.32,0.44,9.5,5,3
7.4,0.36,0.34,1.8,0.075,18,38,0.9933,3.38,0.88,13.6,7,0
7.2,0.48,0.07,5.5,0.089,10,18,0.99684,3.37,0.68,11.2,7,2
8.5,0.28,0.35,1.7,0.061,6,15,0.99524,3.3,0.74,11.8,7,4
8,0.25,0.43,1.7,0.067,22,50,0.9946,3.38,0.6,11.9,6,0
10.4,0.52,0.45,2,0.08,6,13,0.99774,3.22,0.76,11.4,6,4
10.4,0.52,0.45,2,0.08,6,13,0.99774,3.22,0.76,11.4,6,4
7.5,0.41,0.15,3.7,0.104,29,94,0.99786,3.14,0.58,9.1,5,1
8.2,0.51,0.24,2,0.079,16,86,0.99764,3.34,0.64,9.5,6,1
7.3,0.4,0.3,1.7,0.08,33,79,0.9969,3.41,0.65,9.5,6,1
8.2,0.38,0.32,2.5,0.08,24,71,0.99624,3.27,0.85,11,6,0
6.9,0.45,0.11,2.4,0.043,6,12,0.99354,3.3,0.65,11.4,6,4
7,0.22,0.3,1.8,0.065,16,20,0.99672,3.61,0.82,10,6,2
7.3,0.32,0.23,2.3,0.066,35,70,0.99588,3.43,0.62,10.1,5,0
8.2,0.2,0.43,2.5,0.076,31,51,0.99672,3.53,0.81,10.4,6,0
7.8,0.5,0.12,1.8,0.178,6,21,0.996,3.28,0.87,9.8,6,2
10,0.41,0.45,6.2,0.071,6,14,0.99702,3.21,0.49,11.8,7,4
7.8,0.39,0.42,2,0.086,9,21,0.99526,3.39,0.66,11.6,6,2
10,0.35,0.47,2,0.061,6,11,0.99585,3.23,0.52,12,6,4
8.2,0.33,0.32,2.8,0.067,4,12,0.99473,3.3,0.76,12.8,7,4
6.1,0.58,0.23,2.5,0.044,16,70,0.99352,3.46,0.65,12.5,6,0
8.3,0.6,0.25,2.2,0.118,9,38,0.99616,3.15,0.53,9.8,5,0
9.6,0.42,0.35,2.1,0.083,17,38,0.99622,3.23,0.66,11.1,6,0
6.6,0.58,0,2.2,0.1,50,63,0.99544,3.59,0.68,11.4,6,0
8.3,0.6,0.25,2.2,0.118,9,38,0.99616,3.15,0.53,9.8,5,0
8.5,0.18,0.51,1.75,0.071,45,88,0.99524,3.33,0.76,11.8,7,1
5.1,0.51,0.18,2.1,0.042,16,101,0.9924,3.46,0.87,12.9,7,1
6.7,0.41,0.43,2.8,0.076,22,54,0.99572,3.42,1.16,10.6,6,0
10.2,0.41,0.43,2.2,0.11,11,37,0.99728,3.16,0.67,10.8,5,0
10.6,0.36,0.57,2.3,0.087,6,20,0.99676,3.14,0.72,11.1,7,2
8.8,0.45,0.43,1.4,0.076,12,21,0.99551,3.21,0.75,10.2,6,2
8.5,0.32,0.42,2.3,0.075,12,19,0.99434,3.14,0.71,11.8,7,2
9,0.785,0.24,1.7,0.078,10,21,0.99692,3.29,0.67,10,5,2
9,0.785,0.24,1.7,0.078,10,21,0.99692,3.29,0.67,10,5,2
8.5,0.44,0.5,1.9,0.369,15,38,0.99634,3.01,1.1,9.4,5,0
9.9,0.54,0.26,2,0.111,7,60,0.99709,2.94,0.98,10.2,5,0
8.2,0.33,0.39,2.5,0.074,29,48,0.99528,3.32,0.88,12.4,7,0
6.5,0.34,0.27,2.8,0.067,8,44,0.99384,3.21,0.56,12,6,0
7.6,0.5,0.29,2.3,0.086,5,14,0.99502,3.32,0.62,11.5,6,4
9.2,0.36,0.34,1.6,0.062,5,12,0.99667,3.2,0.67,10.5,6,4
7.1,0.59,0,2.2,0.078,26,44,0.99522,3.42,0.68,10.8,6,0
9.7,0.42,0.46,2.1,0.074,5,16,0.99649,3.27,0.74,12.3,6,4
7.6,0.36,0.31,1.7,0.079,26,65,0.99716,3.46,0.62,9.5,6,0
7.6,0.36,0.31,1.7,0.079,26,65,0.99716,3.46,0.62,9.5,6,0
6.5,0.61,0,2.2,0.095,48,59,0.99541,3.61,0.7,11.5,6,0
6.5,0.88,0.03,5.6,0.079,23,47,0.99572,3.58,0.5,11.2,4,0
7.1,0.66,0,2.4,0.052,6,11,0.99318,3.35,0.66,12.7,7,4
5.6,0.915,0,2.1,0.041,17,78,0.99346,3.68,0.73,11.4,5,1
8.2,0.35,0.33,2.4,0.076,11,47,0.99599,3.27,0.81,11,6,0
8.2,0.35,0.33,2.4,0.076,11,47,0.99599,3.27,0.81,11,6,0
9.8,0.39,0.43,1.65,0.068,5,11,0.99478,3.19,0.46,11.4,5,4
10.2,0.4,0.4,2.5,0.068,41,54,0.99754,3.38,0.86,10.5,6,0
6.8,0.66,0.07,1.6,0.07,16,61,0.99572,3.29,0.6,9.3,5,0
6.7,0.64,0.23,2.1,0.08,11,119,0.99538,3.36,0.7,10.9,5,1
7,0.43,0.3,2,0.085,6,39,0.99346,3.33,0.46,11.9,6,0
6.6,0.8,0.03,7.8,0.079,6,12,0.9963,3.52,0.5,12.2,5,4
7,0.43,0.3,2,0.085,6,39,0.99346,3.33,0.46,11.9,6,0
6.7,0.64,0.23,2.1,0.08,11,119,0.99538,3.36,0.7,10.9,5,1
8.8,0.955,0.05,1.8,0.075,5,19,0.99616,3.3,0.44,9.6,4,2
9.1,0.4,0.57,4.6,0.08,6,20,0.99652,3.28,0.57,12.5,6,2
6.5,0.885,0,2.3,0.166,6,12,0.99551,3.56,0.51,10.8,5,4
7.2,0.25,0.37,2.5,0.063,11,41,0.99439,3.52,0.8,12.4,7,0
6.4,0.885,0,2.3,0.166,6,12,0.99551,3.56,0.51,10.8,5,4
7,0.745,0.12,1.8,0.114,15,64,0.99588,3.22,0.59,9.5,6,0
6.2,0.43,0.22,1.8,0.078,21,56,0.99633,3.52,0.6,9.5,6,0
7.9,0.58,0.23,2.3,0.076,23,94,0.99686,3.21,0.58,9.5,6,1
7.7,0.57,0.21,1.5,0.069,4,9,0.99458,3.16,0.54,9.8,6,4
7.7,0.26,0.26,2,0.052,19,77,0.9951,3.15,0.79,10.9,6,1
7.9,0.58,0.23,2.3,0.076,23,94,0.99686,3.21,0.58,9.5,6,1
7.7,0.57,0.21,1.5,0.069,4,9,0.99458,3.16,0.54,9.8,6,4
7.9,0.34,0.36,1.9,0.065,5,10,0.99419,3.27,0.54,11.2,7,4
8.6,0.42,0.39,1.8,0.068,6,12,0.99516,3.35,0.69,11.7,8,4
9.9,0.74,0.19,5.8,0.111,33,76,0.99878,3.14,0.55,9.4,5,1
7.2,0.36,0.46,2.1,0.074,24,44,0.99534,3.4,0.85,11,7,0
7.2,0.36,0.46,2.1,0.074,24,44,0.99534,3.4,0.85,11,7,0
7.2,0.36,0.46,2.1,0.074,24,44,0.99534,3.4,0.85,11,7,0
9.9,0.72,0.55,1.7,0.136,24,52,0.99752,3.35,0.94,10,5,0
7.2,0.36,0.46,2.1,0.074,24,44,0.99534,3.4,0.85,11,7,0
6.2,0.39,0.43,2,0.071,14,24,0.99428,3.45,0.87,11.2,7,2
6.8,0.65,0.02,2.1,0.078,8,15,0.99498,3.35,0.62,10.4,6,4
6.6,0.44,0.15,2.1,0.076,22,53,0.9957,3.32,0.62,9.3,5,0
6.8,0.65,0.02,2.1,0.078,8,15,0.99498,3.35,0.62,10.4,6,4
9.6,0.38,0.42,1.9,0.071,5,13,0.99659,3.15,0.75,10.5,6,4
10.2,0.33,0.46,1.9,0.081,6,9,0.99628,3.1,0.48,10.4,6,4
8.8,0.27,0.46,2.1,0.095,20,29,0.99488,3.26,0.56,11.3,6,2
7.9,0.57,0.31,2,0.079,10,79,0.99677,3.29,0.69,9.5,6,1
8.2,0.34,0.37,1.9,0.057,43,74,0.99408,3.23,0.81,12,6,1
8.2,0.4,0.31,1.9,0.082,8,24,0.996,3.24,0.69,10.6,6,2
9,0.39,0.4,1.3,0.044,25,50,0.99478,3.2,0.83,10.9,6,0
10.9,0.32,0.52,1.8,0.132,17,44,0.99734,3.28,0.77,11.5,6,0
10.9,0.32,0.52,1.8,0.132,17,44,0.99734,3.28,0.77,11.5,6,0
8.1,0.53,0.22,2.2,0.078,33,89,0.99678,3.26,0.46,9.6,6,1
10.5,0.36,0.47,2.2,0.074,9,23,0.99638,3.23,0.76,12,6,2
12.6,0.39,0.49,2.5,0.08,8,20,0.9992,3.07,0.82,10.3,6,2
9.2,0.46,0.23,2.6,0.091,18,77,0.99922,3.15,0.51,9.4,5,1
7.5,0.58,0.03,4.1,0.08,27,46,0.99592,3.02,0.47,9.2,5,0
9,0.58,0.25,2,0.104,8,21,0.99769,3.27,0.72,9.6,5,2
5.1,0.42,0,1.8,0.044,18,88,0.99157,3.68,0.73,13.6,7,1
7.6,0.43,0.29,2.1,0.075,19,66,0.99718,3.4,0.64,9.5,5,0
7.7,0.18,0.34,2.7,0.066,15,58,0.9947,3.37,0.78,11.8,6,0
7.8,0.815,0.01,2.6,0.074,48,90,0.99621,3.38,0.62,10.8,5,1
7.6,0.43,0.29,2.1,0.075,19,66,0.99718,3.4,0.64,9.5,5,0
10.2,0.23,0.37,2.2,0.057,14,36,0.99614,3.23,0.49,9.3,4,0
7.1,0.75,0.01,2.2,0.059,11,18,0.99242,3.39,0.4,12.8,6,2
6,0.33,0.32,12.9,0.054,6,113,0.99572,3.3,0.56,11.5,4,1
7.8,0.55,0,1.7,0.07,7,17,0.99659,3.26,0.64,9.4,6,2
7.1,0.75,0.01,2.2,0.059,11,18,0.99242,3.39,0.4,12.8,6,2
8.1,0.73,0,2.5,0.081,12,24,0.99798,3.38,0.46,9.6,4,2
6.5,0.67,0,4.3,0.057,11,20,0.99488,3.45,0.56,11.8,4,2
7.5,0.61,0.2,1.7,0.076,36,60,0.99494,3.1,0.4,9.3,5,0
9.8,0.37,0.39,2.5,0.079,28,65,0.99729,3.16,0.59,9.8,5,0
9,0.4,0.41,2,0.058,15,40,0.99414,3.22,0.6,12.2,6,0
8.3,0.56,0.22,2.4,0.082,10,86,0.9983,3.37,0.62,9.5,5,1
5.9,0.29,0.25,13.4,0.067,72,160,0.99721,3.33,0.54,10.3,6,3
7.4,0.55,0.19,1.8,0.082,15,34,0.99655,3.49,0.68,10.5,5,0
7.4,0.74,0.07,1.7,0.086,15,48,0.99502,3.12,0.48,10,5,0
7.4,0.55,0.19,1.8,0.082,15,34,0.99655,3.49,0.68,10.5,5,0
6.9,0.41,0.33,2.2,0.081,22,36,0.9949,3.41,0.75,11.1,6,0
7.1,0.6,0.01,2.3,0.079,24,37,0.99514,3.4,0.61,10.9,6,0
7.1,0.6,0.01,2.3,0.079,24,37,0.99514,3.4,0.61,10.9,6,0
7.5,0.58,0.14,2.2,0.077,27,60,0.9963,3.28,0.59,9.8,5,0
7.1,0.72,0,1.8,0.123,6,14,0.99627,3.45,0.58,9.8,5,4
7.9,0.66,0,1.4,0.096,6,13,0.99569,3.43,0.58,9.5,5,4
7.8,0.7,0.06,1.9,0.079,20,35,0.99628,3.4,0.69,10.9,5,0
6.1,0.64,0.02,2.4,0.069,26,46,0.99358,3.47,0.45,11,5,0
7.5,0.59,0.22,1.8,0.082,43,60,0.99499,3.1,0.42,9.2,5,0
7,0.58,0.28,4.8,0.085,12,69,0.99633,3.32,0.7,11,6,0
6.8,0.64,0,2.7,0.123,15,33,0.99538,3.44,0.63,11.3,6,0
6.8,0.64,0,2.7,0.123,15,33,0.99538,3.44,0.63,11.3,6,0
8.6,0.635,0.68,1.8,0.403,19,56,0.99632,3.02,1.15,9.3,5,0
6.3,1.02,0,2,0.083,17,24,0.99437,3.59,0.55,11.2,4,2
9.8,0.45,0.38,2.5,0.081,34,66,0.99726,3.15,0.58,9.8,5,0
8.2,0.78,0,2.2,0.089,13,26,0.9978,3.37,0.46,9.6,4,2
8.5,0.37,0.32,1.8,0.066,26,51,0.99456,3.38,0.72,11.8,6,0
7.2,0.57,0.05,2.3,0.081,16,36,0.99564,3.38,0.6,10.3,6,0
7.2,0.57,0.05,2.3,0.081,16,36,0.99564,3.38,0.6,10.3,6,0
10.4,0.43,0.5,2.3,0.068,13,19,0.996,3.1,0.87,11.4,6,2
6.9,0.41,0.31,2,0.079,21,51,0.99668,3.47,0.55,9.5,6,0
5.5,0.49,0.03,1.8,0.044,28,87,0.9908,3.5,0.82,14,8,1
5,0.38,0.01,1.6,0.048,26,60,0.99084,3.7,0.75,14,6,0
7.3,0.44,0.2,1.6,0.049,24,64,0.9935,3.38,0.57,11.7,6,0
5.9,0.46,0,1.9,0.077,25,44,0.99385,3.5,0.53,11.2,5,0
7.5,0.58,0.2,2,0.073,34,44,0.99494,3.1,0.43,9.3,5,0
7.8,0.58,0.13,2.1,0.102,17,36,0.9944,3.24,0.53,11.2,6,0
8,0.715,0.22,2.3,0.075,13,81,0.99688,3.24,0.54,9.5,6,1
8.5,0.4,0.4,6.3,0.05,3,10,0.99566,3.28,0.56,12,4,4
7,0.69,0,1.9,0.114,3,10,0.99636,3.35,0.6,9.7,6,4
8,0.715,0.22,2.3,0.075,13,81,0.99688,3.24,0.54,9.5,6,1
9.8,0.3,0.39,1.7,0.062,3,9,0.9948,3.14,0.57,11.5,7,4
7.1,0.46,0.2,1.9,0.077,28,54,0.9956,3.37,0.64,10.4,6,0
7.1,0.46,0.2,1.9,0.077,28,54,0.9956,3.37,0.64,10.4,6,0
7.9,0.765,0,2,0.084,9,22,0.99619,3.33,0.68,10.9,6,2
8.7,0.63,0.28,2.7,0.096,17,69,0.99734,3.26,0.63,10.2,6,0
7,0.42,0.19,2.3,0.071,18,36,0.99476,3.39,0.56,10.9,5,0
11.3,0.37,0.5,1.8,0.09,20,47,0.99734,3.15,0.57,10.5,5,0
7.1,0.16,0.44,2.5,0.068,17,31,0.99328,3.35,0.54,12.4,6,2
8,0.6,0.08,2.6,0.056,3,7,0.99286,3.22,0.37,13,5,4
7,0.6,0.3,4.5,0.068,20,110,0.99914,3.3,1.17,10.2,5,1
7,0.6,0.3,4.5,0.068,20,110,0.99914,3.3,1.17,10.2,5,1
7.6,0.74,0,1.9,0.1,6,12,0.99521,3.36,0.59,11,5,4
8.2,0.635,0.1,2.1,0.073,25,60,0.99638,3.29,0.75,10.9,6,0
5.9,0.395,0.13,2.4,0.056,14,28,0.99362,3.62,0.67,12.4,6,2
7.5,0.755,0,1.9,0.084,6,12,0.99672,3.34,0.49,9.7,4,4
8.2,0.635,0.1,2.1,0.073,25,60,0.99638,3.29,0.75,10.9,6,0
6.6,0.63,0,4.3,0.093,51,77.5,0.99558,3.2,0.45,9.5,5,1
6.6,0.63,0,4.3,0.093,51,77.5,0.99558,3.2,0.45,9.5,5,1
7.2,0.53,0.14,2.1,0.064,15,29,0.99323,3.35,0.61,12.1,6,2
5.7,0.6,0,1.4,0.063,11,18,0.99191,3.45,0.56,12.2,6,2
7.6,1.58,0,2.1,0.137,5,9,0.99476,3.5,0.4,10.9,3,4
5.2,0.645,0,2.15,0.08,15,28,0.99444,3.78,0.61,12.5,6,2
6.7,0.86,0.07,2,0.1,20,57,0.99598,3.6,0.74,11.7,6,0
9.1,0.37,0.32,2.1,0.064,4,15,0.99576,3.3,0.8,11.2,6,4
8,0.28,0.44,1.8,0.081,28,68,0.99501,3.36,0.66,11.2,5,0
7.6,0.79,0.21,2.3,0.087,21,68,0.9955,3.12,0.44,9.2,5,0
7.5,0.61,0.26,1.9,0.073,24,88,0.99612,3.3,0.53,9.8,5,1
9.7,0.69,0.32,2.5,0.088,22,91,0.9979,3.29,0.62,10.1,5,1
6.8,0.68,0.09,3.9,0.068,15,29,0.99524,3.41,0.52,11.1,4,2
9.7,0.69,0.32,2.5,0.088,22,91,0.9979,3.29,0.62,10.1,5,1
7,0.62,0.1,1.4,0.071,27,63,0.996,3.28,0.61,9.2,5,0
7.5,0.61,0.26,1.9,0.073,24,88,0.99612,3.3,0.53,9.8,5,1
6.5,0.51,0.15,3,0.064,12,27,0.9929,3.33,0.59,12.8,6,2
8,1.18,0.21,1.9,0.083,14,41,0.99532,3.34,0.47,10.5,5,0
7,0.36,0.21,2.3,0.086,20,65,0.99558,3.4,0.54,10.1,6,0
7,0.36,0.21,2.4,0.086,24,69,0.99556,3.4,0.53,10.1,6,0
7.5,0.63,0.27,2,0.083,17,91,0.99616,3.26,0.58,9.8,6,1
5.4,0.74,0,1.2,0.041,16,46,0.99258,4.01,0.59,12.5,6,0
9.9,0.44,0.46,2.2,0.091,10,41,0.99638,3.18,0.69,11.9,6,0
7.5,0.63,0.27,2,0.083,17,91,0.99616,3.26,0.58,9.8,6,1
9.1,0.76,0.68,1.7,0.414,18,64,0.99652,2.9,1.33,9.1,6,0
9.7,0.66,0.34,2.6,0.094,12,88,0.99796,3.26,0.66,10.1,5,1
5,0.74,0,1.2,0.041,16,46,0.99258,4.01,0.59,12.5,6,0
9.1,0.34,0.42,1.8,0.058,9,18,0.99392,3.18,0.55,11.4,5,2
9.1,0.36,0.39,1.8,0.06,21,55,0.99495,3.18,0.82,11,7,0
6.7,0.46,0.24,1.7,0.077,18,34,0.9948,3.39,0.6,10.6,6,0
6.7,0.46,0.24,1.7,0.077,18,34,0.9948,3.39,0.6,10.6,6,0
6.7,0.46,0.24,1.7,0.077,18,34,0.9948,3.39,0.6,10.6,6,0
6.7,0.46,0.24,1.7,0.077,18,34,0.9948,3.39,0.6,10.6,6,0
6.5,0.52,0.11,1.8,0.073,13,38,0.9955,3.34,0.52,9.3,5,0
7.4,0.6,0.26,2.1,0.083,17,91,0.99616,3.29,0.56,9.8,6,1
7.4,0.6,0.26,2.1,0.083,17,91,0.99616,3.29,0.56,9.8,6,1
7.8,0.87,0.26,3.8,0.107,31,67,0.99668,3.26,0.46,9.2,5,0
8.4,0.39,0.1,1.7,0.075,6,25,0.99581,3.09,0.43,9.7,6,2
9.1,0.775,0.22,2.2,0.079,12,48,0.9976,3.18,0.51,9.6,5,0
7.2,0.835,0,2,0.166,4,11,0.99608,3.39,0.52,10,5,4
6.6,0.58,0.02,2.4,0.069,19,40,0.99387,3.38,0.66,12.6,6,0
6,0.5,0,1.4,0.057,15,26,0.99448,3.36,0.45,9.5,5,2
6,0.5,0,1.4,0.057,15,26,0.99448,3.36,0.45,9.5,5,2
6,0.5,0,1.4,0.057,15,26,0.99448,3.36,0.45,9.5,5,2
7.5,0.51,0.02,1.7,0.084,13,31,0.99538,3.36,0.54,10.5,6,2
7.5,0.51,0.02,1.7,0.084,13,31,0.99538,3.36,0.54,10.5,6,2
7.5,0.51,0.02,1.7,0.084,13,31,0.99538,3.36,0.54,10.5,6,2
7.6,0.54,0.02,1.7,0.085,17,31,0.99589,3.37,0.51,10.4,6,2
7.5,0.51,0.02,1.7,0.084,13,31,0.99538,3.36,0.54,10.5,6,2
11.5,0.42,0.48,2.6,0.077,8,20,0.99852,3.09,0.53,11,5,2
8.2,0.44,0.24,2.3,0.063,10,28,0.99613,3.25,0.53,10.2,6,2
6.1,0.59,0.01,2.1,0.056,5,13,0.99472,3.52,0.56,11.4,5,4
7.2,0.655,0.03,1.8,0.078,7,12,0.99587,3.34,0.39,9.5,5,4
7.2,0.655,0.03,1.8,0.078,7,12,0.99587,3.34,0.39,9.5,5,4
6.9,0.57,0,2.8,0.081,21,41,0.99518,3.41,0.52,10.8,5,0
9,0.6,0.29,2,0.069,32,73,0.99654,3.34,0.57,10,5,0
7.2,0.62,0.01,2.3,0.065,8,46,0.99332,3.32,0.51,11.8,6,0
7.6,0.645,0.03,1.9,0.086,14,57,0.9969,3.37,0.46,10.3,5,0
7.6,0.645,0.03,1.9,0.086,14,57,0.9969,3.37,0.46,10.3,5,0
7.2,0.58,0.03,2.3,0.077,7,28,0.99568,3.35,0.52,10,5,2
6.1,0.32,0.25,1.8,0.086,5,32,0.99464,3.36,0.44,10.1,5,2
6.1,0.34,0.25,1.8,0.084,4,28,0.99464,3.36,0.44,10.1,5,2
7.3,0.43,0.24,2.5,0.078,27,67,0.99648,3.6,0.59,11.1,6,0
7.4,0.64,0.17,5.4,0.168,52,98,0.99736,3.28,0.5,9.5,5,1
11.6,0.475,0.4,1.4,0.091,6,28,0.99704,3.07,0.65,10.0333,6,2
9.2,0.54,0.31,2.3,0.112,11,38,0.99699,3.24,0.56,10.9,5,0
8.3,0.85,0.14,2.5,0.093,13,54,0.99724,3.36,0.54,10.1,5,0
11.6,0.475,0.4,1.4,0.091,6,28,0.99704,3.07,0.65,10.0333,6,2
8,0.83,0.27,2,0.08,11,63,0.99652,3.29,0.48,9.8,4,0
7.2,0.605,0.02,1.9,0.096,10,31,0.995,3.46,0.53,11.8,6,2
7.8,0.5,0.09,2.2,0.115,10,42,0.9971,3.18,0.62,9.5,5,0
7.3,0.74,0.08,1.7,0.094,10,45,0.99576,3.24,0.5,9.8,5,0
6.9,0.54,0.3,2.2,0.088,9,105,0.99725,3.25,1.18,10.5,6,1
8,0.77,0.32,2.1,0.079,16,74,0.99656,3.27,0.5,9.8,6,0
6.6,0.61,0,1.6,0.069,4,8,0.99396,3.33,0.37,10.4,4,4
8.7,0.78,0.51,1.7,0.415,12,66,0.99623,3,1.17,9.2,5,0
7.5,0.58,0.56,3.1,0.153,5,14,0.99476,3.21,1.03,11.6,6,4
8.7,0.78,0.51,1.7,0.415,12,66,0.99623,3,1.17,9.2,5,0
7.7,0.75,0.27,3.8,0.11,34,89,0.99664,3.24,0.45,9.3,5,1
6.8,0.815,0,1.2,0.267,16,29,0.99471,3.32,0.51,9.8,3,2
7.2,0.56,0.26,2,0.083,13,100,0.99586,3.26,0.52,9.9,5,1
8.2,0.885,0.2,1.4,0.086,7,31,0.9946,3.11,0.46,10,5,2
5.2,0.49,0.26,2.3,0.09,23,74,0.9953,3.71,0.62,12.2,6,0
7.2,0.45,0.15,2,0.078,10,28,0.99609,3.29,0.51,9.9,6,2
7.5,0.57,0.02,2.6,0.077,11,35,0.99557,3.36,0.62,10.8,6,0
7.5,0.57,0.02,2.6,0.077,11,35,0.99557,3.36,0.62,10.8,6,0
6.8,0.83,0.09,1.8,0.074,4,25,0.99534,3.38,0.45,9.6,5,2
8,0.6,0.22,2.1,0.08,25,105,0.99613,3.3,0.49,9.9,5,1
8,0.6,0.22,2.1,0.08,25,105,0.99613,3.3,0.49,9.9,5,1
7.1,0.755,0.15,1.8,0.107,20,84,0.99593,3.19,0.5,9.5,5,1
8,0.81,0.25,3.4,0.076,34,85,0.99668,3.19,0.42,9.2,5,1
7.4,0.64,0.07,1.8,0.1,8,23,0.9961,3.3,0.58,9.6,5,2
7.4,0.64,0.07,1.8,0.1,8,23,0.9961,3.3,0.58,9.6,5,2
6.6,0.64,0.31,6.1,0.083,7,49,0.99718,3.35,0.68,10.3,5,0
6.7,0.48,0.02,2.2,0.08,36,111,0.99524,3.1,0.53,9.7,5,1
6,0.49,0,2.3,0.068,15,33,0.99292,3.58,0.59,12.5,6,0
8,0.64,0.22,2.4,0.094,5,33,0.99612,3.37,0.58,11,5,2
7.1,0.62,0.06,1.3,0.07,5,12,0.9942,3.17,0.48,9.8,5,4
8,0.52,0.25,2,0.078,19,59,0.99612,3.3,0.48,10.2,5,0
6.4,0.57,0.14,3.9,0.07,27,73,0.99669,3.32,0.48,9.2,5,0
8.6,0.685,0.1,1.6,0.092,3,12,0.99745,3.31,0.65,9.55,6,4
8.7,0.675,0.1,1.6,0.09,4,11,0.99745,3.31,0.65,9.55,5,4
8.07268,0.564956,0.327431,3.43426,0.0885302,32.0743,143.004,0.997014,3.23733,0.715642,9.91286,5.21776,3
7,0.6,0.12,2.2,0.083,13,28,0.9966,3.52,0.62,10.2,7,2
7.2,0.67,0,2.2,0.068,10,24,0.9956,3.42,0.72,11.1,6,2
7.9,0.69,0.21,2.1,0.08,33,141,0.9962,3.25,0.51,9.9,5,3
7.9,0.69,0.21,2.1,0.08,33,141,0.9962,3.25,0.51,9.9,5,3
7.6,0.3,0.42,2,0.052,6,24,0.9963,3.44,0.82,11.9,6,2
7.2,0.33,0.33,1.7,0.061,3,13,0.996,3.23,1.1,10,8,4
8,0.5,0.39,2.6,0.082,12,46,0.9985,3.43,0.62,10.7,6,0
7.7,0.28,0.3,2,0.062,18,34,0.9952,3.28,0.9,11.3,7,0
8.2,0.24,0.34,5.1,0.062,8,22,0.9974,3.22,0.94,10.9,6,2
6,0.51,0,2.1,0.064,40,54,0.995,3.54,0.93,10.7,6,0
8.1,0.29,0.36,2.2,0.048,35,53,0.995,3.27,1.01,12.4,7,0
6,0.51,0,2.1,0.064,40,54,0.995,3.54,0.93,10.7,6,0
6.6,0.96,0,1.8,0.082,5,16,0.9936,3.5,0.44,11.9,6,4
6.4,0.47,0.4,2.4,0.071,8,19,0.9963,3.56,0.73,10.6,6,2
8.2,0.24,0.34,5.1,0.062,8,22,0.9974,3.22,0.94,10.9,6,2
9.9,0.57,0.25,2,0.104,12,89,0.9963,3.04,0.9,10.1,5,1
10,0.32,0.59,2.2,0.077,3,15,0.9994,3.2,0.78,9.6,5,4
6.2,0.58,0,1.6,0.065,8,18,0.9966,3.56,0.84,9.4,5,2
10,0.32,0.59,2.2,0.077,3,15,0.9994,3.2,0.78,9.6,5,4
7.3,0.34,0.33,2.5,0.064,21,37,0.9952,3.35,0.77,12.1,7,0
7.8,0.53,0.01,1.6,0.077,3,19,0.995,3.16,0.46,9.8,5,2
7.7,0.64,0.21,2.2,0.077,32,133,0.9956,3.27,0.45,9.9,5,3
7.8,0.53,0.01,1.6,0.077,3,19,0.995,3.16,0.46,9.8,5,2
7.5,0.4,0.18,1.6,0.079,24,58,0.9965,3.34,0.58,9.4,5,0
7,0.54,0,2.1,0.079,39,55,0.9956,3.39,0.84,11.4,6,0
6.4,0.53,0.09,3.9,0.123,14,31,0.9968,3.5,0.67,11,4,2
8.3,0.26,0.37,1.4,0.076,8,23,0.9974,3.26,0.7,9.6,6,2
8.3,0.26,0.37,1.4,0.076,8,23,0.9974,3.26,0.7,9.6,6,2
7.7,0.23,0.37,1.8,0.046,23,60,0.9971,3.41,0.71,12.1,6,0
7.6,0.41,0.33,2.5,0.078,6,23,0.9957,3.3,0.58,11.2,5,2
7.8,0.64,0,1.9,0.072,27,55,0.9962,3.31,0.63,11,5,0
7.9,0.18,0.4,2.2,0.049,38,67,0.996,3.33,0.93,11.3,5,0
7.4,0.41,0.24,1.8,0.066,18,47,0.9956,3.37,0.62,10.4,5,0
7.6,0.43,0.31,2.1,0.069,13,74,0.9958,3.26,0.54,9.9,6,0
5.9,0.44,0,1.6,0.042,3,11,0.9944,3.48,0.85,11.7,6,4
6.1,0.4,0.16,1.8,0.069,11,25,0.9955,3.42,0.74,10.1,7,2
10.2,0.54,0.37,15.4,0.214,55,95,1.00369,3.18,0.77,9,6,1
10.2,0.54,0.37,15.4,0.214,55,95,1.00369,3.18,0.77,9,6,1
10,0.38,0.38,1.6,0.169,27,90,0.99914,3.15,0.65,8.5,5,1
6.8,0.915,0.29,4.8,0.07,15,39,0.99577,3.53,0.54,11.1,5,0
7,0.59,0,1.7,0.052,3,8,0.996,3.41,0.47,10.3,5,4
7.3,0.67,0.02,2.2,0.072,31,92,0.99566,3.32,0.68,11.0667,6,1
7.2,0.37,0.32,2,0.062,15,28,0.9947,3.23,0.73,11.3,7,2
7.4,0.785,0.19,5.2,0.094,19,98,0.99713,3.16,0.52,9.56667,6,1
6.9,0.63,0.02,1.9,0.078,18,30,0.99712,3.4,0.75,9.8,5,2
6.9,0.58,0.2,1.75,0.058,8,22,0.99322,3.38,0.49,11.7,5,2
7.3,0.67,0.02,2.2,0.072,31,92,0.99566,3.32,0.68,11.1,6,1
7.4,0.785,0.19,5.2,0.094,19,98,0.99713,3.16,0.52,9.6,6,1
6.9,0.63,0.02,1.9,0.078,18,30,0.99712,3.4,0.75,9.8,5,2
6.8,0.67,0,1.9,0.08,22,39,0.99701,3.4,0.74,9.7,5,0
6.9,0.58,0.01,1.9,0.08,40,54,0.99683,3.4,0.73,9.7,5,0
7.2,0.38,0.31,2,0.056,15,29,0.99472,3.23,0.76,11.3,8,2
7.2,0.37,0.32,2,0.062,15,28,0.9947,3.23,0.73,11.3,7,2
7.8,0.32,0.44,2.7,0.104,8,17,0.99732,3.33,0.78,11,7,2
6.6,0.58,0.02,2,0.062,37,53,0.99374,3.35,0.76,11.6,7,0
7.6,0.49,0.33,1.9,0.074,27,85,0.99706,3.41,0.58,9,5,1
11.7,0.45,0.63,2.2,0.073,7,23,0.99974,3.21,0.69,10.9,6,2
6.5,0.9,0,1.6,0.052,9,17,0.99467,3.5,0.63,10.9,6,2
6,0.54,0.06,1.8,0.05,38,89,0.99236,3.3,0.5,10.55,6,1
7.6,0.49,0.33,1.9,0.074,27,85,0.99706,3.41,0.58,9,5,1
8.4,0.29,0.4,1.7,0.067,8,20,0.99603,3.39,0.6,10.5,5,2
7.9,0.2,0.35,1.7,0.054,7,15,0.99458,3.32,0.8,11.9,7,4
6.4,0.42,0.09,2.3,0.054,34,64,0.99724,3.41,0.68,10.4,6,0
6.2,0.785,0,2.1,0.06,6,13,0.99664,3.59,0.61,10,4,4
6.8,0.64,0.03,2.3,0.075,14,31,0.99545,3.36,0.58,10.4,6,2
6.9,0.63,0.01,2.4,0.076,14,39,0.99522,3.34,0.53,10.8,6,0
6.8,0.59,0.1,1.7,0.063,34,53,0.9958,3.41,0.67,9.7,5,0
6.8,0.59,0.1,1.7,0.063,34,53,0.9958,3.41,0.67,9.7,5,0
7.3,0.48,0.32,2.1,0.062,31,54,0.99728,3.3,0.65,10,7,0
6.7,1.04,0.08,2.3,0.067,19,32,0.99648,3.52,0.57,11,4,0
7.3,0.48,0.32,2.1,0.062,31,54,0.99728,3.3,0.65,10,7,0
7.3,0.98,0.05,2.1,0.061,20,49,0.99705,3.31,0.55,9.7,3,0
10,0.69,0.11,1.4,0.084,8,24,0.99578,2.88,0.47,9.7,5,2
6.7,0.7,0.08,3.75,0.067,8,16,0.99334,3.43,0.52,12.6,5,2
7.6,0.35,0.6,2.6,0.073,23,44,0.99656,3.38,0.79,11.1,6,0
6.1,0.6,0.08,1.8,0.071,14,45,0.99336,3.38,0.54,11,5,0
9.9,0.5,0.5,13.8,0.205,48,82,1.00242,3.16,0.75,8.8,5,1
5.3,0.47,0.11,2.2,0.048,16,89,0.99182,3.54,0.88,13.5667,7,1
9.9,0.5,0.5,13.8,0.205,48,82,1.00242,3.16,0.75,8.8,5,1
5.3,0.47,0.11,2.2,0.048,16,89,0.99182,3.54,0.88,13.6,7,1
7.1,0.875,0.05,5.7,0.082,3,14,0.99808,3.4,0.52,10.2,3,4
8.2,0.28,0.6,3,0.104,10,22,0.99828,3.39,0.68,10.6,5,2
5.6,0.62,0.03,1.5,0.08,6,13,0.99498,3.66,0.62,10.1,4,4
8.2,0.28,0.6,3,0.104,10,22,0.99828,3.39,0.68,10.6,5,2
7.2,0.58,0.54,2.1,0.114,3,9,0.99719,3.33,0.57,10.3,4,4
8.1,0.33,0.44,1.5,0.042,6,12,0.99542,3.35,0.61,10.7,5,4
6.8,0.91,0.06,2,0.06,4,11,0.99592,3.53,0.64,10.9,4,4
7,0.655,0.16,2.1,0.074,8,25,0.99606,3.37,0.55,9.7,5,2
6.8,0.68,0.21,2.1,0.07,9,23,0.99546,3.38,0.6,10.3,5,2
6,0.64,0.05,1.9,0.066,9,17,0.99496,3.52,0.78,10.6,5,2
5.6,0.54,0.04,1.7,0.049,5,13,0.9942,3.72,0.58,11.4,5,4
6.2,0.57,0.1,2.1,0.048,4,11,0.99448,3.44,0.76,10.8,6,4
7.1,0.22,0.49,1.8,0.039,8,18,0.99344,3.39,0.56,12.4,6,2
5.6,0.54,0.04,1.7,0.049,5,13,0.9942,3.72,0.58,11.4,5,4
6.2,0.65,0.06,1.6,0.05,6,18,0.99348,3.57,0.54,11.95,5,2
7.7,0.54,0.26,1.9,0.089,23,147,0.99636,3.26,0.59,9.7,5,3
6.4,0.31,0.09,1.4,0.066,15,28,0.99459,3.42,0.7,10,7,2
7,0.43,0.02,1.9,0.08,15,28,0.99492,3.35,0.81,10.6,6,2
7.7,0.54,0.26,1.9,0.089,23,147,0.99636,3.26,0.59,9.7,5,3
6.9,0.74,0.03,2.3,0.054,7,16,0.99508,3.45,0.63,11.5,6,4
6.6,0.895,0.04,2.3,0.068,7,13,0.99582,3.53,0.58,10.8,6,4
6.9,0.74,0.03,2.3,0.054,7,16,0.99508,3.45,0.63,11.5,6,4
7.5,0.725,0.04,1.5,0.076,8,15,0.99508,3.26,0.53,9.6,5,4
7.8,0.82,0.29,4.3,0.083,21,64,0.99642,3.16,0.53,9.4,5,0
7.3,0.585,0.18,2.4,0.078,15,60,0.99638,3.31,0.54,9.8,5,0
6.2,0.44,0.39,2.5,0.077,6,14,0.99555,3.51,0.69,11,6,4
7.5,0.38,0.57,2.3,0.106,5,12,0.99605,3.36,0.55,11.4,6,4
6.7,0.76,0.02,1.8,0.078,6,12,0.996,3.55,0.63,9.95,3,4
6.8,0.81,0.05,2,0.07,6,14,0.99562,3.51,0.66,10.8,6,4
7.5,0.38,0.57,2.3,0.106,5,12,0.99605,3.36,0.55,11.4,6,4
7.1,0.27,0.6,2.1,0.074,17,25,0.99814,3.38,0.72,10.6,6,2
7.9,0.18,0.4,1.8,0.062,7,20,0.9941,3.28,0.7,11.1,5,2
6.4,0.36,0.21,2.2,0.047,26,48,0.99661,3.47,0.77,9.7,6,0
7.1,0.69,0.04,2.1,0.068,19,27,0.99712,3.44,0.67,9.8,5,2
6.4,0.79,0.04,2.2,0.061,11,17,0.99588,3.53,0.65,10.4,6,2
6.4,0.56,0.15,1.8,0.078,17,65,0.99294,3.33,0.6,10.5,6,0
6.9,0.84,0.21,4.1,0.074,16,65,0.99842,3.53,0.72,9.23333,6,0
6.9,0.84,0.21,4.1,0.074,16,65,0.99842,3.53,0.72,9.25,6,0
6.1,0.32,0.25,2.3,0.071,23,58,0.99633,3.42,0.97,10.6,5,0
6.5,0.53,0.06,2,0.063,29,44,0.99489,3.38,0.83,10.3,6,0
7.4,0.47,0.46,2.2,0.114,7,20,0.99647,3.32,0.63,10.5,5,2
6.6,0.7,0.08,2.6,0.106,14,27,0.99665,3.44,0.58,10.2,5,2
6.5,0.53,0.06,2,0.063,29,44,0.99489,3.38,0.83,10.3,6,0
6.9,0.48,0.2,1.9,0.082,9,23,0.99585,3.39,0.43,9.05,4,2
6.1,0.32,0.25,2.3,0.071,23,58,0.99633,3.42,0.97,10.6,5,0
6.8,0.48,0.25,2,0.076,29,61,0.9953,3.34,0.6,10.4,5,0
6,0.42,0.19,2,0.075,22,47,0.99522,3.39,0.78,10,6,0
6.7,0.48,0.08,2.1,0.064,18,34,0.99552,3.33,0.64,9.7,5,0
6.8,0.47,0.08,2.2,0.064,18,38,0.99553,3.3,0.65,9.6,6,0
7.1,0.53,0.07,1.7,0.071,15,24,0.9951,3.29,0.66,10.8,6,2
7.9,0.29,0.49,2.2,0.096,21,59,0.99714,3.31,0.67,10.1,6,0
7.1,0.69,0.08,2.1,0.063,42,52,0.99608,3.42,0.6,10.2,6,0
6.6,0.44,0.09,2.2,0.063,9,18,0.99444,3.42,0.69,11.3,6,2
6.1,0.705,0.1,2.8,0.081,13,28,0.99631,3.6,0.66,10.2,5,2
7.2,0.53,0.13,2,0.058,18,22,0.99573,3.21,0.68,9.9,6,2
8,0.39,0.3,1.9,0.074,32,84,0.99717,3.39,0.61,9,5,1
6.6,0.56,0.14,2.4,0.064,13,29,0.99397,3.42,0.62,11.7,7,2
7,0.55,0.13,2.2,0.075,15,35,0.9959,3.36,0.59,9.7,6,0
6.1,0.53,0.08,1.9,0.077,24,45,0.99528,3.6,0.68,10.3,6,0
5.4,0.58,0.08,1.9,0.059,20,31,0.99484,3.5,0.64,10.2,6,2
6.2,0.64,0.09,2.5,0.081,15,26,0.99538,3.57,0.63,12,5,2
7.2,0.39,0.32,1.8,0.065,34,60,0.99714,3.46,0.78,9.9,5,0
6.2,0.52,0.08,4.4,0.071,11,32,0.99646,3.56,0.63,11.6,6,2
7.4,0.25,0.29,2.2,0.054,19,49,0.99666,3.4,0.76,10.9,7,0
6.7,0.855,0.02,1.9,0.064,29,38,0.99472,3.3,0.56,10.75,6,0
11.1,0.44,0.42,2.2,0.064,14,19,0.99758,3.25,0.57,10.4,6,2
8.4,0.37,0.43,2.3,0.063,12,19,0.9955,3.17,0.81,11.2,7,2
6.5,0.63,0.33,1.8,0.059,16,28,0.99531,3.36,0.64,10.1,6,2
7,0.57,0.02,2,0.072,17,26,0.99575,3.36,0.61,10.2,5,2
6.3,0.6,0.1,1.6,0.048,12,26,0.99306,3.55,0.51,12.1,5,2
11.2,0.4,0.5,2,0.099,19,50,0.99783,3.1,0.58,10.4,5,0
7.4,0.36,0.3,1.8,0.074,17,24,0.99419,3.24,0.7,11.4,8,2
7.1,0.68,0,2.3,0.087,17,26,0.99783,3.45,0.53,9.5,5,2
7.1,0.67,0,2.3,0.083,18,27,0.99768,3.44,0.54,9.4,5,2
6.3,0.68,0.01,3.7,0.103,32,54,0.99586,3.51,0.66,11.3,6,0
7.3,0.735,0,2.2,0.08,18,28,0.99765,3.41,0.6,9.4,5,2
6.6,0.855,0.02,2.4,0.062,15,23,0.99627,3.54,0.6,11,6,2
7,0.56,0.17,1.7,0.065,15,24,0.99514,3.44,0.68,10.55,7,2
6.6,0.88,0.04,2.2,0.066,12,20,0.99636,3.53,0.56,9.9,5,2
6.6,0.855,0.02,2.4,0.062,15,23,0.99627,3.54,0.6,11,6,2
6.9,0.63,0.33,6.7,0.235,66,115,0.99787,3.22,0.56,9.5,5,1
7.8,0.6,0.26,2,0.08,31,131,0.99622,3.21,0.52,9.9,5,3
7.8,0.6,0.26,2,0.08,31,131,0.99622,3.21,0.52,9.9,5,3
7.8,0.6,0.26,2,0.08,31,131,0.99622,3.21,0.52,9.9,5,3
7.2,0.695,0.13,2,0.076,12,20,0.99546,3.29,0.54,10.1,5,2
7.2,0.695,0.13,2,0.076,12,20,0.99546,3.29,0.54,10.1,5,2
7.2,0.695,0.13,2,0.076,12,20,0.99546,3.29,0.54,10.1,5,2
6.7,0.67,0.02,1.9,0.061,26,42,0.99489,3.39,0.82,10.9,6,0
6.7,0.16,0.64,2.1,0.059,24,52,0.99494,3.34,0.71,11.2,6,0
7.2,0.695,0.13,2,0.076,12,20,0.99546,3.29,0.54,10.1,5,2
7,0.56,0.13,1.6,0.077,25,42,0.99629,3.34,0.59,9.2,5,0
6.2,0.51,0.14,1.9,0.056,15,34,0.99396,3.48,0.57,11.5,6,0
6.4,0.36,0.53,2.2,0.23,19,35,0.9934,3.37,0.93,12.4,6,0
6.4,0.38,0.14,2.2,0.038,15,25,0.99514,3.44,0.65,11.1,6,2
7.3,0.69,0.32,2.2,0.069,35,104,0.99632,3.33,0.51,9.5,5,1
6,0.58,0.2,2.4,0.075,15,50,0.99467,3.58,0.67,12.5,6,0
5.6,0.31,0.78,13.9,0.074,23,92,0.99677,3.39,0.48,10.5,6,1
7.5,0.52,0.4,2.2,0.06,12,20,0.99474,3.26,0.64,11.8,6,2
8,0.3,0.63,1.6,0.081,16,29,0.99588,3.3,0.78,10.8,6,2
6.2,0.7,0.15,5.1,0.076,13,27,0.99622,3.54,0.6,11.9,6,2
6.8,0.67,0.15,1.8,0.118,13,20,0.9954,3.42,0.67,11.3,6,2
6.2,0.56,0.09,1.7,0.053,24,32,0.99402,3.54,0.6,11.3,5,0
7.4,0.35,0.33,2.4,0.068,9,26,0.9947,3.36,0.6,11.9,6,2
6.2,0.56,0.09,1.7,0.053,24,32,0.99402,3.54,0.6,11.3,5,0
6.1,0.715,0.1,2.6,0.053,13,27,0.99362,3.57,0.5,11.9,5,2
6.2,0.46,0.29,2.1,0.074,32,98,0.99578,3.33,0.62,9.8,5,1
6.7,0.32,0.44,2.4,0.061,24,34,0.99484,3.29,0.8,11.6,7,0
7.2,0.39,0.44,2.6,0.066,22,48,0.99494,3.3,0.84,11.5,6,0
7.5,0.31,0.41,2.4,0.065,34,60,0.99492,3.34,0.85,11.4,6,0
5.8,0.61,0.11,1.8,0.066,18,28,0.99483,3.55,0.66,10.9,6,2
7.2,0.66,0.33,2.5,0.068,34,102,0.99414,3.27,0.78,12.8,6,1
6.6,0.725,0.2,7.8,0.073,29,79,0.9977,3.29,0.54,9.2,5,1
6.3,0.55,0.15,1.8,0.077,26,35,0.99314,3.32,0.82,11.6,6,0
5.4,0.74,0.09,1.7,0.089,16,26,0.99402,3.67,0.56,11.6,6,2
6.3,0.51,0.13,2.3,0.076,29,40,0.99574,3.42,0.75,11,6,0
6.8,0.62,0.08,1.9,0.068,28,38,0.99651,3.42,0.82,9.5,6,0
6.2,0.6,0.08,2,0.09,32,44,0.9949,3.45,0.58,10.5,5,0
5.9,0.55,0.1,2.2,0.062,39,51,0.99512,3.52,0.76,11.2,6,0
6.3,0.51,0.13,2.3,0.076,29,40,0.99574,3.42,0.75,11,6,0
5.9,0.645,0.12,2,0.075,32,44,0.99547,3.57,0.71,10.2,5,0
6,0.31,0.47,3.6,0.067,18,42,0.99549,3.39,0.66,11,6,0
9.18446,0.503063,0.397146,4.68617,0.076446,13.4258,98.4165,0.998195,3.23863,0.750117,9.92913,5.25991,1
8.74092,0.185229,0,1.74602,0.0397973,19.162,16.598,0.994081,3.53739,0.619878,10.4949,4.48544,2
7.37181,0.547682,0.0467608,3.06851,0.0591973,12.8238,26.6745,1.00024,3.30903,0.478859,11.2995,4.65011,2
8.68329,0.176923,0.0122435,2.81637,0.122223,17.6675,42.6635,0.996178,3.08285,0.53613,9.9321,6.48972,0
8.91791,0.212131,0.334108,1.99587,0.055607,22.2732,80.3829,0.998504,3.18155,0.605735,10.776,6.42384,1
7.48535,0.494576,0.0554603,0.9,0.125708,30.0614,44.099,0.998641,3.36694,0.548797,10.8081,6.87809,0
8.25726,0.807985,0,3.69763,0.0915634,12.7473,49.4863,0.992996,3.2772,0.718682,11.9979,5.21748,0
6.91197,0.437976,0.449297,3.00232,0.0625332,21.2438,49.6612,0.998575,3.20273,0.602608,10.0051,4.45413,0
8.83521,0.574565,0.271972,2.20805,0.0208517,11.4749,35.1941,0.995233,3.28621,0.726638,12.433,5.77701,0
8.76806,0.51449,0,2.50142,0.0903013,41.6408,40.14,0.997316,3.30575,0.46005,11.6409,6.24326,0
9.6969,0.364986,0.544242,0.9,0.115087,38.7874,13.8838,0.995678,3.3265,0.572806,8.77049,5.69139,2
6.47006,0.612622,0.0918707,4.7241,0.0506025,12.5061,73.2287,0.994424,3.34623,0.879719,8.70994,5.78513,0
8.77212,0.667813,0.0300162,0.9,0.112032,18.9814,54.7078,0.997401,3.20613,0.697517,10.7353,5.05913,0
11.5681,0.612665,0.0389083,3.4645,0.0415929,24.108,84.5802,0.995198,3.45985,0.728118,11.299,7.16781,1
7.89239,0.392857,0.0976972,1.38857,0.0838377,19.4434,55.5696,0.998308,3.31312,0.904533,10.1409,7.83275,0
9.40898,0.374338,0.0623645,3.21906,0.0769492,23.3435,62.0351,0.996609,3.18038,0.401372,9.94715,6.32762,0
8.6924,0.304759,0.304711,3.08208,0.0458675,17.4829,48.3826,0.99459,3.36635,0.753206,11.5772,6.48704,0
5.92098,0.359894,0.371305,3.26321,0.111707,56.1751,65.2474,0.99889,3.4584,0.768564,10.087,6.24894,0
6.97407,0.485416,0.176426,2.65424,0.196407,1,69.0425,0.993703,3.23825,0.842734,10.4915,4.76567,0
7.07422,0.649509,0.128699,2.844,0.0896114,9.05908,116.994,0.997943,2.99846,0.689754,9.71774,6.32442,1
6.93978,0.507276,0.369348,3.75946,0.0309742,12.376,30.8443,0.995514,3.58368,0.726796,9.0793,6.37726,2
12.0145,0.712693,0,1.85607,0.147094,8.47259,61.0674,0.998209,3.16801,0.648059,8.4,4.80876,0
7.87989,0.304393,0.588971,0.9,0.0667557,17.2425,93.8789,0.994037,3.49069,0.659883,9.37702,6.0092,1
8.66622,0.420346,0.284573,1.99554,0.0928093,22.8009,98.6403,0.994411,3.64042,0.33,10.2612,6.11113,1
8.80887,0.41632,0.230433,1.84371,0.0597279,24.7619,58.2119,0.995439,3.45,0.710238,11.2892,6.14449,0
6.87628,0.427515,0.416549,3.39938,0.0864828,17.1022,88.497,0.99563,3.39558,0.623876,10.191,6.52336,1
9.75677,0.673487,0.525284,2.56842,0.119563,12.6295,57.1314,0.996501,3.32609,0.759032,9.55103,7.32577,0
6.56806,0.310408,0.496577,3.65499,0.116841,22.4475,46.0649,0.995053,3.32282,0.543365,11.4621,5.51726,0
6.88237,0.470273,0.351415,1.74399,0.0487685,18.4239,54.526,0.99579,3.23839,0.697483,8.87981,4.4994,0
7.06876,0.489601,0.331541,4.61895,0.127833,14.2019,45.8422,0.994855,3.30825,0.609219,10.7669,4.96798,0
9.22387,0.802272,0.249789,3.10519,0.119948,11.6781,53.8394,0.99677,3.32619,0.527118,10.4491,6.03819,0
10.8462,0.699587,0.690418,1.4569,0.128523,17.7927,118.502,0.995221,3.18147,0.556548,8.4,5.21144,1
6.99791,0.55475,0.33755,5.18407,0.132199,9.84042,16.9142,0.997675,3.10729,0.968594,11.6799,5.25713,2
5.33691,0.770244,0.248663,4.28404,0.0124243,9.60536,46.6403,0.996835,3.24163,0.763726,9.28525,5.52104,0
8.52908,0.619936,0.409599,0.953141,0.015263,29.2396,57.3994,0.995334,3.55059,0.677756,11.6797,5.69055,0
11.9076,0.842131,0.222477,3.90865,0.117841,30.191,14.7263,0.998042,3.47452,0.36003,9.16202,3.9892,2
7.85057,0.656303,0.563636,2.64327,0.164118,1.43884,6,0.996642,3.37041,0.652607,8.4,5.56405,4
6.04843,0.647732,0.342389,1.21364,0.0632812,4.79538,44.4059,0.998549,3.15893,0.743588,9.8579,4.99572,0
8.13329,0.34245,0.163124,0.9,0.179937,16.2438,23.4501,0.997151,3.29377,0.620693,11.0775,6.24776,2
7.39598,0.424715,0.217395,0.9,0.0161536,30.1726,100.58,0.996277,3.40013,0.710908,13.704,6.54016,1
8.09692,0.356722,0,2.82567,0.0518687,1,25.1986,0.994705,3.57158,0.807593,10.4145,6.83118,2
8.45434,0.373599,0.567682,3.29863,0.0386482,13.8839,17.664,0.994137,3.4541,0.981808,8.93258,6.09066,2
7.18681,0.440596,0.155577,1.32064,0.0897502,7.18305,55.3646,0.996652,3.27422,0.50431,9.80834,6.24605,0
9.19178,0.35278,0.290326,3.59821,0.012,21.5586,24.6706,0.997824,3.19328,0.352209,8.68856,5.67485,2
8.77184,0.365894,0.395374,0.9,0.0843565,3.2075,25.0254,0.996836,3.17828,0.592964,11.4954,5.17014,2
9.77466,0.325536,0.374182,4.57131,0.012,7.53927,65.4508,0.996363,3.36841,0.555769,10.5153,5.5103,0
10.3529,0.573377,0.336741,1.95809,0.0645172,11.3503,59.4434,0.995952,3.35585,1.00994,11.3513,5.37274,0
10.4111,0.454751,0,1.11748,0.012,12.198,47.0737,0.999911,3.36159,0.62101,11.3069,3.85038,0
8.72987,0.665851,0,4.15142,0.103398,11.5309,67.2834,1.00103,3.33919,0.700224,9.93346,4.94971,0
9.76533,0.37453,0.284917,1.86534,0.11001,19.3651,80.598,0.995784,3.26945,0.492242,9.94951,5.94072,1
9.63763,0.362698,0.440376,4.45016,0.106925,35.5065,21.0137,0.994398,3.0365,0.911739,11.1203,5.59113,2
8.80709,0.326291,0.747411,2.721,0.0926152,23.4666,62.2907,0.997169,3.18907,0.738066,12.4286,6.72254,0
11.0935,0.436282,0.0781995,2.36145,0.0900893,27.3203,6,0.999633,3.28672,0.58579,9.34442,4.29961,4
9.75286,0.540949,0.0196898,0.9,0.0716627,33.3331,37.9285,0.99391,3.27317,0.61192,8.4,5.59218,0
7.91756,0.652483,0.631154,4.12718,0.0748112,4.30049,131.119,0.996858,3.31326,0.654059,10.6341,5.51944,3
7.32084,0.4299,0.264595,1.77262,0.0539162,16.9882,38.0802,0.999585,2.90184,0.843167,11.7509,3.96162,0
7.72299,0.46131,0,1.44214,0.035197,34.2039,77.2472,0.999147,3.42253,0.466767,9.86402,6.03123,1
6.19179,0.65549,0.22416,2.01034,0.120928,20.522,34.5937,0.998935,3.14421,0.762554,11.055,5.38604,0
8.88747,0.303796,0.450977,2.27811,0.0628644,26.8477,23.2982,0.994088,3.07079,0.760872,9.05847,7.05314,2
4.6948,0.831587,0.312082,2.40245,0.0618198,20.0499,45.2298,0.998829,3.32875,0.683626,10.0355,5.59003,0
8.85555,0.221598,0.00834756,3.58675,0.0955084,13.9504,47.0742,0.997403,3.22778,0.526221,10.6317,4.84592,0
9.03045,0.222956,0.471456,3.20513,0.0995167,26.154,101.254,0.998661,3.02691,0.441252,9.75713,5.65709,1
9.22093,0.397869,0.307358,1.47377,0.0586853,1.16103,16.0977,0.994196,3.16045,0.836748,9.41124,7.76185,4
9.17855,0.560917,0.103767,3.52619,0.060374,17.1512,130.683,0.996565,3.48855,0.538956,10.3857,7.06607,3
7.22803,0.852357,0.408846,1.74577,0.117231,26.048,66.9224,0.993783,3.19885,0.616193,10.3437,6.13726,0
8.62903,0.288714,0.345039,3.39969,0.113813,27.1801,73.8999,0.997613,3.30028,0.376604,10.8808,5.80374,0
8.79248,0.299206,0.0603846,4.02368,0.0856049,23.0035,47.3993,0.996803,3.45597,0.570676,10.5254,5.2627,0
7.56314,0.47246,0.314248,1.8638,0.146569,6.51719,40.3206,0.995917,3.53451,0.691466,11.5226,4.43633,0
8.7846,0.687118,0.287005,4.04106,0.0631202,30.6169,122.091,0.996062,3.24233,0.904508,12.1063,5.21378,1
7.58805,0.477364,0.00907512,1.24357,0.0402064,7.84364,45.3268,0.997189,3.55049,0.488921,11.4719,5.46321,0
8.23352,0.648654,0.0522681,3.07798,0.0953007,21.026,55.9801,1.00138,3.21265,0.568141,9.75892,5.18744,0
7.20989,0.740725,0.547691,1.73409,0.0482915,20.806,28.3022,0.997941,3.34244,0.40122,12.0721,7.08632,2
7.25271,0.458399,0.326663,3.01037,0.118461,36.902,40.6471,0.99524,3.09817,0.534251,10.3877,7.08525,0
7.41843,0.567892,0.267776,4.21435,0.206397,10.322,30.3675,0.998717,3.41639,0.971179,11.0453,5.34587,2
9.34802,0.726345,0.430806,3.25403,0.13767,28.1059,91.9344,0.997971,3.28531,0.683018,11.7087,4.97629,1
8.96153,0.457389,0.276575,4.34133,0.0964607,16.3607,6,0.998155,3.41077,1.02484,10.095,5.813,4
8.75384,0.810279,0.252412,2.93221,0.116077,17.8269,31.7822,0.997113,3.47687,0.484147,10.5647,5.07063,2
10.4003,0.255079,0.162097,3.07065,0.161148,15.1872,28.2043,1.0003,3.08756,0.33,10.8919,5.23058,2
6.54157,0.654659,0.318468,1.7435,0.0272086,25.001,67.8564,0.99656,3.59621,0.476762,8.79728,5.07726,0
8.24027,0.571393,0.223983,3.03518,0.0285625,30.9769,43.7654,0.998855,3.36403,0.735572,11.0302,5.99758,0
9.43868,0.765818,0.309258,3.53845,0.0832431,30.9388,24.2176,1.00015,3.30491,0.415622,10.5595,5.08603,2
9.78328,0.410962,0.184059,0.9,0.0661786,1,6,0.998182,3.43243,0.730267,9.39251,5.59749,4
8.31336,0.320404,0.563839,3.77582,0.0770668,16.1562,53.3226,0.992893,3.27295,0.542548,9.35559,5.40901,0
11.4496,0.64257,0.159709,3.34611,0.153328,25.5467,48.4294,0.995526,3.41891,0.724847,11.377,6.14897,0
10.147,0.431981,0.527605,2.81741,0.185139,8.66591,103.573,0.99712,3.21054,0.576127,10.0816,5.97857,1
9.22994,0.425094,0.266231,5.55925,0.168774,20.4389,47.7179,0.996973,3.40583,0.484778,10.1487,4.28853,0
9.01472,0.643707,0.17685,4.75801,0.0297755,1,53.8512,0.998723,3.57109,0.580365,11.5725,5.60492,0
8.01908,0.686048,0.398049,0.9,0.15696,30.3109,25.8897,0.997494,3.38738,0.702335,9.83654,5.09364,2
8.27515,0.737809,0.37687,2.01627,0.123787,1,84.2568,0.993463,3.25516,0.468357,9.04328,6.57347,1
7.50532,0.589865,0.261835,3.2114,0.0910822,2.45462,79.2403,0.995815,3.0708,0.58558,12.0223,6.32264,1
7.7126,0.465283,0.208321,5.46687,0.105442,20.3732,80.3593,0.997197,3.27112,0.624866,10.3467,5.60596,1
9.58651,0.537122,0.413695,2.425,0.0911675,1,76.6107,0.997401,3.46519,0.33,12.6485,5.52329,0
10.2491,0.341615,0.390345,1.05357,0.0581087,35.896,40.1952,0.997157,3.44544,0.74217,10.5833,5.93075,0
12.5042,0.517503,0.31015,4.02015,0.139498,28.2914,67.479,0.994589,3.56329,0.463835,10.7455,5.02689,0
8.20797,0.586689,0.333576,3.13368,0.163416,20.619,38.4362,0.998566,3.49475,0.450061,11.0596,6.20227,0
7.80155,0.774154,0.241745,2.71586,0.0793209,16.0379,10.4055,0.994029,3.55728,0.514583,9.36649,3.89701,4
7.20714,0.290908,0.590842,3.96257,0.0550785,39.4358,78.7633,0.996134,2.92524,1.04648,8.94216,4.30725,1
10.1,0.964682,0.540633,3.33388,0.115459,24.8018,71.433,0.997277,3.3272,0.647539,9.61951,5.40936,0
5.37204,0.510212,0.0783969,0.982824,0.0959333,30.4355,76.6761,0.993783,3.15833,0.817616,9.37598,5.45462,1
9.27733,0.354429,0.291503,0.9,0.059163,19.2199,6,0.997578,3.30808,0.7518,10.6616,6.73766,4
7.4,0.7,0,1.9,0.076,11,34,0.9978,3.51,0.56,9.4,5,0
7.8,0.88,0,2.6,0.098,25,67,0.9968,3.2,0.68,9.8,5,0
7.8,0.76,0.04,2.3,0.092,15,54,0.997,3.26,0.65,9.8,5,0
